# Blender 5.1.1
# www.blender.org
mtllib ambiente_v1.mtl
o Restaurant_Floor
v -5.500000 -0.060000 4.750000
v -5.500000 0.000000 4.750000
v -5.500000 -0.060000 -4.750000
v -5.500000 0.000000 -4.750000
v 5.500000 -0.060000 4.750000
v 5.500000 0.000000 4.750000
v 5.500000 -0.060000 -4.750000
v 5.500000 0.000000 -4.750000
vn -1.0000 -0.0000 -0.0000
vn -0.0000 -0.0000 -1.0000
vn 1.0000 -0.0000 -0.0000
vn -0.0000 -0.0000 1.0000
vn -0.0000 -1.0000 -0.0000
vn -0.0000 1.0000 -0.0000
vt 0.375000 0.000000
vt 0.625000 0.000000
vt 0.625000 0.250000
vt 0.375000 0.250000
vt 0.625000 0.500000
vt 0.375000 0.500000
vt 0.625000 0.750000
vt 0.375000 0.750000
vt 0.625000 1.000000
vt 0.375000 1.000000
vt 0.125000 0.500000
vt 0.125000 0.750000
vt 0.875000 0.500000
vt 0.875000 0.750000
s 0
usemtl Restaurant_Floor_mat
f 1/1/1 2/2/1 4/3/1 3/4/1
f 3/4/2 4/3/2 8/5/2 7/6/2
f 7/6/3 8/5/3 6/7/3 5/8/3
f 5/8/4 6/7/4 2/9/4 1/10/4
f 3/11/5 7/6/5 5/8/5 1/12/5
f 8/5/6 4/13/6 2/14/6 6/7/6
o Back_Wall
v -5.500000 0.000000 -4.690000
v -5.500000 1.500000 -4.690000
v -5.500000 0.000000 -4.810000
v -5.500000 1.500000 -4.810000
v 5.500000 0.000000 -4.690000
v 5.500000 1.500000 -4.690000
v 5.500000 0.000000 -4.810000
v 5.500000 1.500000 -4.810000
vn -1.0000 -0.0000 -0.0000
vn -0.0000 -0.0000 -1.0000
vn 1.0000 -0.0000 -0.0000
vn -0.0000 -0.0000 1.0000
vn -0.0000 -1.0000 -0.0000
vn -0.0000 1.0000 -0.0000
vt 0.375000 0.000000
vt 0.625000 0.000000
vt 0.625000 0.250000
vt 0.375000 0.250000
vt 0.625000 0.500000
vt 0.375000 0.500000
vt 0.625000 0.750000
vt 0.375000 0.750000
vt 0.625000 1.000000
vt 0.375000 1.000000
vt 0.125000 0.500000
vt 0.125000 0.750000
vt 0.875000 0.500000
vt 0.875000 0.750000
s 0
usemtl Back_Wall_mat
f 9/15/7 10/16/7 12/17/7 11/18/7
f 11/18/8 12/17/8 16/19/8 15/20/8
f 15/20/9 16/19/9 14/21/9 13/22/9
f 13/22/10 14/21/10 10/23/10 9/24/10
f 11/25/11 15/20/11 13/22/11 9/26/11
f 16/19/12 12/27/12 10/28/12 14/21/12
o Front_Wall
v -5.500000 0.000000 4.810000
v -5.500000 1.500000 4.810000
v -5.500000 0.000000 4.690000
v -5.500000 1.500000 4.690000
v 5.500000 0.000000 4.810000
v 5.500000 1.500000 4.810000
v 5.500000 0.000000 4.690000
v 5.500000 1.500000 4.690000
vn -1.0000 -0.0000 -0.0000
vn -0.0000 -0.0000 -1.0000
vn 1.0000 -0.0000 -0.0000
vn -0.0000 -0.0000 1.0000
vn -0.0000 -1.0000 -0.0000
vn -0.0000 1.0000 -0.0000
vt 0.375000 0.000000
vt 0.625000 0.000000
vt 0.625000 0.250000
vt 0.375000 0.250000
vt 0.625000 0.500000
vt 0.375000 0.500000
vt 0.625000 0.750000
vt 0.375000 0.750000
vt 0.625000 1.000000
vt 0.375000 1.000000
vt 0.125000 0.500000
vt 0.125000 0.750000
vt 0.875000 0.500000
vt 0.875000 0.750000
s 0
usemtl Front_Wall_mat
f 17/29/13 18/30/13 20/31/13 19/32/13
f 19/32/14 20/31/14 24/33/14 23/34/14
f 23/34/15 24/33/15 22/35/15 21/36/15
f 21/36/16 22/35/16 18/37/16 17/38/16
f 19/39/17 23/34/17 21/36/17 17/40/17
f 24/33/18 20/41/18 18/42/18 22/35/18
o Left_Wall
v -5.560000 0.000000 4.750000
v -5.560000 1.500000 4.750000
v -5.560000 0.000000 -4.750000
v -5.560000 1.500000 -4.750000
v -5.440000 0.000000 4.750000
v -5.440000 1.500000 4.750000
v -5.440000 0.000000 -4.750000
v -5.440000 1.500000 -4.750000
vn -1.0000 -0.0000 -0.0000
vn -0.0000 -0.0000 -1.0000
vn 1.0000 -0.0000 -0.0000
vn -0.0000 -0.0000 1.0000
vn -0.0000 -1.0000 -0.0000
vn -0.0000 1.0000 -0.0000
vt 0.375000 0.000000
vt 0.625000 0.000000
vt 0.625000 0.250000
vt 0.375000 0.250000
vt 0.625000 0.500000
vt 0.375000 0.500000
vt 0.625000 0.750000
vt 0.375000 0.750000
vt 0.625000 1.000000
vt 0.375000 1.000000
vt 0.125000 0.500000
vt 0.125000 0.750000
vt 0.875000 0.500000
vt 0.875000 0.750000
s 0
usemtl Left_Wall_mat
f 25/43/19 26/44/19 28/45/19 27/46/19
f 27/46/20 28/45/20 32/47/20 31/48/20
f 31/48/21 32/47/21 30/49/21 29/50/21
f 29/50/22 30/49/22 26/51/22 25/52/22
f 27/53/23 31/48/23 29/50/23 25/54/23
f 32/47/24 28/55/24 26/56/24 30/49/24
o Right_Wall
v 5.440000 0.000000 4.750000
v 5.440000 1.500000 4.750000
v 5.440000 0.000000 -4.750000
v 5.440000 1.500000 -4.750000
v 5.560000 0.000000 4.750000
v 5.560000 1.500000 4.750000
v 5.560000 0.000000 -4.750000
v 5.560000 1.500000 -4.750000
vn -1.0000 -0.0000 -0.0000
vn -0.0000 -0.0000 -1.0000
vn 1.0000 -0.0000 -0.0000
vn -0.0000 -0.0000 1.0000
vn -0.0000 -1.0000 -0.0000
vn -0.0000 1.0000 -0.0000
vt 0.375000 0.000000
vt 0.625000 0.000000
vt 0.625000 0.250000
vt 0.375000 0.250000
vt 0.625000 0.500000
vt 0.375000 0.500000
vt 0.625000 0.750000
vt 0.375000 0.750000
vt 0.625000 1.000000
vt 0.375000 1.000000
vt 0.125000 0.500000
vt 0.125000 0.750000
vt 0.875000 0.500000
vt 0.875000 0.750000
s 0
usemtl Right_Wall_mat
f 33/57/25 34/58/25 36/59/25 35/60/25
f 35/60/26 36/59/26 40/61/26 39/62/26
f 39/62/27 40/61/27 38/63/27 37/64/27
f 37/64/28 38/63/28 34/65/28 33/66/28
f 35/67/29 39/62/29 37/64/29 33/68/29
f 40/61/30 36/69/30 34/70/30 38/63/30
o Robot_Base_Service_Counter
v -1.600000 0.000000 4.325000
v -1.600000 0.900000 4.325000
v -1.600000 0.000000 3.775000
v -1.600000 0.900000 3.775000
v 1.600000 0.000000 4.325000
v 1.600000 0.900000 4.325000
v 1.600000 0.000000 3.775000
v 1.600000 0.900000 3.775000
vn -1.0000 -0.0000 -0.0000
vn -0.0000 -0.0000 -1.0000
vn 1.0000 -0.0000 -0.0000
vn -0.0000 -0.0000 1.0000
vn -0.0000 -1.0000 -0.0000
vn -0.0000 1.0000 -0.0000
vt 0.375000 0.000000
vt 0.625000 0.000000
vt 0.625000 0.250000
vt 0.375000 0.250000
vt 0.625000 0.500000
vt 0.375000 0.500000
vt 0.625000 0.750000
vt 0.375000 0.750000
vt 0.625000 1.000000
vt 0.375000 1.000000
vt 0.125000 0.500000
vt 0.125000 0.750000
vt 0.875000 0.500000
vt 0.875000 0.750000
s 0
usemtl Robot_Base_Service_Counter_mat
f 41/71/31 42/72/31 44/73/31 43/74/31
f 43/74/32 44/73/32 48/75/32 47/76/32
f 47/76/33 48/75/33 46/77/33 45/78/33
f 45/78/34 46/77/34 42/79/34 41/80/34
f 43/81/35 47/76/35 45/78/35 41/82/35
f 48/75/36 44/83/36 42/84/36 46/77/36
o Base_Label
v -1.016225 1.188700 4.380000
v -0.880775 1.188700 4.380000
v -0.880775 0.950000 4.380000
v -1.019375 0.950000 4.380000
v -1.019375 0.980800 4.380000
v -0.915075 0.980800 4.380000
v -0.915075 1.055000 4.380000
v -1.012725 1.055000 4.380000
v -1.012725 1.085800 4.380000
v -0.915075 1.085800 4.380000
v -0.915075 1.157900 4.380000
v -1.016225 1.157900 4.380000
v -0.833875 1.175050 4.380000
v -0.829647 1.177733 4.380000
v -0.825365 1.180183 4.380000
v -0.821034 1.182400 4.380000
v -0.816660 1.184383 4.380000
v -0.812247 1.186133 4.380000
v -0.807800 1.187650 4.380000
v -0.803324 1.188933 4.380000
v -0.798823 1.189983 4.380000
v -0.794303 1.190800 4.380000
v -0.789769 1.191383 4.380000
v -0.785224 1.191733 4.380000
v -0.780675 1.191850 4.380000
v -0.770059 1.191339 4.380000
v -0.760117 1.189829 4.380000
v -0.750898 1.187360 4.380000
v -0.742447 1.183969 4.380000
v -0.734813 1.179692 4.380000
v -0.728044 1.174569 4.380000
v -0.722185 1.168636 4.380000
v -0.717286 1.161932 4.380000
v -0.713393 1.154493 4.380000
v -0.710553 1.146358 4.380000
v -0.708815 1.137565 4.380000
v -0.708225 1.128150 4.380000
v -0.710257 1.112974 4.380000
v -0.715873 1.099933 4.380000
v -0.724358 1.088666 4.380000
v -0.734994 1.078813 4.380000
v -0.747063 1.070015 4.380000
v -0.759850 1.061913 4.380000
v -0.772637 1.054145 4.380000
v -0.784707 1.046354 4.380000
v -0.795342 1.038178 4.380000
v -0.803827 1.029259 4.380000
v -0.809444 1.019236 4.380000
v -0.811475 1.007750 4.380000
v -0.811219 1.004364 4.380000
v -0.810444 1.000902 4.380000
v -0.809145 0.997436 4.380000
v -0.807314 0.994035 4.380000
v -0.804943 0.990771 4.380000
v -0.802025 0.987713 4.380000
v -0.798553 0.984932 4.380000
v -0.794519 0.982498 4.380000
v -0.789917 0.980483 4.380000
v -0.784739 0.978956 4.380000
v -0.778977 0.977988 4.380000
v -0.772625 0.977650 4.380000
v -0.766793 0.977904 4.380000
v -0.761031 0.978661 4.380000
v -0.755349 0.979914 4.380000
v -0.749758 0.981656 4.380000
v -0.744270 0.983878 4.380000
v -0.738894 0.986575 4.380000
v -0.733642 0.989738 4.380000
v -0.728525 0.993361 4.380000
v -0.723554 0.997436 4.380000
v -0.718740 1.001956 4.380000
v -0.714093 1.006913 4.380000
v -0.709625 1.012300 4.380000
v -0.709625 0.968900 4.380000
v -0.714637 0.965305 4.380000
v -0.719705 0.962041 4.380000
v -0.724845 0.959105 4.380000
v -0.730068 0.956494 4.380000
v -0.735388 0.954204 4.380000
v -0.740819 0.952231 4.380000
v -0.746374 0.950572 4.380000
v -0.752066 0.949222 4.380000
v -0.757909 0.948179 4.380000
v -0.763916 0.947438 4.380000
v -0.770100 0.946996 4.380000
v -0.776475 0.946850 4.380000
v -0.785878 0.947409 4.380000
v -0.794795 0.949046 4.380000
v -0.803163 0.951701 4.380000
v -0.810918 0.955315 4.380000
v -0.817997 0.959828 4.380000
v -0.824338 0.965181 4.380000
v -0.829876 0.971315 4.380000
v -0.834549 0.978168 4.380000
v -0.838294 0.985684 4.380000
v -0.841047 0.993800 4.380000
v -0.842745 1.002459 4.380000
v -0.843325 1.011600 4.380000
v -0.841293 1.029062 4.380000
v -0.835677 1.043758 4.380000
v -0.827192 1.056116 4.380000
v -0.816556 1.066563 4.380000
v -0.804487 1.075528 4.380000
v -0.791700 1.083437 4.380000
v -0.778913 1.090720 4.380000
v -0.766843 1.097804 4.380000
v -0.756208 1.105116 4.380000
v -0.747723 1.113084 4.380000
v -0.742106 1.122136 4.380000
v -0.740075 1.132700 4.380000
v -0.740398 1.136787 4.380000
v -0.741344 1.140633 4.380000
v -0.742880 1.144217 4.380000
v -0.744975 1.147517 4.380000
v -0.747595 1.150510 4.380000
v -0.750706 1.153175 4.380000
v -0.754277 1.155490 4.380000
v -0.758275 1.157433 4.380000
v -0.762666 1.158983 4.380000
v -0.767419 1.160117 4.380000
v -0.772499 1.160813 4.380000
v -0.777875 1.161050 4.380000
v -0.781971 1.160929 4.380000
v -0.786204 1.160546 4.380000
v -0.790562 1.159874 4.380000
v -0.795038 1.158885 4.380000
v -0.799620 1.157551 4.380000
v -0.804300 1.155844 4.380000
v -0.809067 1.153735 4.380000
v -0.813912 1.151198 4.380000
v -0.818825 1.148204 4.380000
v -0.823796 1.144725 4.380000
v -0.828816 1.140733 4.380000
v -0.833875 1.136200 4.380000
v -0.587475 1.190100 4.380000
v -0.563325 1.190100 4.380000
v -0.460775 0.950000 4.380000
v -0.495775 0.950000 4.380000
v -0.525875 1.020350 4.380000
v -0.627375 1.020350 4.380000
v -0.659225 0.950000 4.380000
v -0.694225 0.950000 4.380000
v -0.574875 1.137600 4.380000
v -0.613375 1.051150 4.380000
v -0.539175 1.051150 4.380000
v -0.289975 0.950000 4.380000
v -0.371875 0.950000 4.380000
v -0.386059 0.950692 4.380000
v -0.398723 0.952677 4.380000
v -0.409921 0.955819 4.380000
v -0.419708 0.959981 4.380000
v -0.428139 0.965029 4.380000
v -0.435269 0.970825 4.380000
v -0.441151 0.977234 4.380000
v -0.445842 0.984119 4.380000
v -0.449395 0.991344 4.380000
v -0.451865 0.998773 4.380000
v -0.453307 1.006271 4.380000
v -0.453775 1.013700 4.380000
v -0.453327 1.021563 4.380000
v -0.452002 1.029034 4.380000
v -0.449827 1.036084 4.380000
v -0.446827 1.042685 4.380000
v -0.443030 1.048810 4.380000
v -0.438462 1.054431 4.380000
v -0.433151 1.059520 4.380000
v -0.427123 1.064048 4.380000
v -0.420405 1.067988 4.380000
v -0.413023 1.071312 4.380000
v -0.405004 1.073992 4.380000
v -0.396375 1.076000 4.380000
v -0.396375 1.076700 4.380000
v -0.402311 1.079363 4.380000
v -0.407700 1.082284 4.380000
v -0.412546 1.085472 4.380000
v -0.416856 1.088937 4.380000
v -0.420637 1.092689 4.380000
v -0.423894 1.096738 4.380000
v -0.426633 1.101092 4.380000
v -0.428860 1.105763 4.380000
v -0.430582 1.110759 4.380000
v -0.431804 1.116091 4.380000
v -0.432533 1.121768 4.380000
v -0.432775 1.127800 4.380000
v -0.432311 1.135321 4.380000
v -0.430903 1.142763 4.380000
v -0.428526 1.150014 4.380000
v -0.425153 1.156967 4.380000
v -0.420759 1.163511 4.380000
v -0.415319 1.169538 4.380000
v -0.408807 1.174937 4.380000
v -0.401197 1.179600 4.380000
v -0.392465 1.183417 4.380000
v -0.382584 1.186279 4.380000
v -0.371529 1.188077 4.380000
v -0.359275 1.188700 4.380000
v -0.289975 1.188700 4.380000
v -0.324275 1.157900 4.380000
v -0.355775 1.157900 4.380000
v -0.363212 1.157587 4.380000
v -0.369798 1.156677 4.380000
v -0.375572 1.155215 4.380000
v -0.380573 1.153246 4.380000
v -0.384840 1.150816 4.380000
v -0.388413 1.147969 4.380000
v -0.391328 1.144750 4.380000
v -0.393627 1.141204 4.380000
v -0.395347 1.137376 4.380000
v -0.396527 1.133311 4.380000
v -0.397207 1.129054 4.380000
v -0.397425 1.124650 4.380000
v -0.397082 1.118532 4.380000
v -0.396049 1.112952 4.380000
v -0.394324 1.107910 4.380000
v -0.391903 1.103404 4.380000
v -0.388781 1.099432 4.380000
v -0.384956 1.095994 4.380000
v -0.380424 1.093088 4.380000
v -0.375181 1.090713 4.380000
v -0.369223 1.088868 4.380000
v -0.362547 1.087552 4.380000
v -0.355149 1.086763 4.380000
v -0.347025 1.086500 4.380000
v -0.324275 1.086500 4.380000
v -0.324275 1.055700 4.380000
v -0.365575 1.055700 4.380000
v -0.374188 1.055384 4.380000
v -0.382007 1.054459 4.380000
v -0.389041 1.052955 4.380000
v -0.395299 1.050904 4.380000
v -0.400789 1.048337 4.380000
v -0.405519 1.045287 4.380000
v -0.409498 1.041785 4.380000
v -0.412734 1.037863 4.380000
v -0.415237 1.033552 4.380000
v -0.417014 1.028883 4.380000
v -0.418074 1.023888 4.380000
v -0.418425 1.018600 4.380000
v -0.418188 1.014107 4.380000
v -0.417435 1.009602 4.380000
v -0.416101 1.005163 4.380000
v -0.414121 1.000867 4.380000
v -0.411432 0.996789 4.380000
v -0.407969 0.993006 4.380000
v -0.403667 0.989596 4.380000
v -0.398462 0.986633 4.380000
v -0.392290 0.984196 4.380000
v -0.385086 0.982360 4.380000
v -0.376786 0.981203 4.380000
v -0.367325 0.980800 4.380000
v -0.324275 0.980800 4.380000
v -0.160475 1.188700 4.380000
v 0.039025 1.188700 4.380000
v 0.039025 1.157900 4.380000
v -0.043575 1.157900 4.380000
v -0.043575 0.950000 4.380000
v -0.077875 0.950000 4.380000
v -0.077875 1.157900 4.380000
v -0.160475 1.157900 4.380000
v 0.317275 1.069350 4.380000
v 0.316259 1.053338 4.380000
v 0.313258 1.037793 4.380000
v 0.308345 1.022893 4.380000
v 0.301590 1.008813 4.380000
v 0.293066 0.995729 4.380000
v 0.282844 0.983819 4.380000
v 0.270996 0.973257 4.380000
v 0.257594 0.964220 4.380000
v 0.242709 0.956885 4.380000
v 0.226413 0.951428 4.380000
v 0.208778 0.948024 4.380000
v 0.189875 0.946850 4.380000
v 0.170350 0.948030 4.380000
v 0.152235 0.951452 4.380000
v 0.135587 0.956934 4.380000
v 0.120458 0.964298 4.380000
v 0.106905 0.973363 4.380000
v 0.094981 0.983950 4.380000
v 0.084742 0.995878 4.380000
v 0.076242 1.008968 4.380000
v 0.069535 1.023041 4.380000
v 0.064677 1.037915 4.380000
v 0.061722 1.053411 4.380000
v 0.060725 1.069350 4.380000
v 0.061749 1.085730 4.380000
v 0.064771 1.101514 4.380000
v 0.069721 1.116545 4.380000
v 0.076527 1.130665 4.380000
v 0.085117 1.143715 4.380000
v 0.095419 1.155537 4.380000
v 0.107362 1.165975 4.380000
v 0.120873 1.174869 4.380000
v 0.135882 1.182061 4.380000
v 0.152316 1.187394 4.380000
v 0.170105 1.190710 4.380000
v 0.189175 1.191850 4.380000
v 0.207944 1.190703 4.380000
v 0.225522 1.187370 4.380000
v 0.241823 1.182012 4.380000
v 0.256764 1.174791 4.380000
v 0.270261 1.165868 4.380000
v 0.282231 1.155406 4.380000
v 0.292590 1.143566 4.380000
v 0.301253 1.130509 4.380000
v 0.308137 1.116398 4.380000
v 0.313158 1.101393 4.380000
v 0.316232 1.085656 4.380000
v 0.281925 1.069350 4.380000
v 0.281116 1.082169 4.380000
v 0.278749 1.094320 4.380000
v 0.274914 1.105717 4.380000
v 0.269701 1.116276 4.380000
v 0.263200 1.125911 4.380000
v 0.255500 1.134537 4.380000
v 0.246692 1.142070 4.380000
v 0.236866 1.148424 4.380000
v 0.226111 1.153514 4.380000
v 0.214518 1.157255 4.380000
v 0.202176 1.159562 4.380000
v 0.189175 1.160350 4.380000
v 0.176094 1.159562 4.380000
v 0.163685 1.157255 4.380000
v 0.152037 1.153514 4.380000
v 0.141238 1.148424 4.380000
v 0.131377 1.142070 4.380000
v 0.122544 1.134537 4.380000
v 0.114826 1.125911 4.380000
v 0.108312 1.116276 4.380000
v 0.103091 1.105717 4.380000
v 0.099253 1.094320 4.380000
v 0.096884 1.082169 4.380000
v 0.096075 1.069350 4.380000
v 0.096884 1.056604 4.380000
v 0.099253 1.044502 4.380000
v 0.103091 1.033130 4.380000
v 0.108312 1.022580 4.380000
v 0.114826 1.012938 4.380000
v 0.122544 1.004294 4.380000
v 0.131377 0.996736 4.380000
v 0.141238 0.990354 4.380000
v 0.152037 0.985235 4.380000
v 0.163685 0.981469 4.380000
v 0.176094 0.979145 4.380000
v 0.189175 0.978350 4.380000
v 0.202176 0.979145 4.380000
v 0.214518 0.981469 4.380000
v 0.226111 0.985235 4.380000
v 0.236866 0.990354 4.380000
v 0.246692 0.996736 4.380000
v 0.255500 1.004294 4.380000
v 0.263200 1.012938 4.380000
v 0.269701 1.022580 4.380000
v 0.274914 1.033130 4.380000
v 0.278749 1.044502 4.380000
v 0.281116 1.056604 4.380000
v 0.503825 0.950000 4.380000
v 0.421925 0.950000 4.380000
v 0.407741 0.950692 4.380000
v 0.395077 0.952677 4.380000
v 0.383879 0.955819 4.380000
v 0.374092 0.959981 4.380000
v 0.365661 0.965029 4.380000
v 0.358531 0.970825 4.380000
v 0.352649 0.977234 4.380000
v 0.347958 0.984119 4.380000
v 0.344406 0.991344 4.380000
v 0.341935 0.998773 4.380000
v 0.340494 1.006271 4.380000
v 0.340025 1.013700 4.380000
v 0.340473 1.021563 4.380000
v 0.341798 1.029034 4.380000
v 0.343973 1.036084 4.380000
v 0.346973 1.042685 4.380000
v 0.350770 1.048810 4.380000
v 0.355338 1.054431 4.380000
v 0.360649 1.059520 4.380000
v 0.366677 1.064048 4.380000
v 0.373395 1.067988 4.380000
v 0.380777 1.071312 4.380000
v 0.388796 1.073992 4.380000
v 0.397425 1.076000 4.380000
v 0.397425 1.076700 4.380000
v 0.391489 1.079363 4.380000
v 0.386100 1.082284 4.380000
v 0.381254 1.085472 4.380000
v 0.376944 1.088937 4.380000
v 0.373163 1.092689 4.380000
v 0.369906 1.096738 4.380000
v 0.367167 1.101092 4.380000
v 0.364940 1.105763 4.380000
v 0.363218 1.110759 4.380000
v 0.361996 1.116091 4.380000
v 0.361267 1.121768 4.380000
v 0.361025 1.127800 4.380000
v 0.361489 1.135321 4.380000
v 0.362897 1.142763 4.380000
v 0.365274 1.150014 4.380000
v 0.368647 1.156967 4.380000
v 0.373041 1.163511 4.380000
v 0.378481 1.169538 4.380000
v 0.384993 1.174937 4.380000
v 0.392603 1.179600 4.380000
v 0.401335 1.183417 4.380000
v 0.411216 1.186279 4.380000
v 0.422271 1.188077 4.380000
v 0.434525 1.188700 4.380000
v 0.503825 1.188700 4.380000
v 0.469525 1.157900 4.380000
v 0.438025 1.157900 4.380000
v 0.430588 1.157587 4.380000
v 0.424002 1.156677 4.380000
v 0.418228 1.155215 4.380000
v 0.413227 1.153246 4.380000
v 0.408960 1.150816 4.380000
v 0.405388 1.147969 4.380000
v 0.402472 1.144750 4.380000
v 0.400173 1.141204 4.380000
v 0.398453 1.137376 4.380000
v 0.397273 1.133311 4.380000
v 0.396593 1.129054 4.380000
v 0.396375 1.124650 4.380000
v 0.396718 1.118532 4.380000
v 0.397751 1.112952 4.380000
v 0.399476 1.107910 4.380000
v 0.401897 1.103404 4.380000
v 0.405019 1.099432 4.380000
v 0.408844 1.095994 4.380000
v 0.413376 1.093088 4.380000
v 0.418619 1.090713 4.380000
v 0.424577 1.088868 4.380000
v 0.431253 1.087552 4.380000
v 0.438652 1.086763 4.380000
v 0.446775 1.086500 4.380000
v 0.469525 1.086500 4.380000
v 0.469525 1.055700 4.380000
v 0.428225 1.055700 4.380000
v 0.419612 1.055384 4.380000
v 0.411793 1.054459 4.380000
v 0.404759 1.052955 4.380000
v 0.398501 1.050904 4.380000
v 0.393011 1.048337 4.380000
v 0.388281 1.045287 4.380000
v 0.384302 1.041785 4.380000
v 0.381066 1.037863 4.380000
v 0.378563 1.033552 4.380000
v 0.376786 1.028883 4.380000
v 0.375726 1.023888 4.380000
v 0.375375 1.018600 4.380000
v 0.375612 1.014107 4.380000
v 0.376365 1.009602 4.380000
v 0.377699 1.005163 4.380000
v 0.379679 1.000867 4.380000
v 0.382368 0.996789 4.380000
v 0.385831 0.993006 4.380000
v 0.390133 0.989596 4.380000
v 0.395338 0.986633 4.380000
v 0.401510 0.984196 4.380000
v 0.408714 0.982360 4.380000
v 0.417014 0.981203 4.380000
v 0.426475 0.980800 4.380000
v 0.469525 0.980800 4.380000
v 0.802375 1.069350 4.380000
v 0.801359 1.053338 4.380000
v 0.798358 1.037793 4.380000
v 0.793445 1.022893 4.380000
v 0.786690 1.008813 4.380000
v 0.778166 0.995729 4.380000
v 0.767944 0.983819 4.380000
v 0.756096 0.973257 4.380000
v 0.742693 0.964220 4.380000
v 0.727809 0.956885 4.380000
v 0.711513 0.951428 4.380000
v 0.693878 0.948024 4.380000
v 0.674975 0.946850 4.380000
v 0.655450 0.948030 4.380000
v 0.637335 0.951452 4.380000
v 0.620687 0.956934 4.380000
v 0.605558 0.964298 4.380000
v 0.592005 0.973363 4.380000
v 0.580081 0.983950 4.380000
v 0.569842 0.995878 4.380000
v 0.561342 1.008968 4.380000
v 0.554635 1.023041 4.380000
v 0.549777 1.037915 4.380000
v 0.546822 1.053411 4.380000
v 0.545825 1.069350 4.380000
v 0.546848 1.085730 4.380000
v 0.549871 1.101514 4.380000
v 0.554821 1.116545 4.380000
v 0.561627 1.130665 4.380000
v 0.570217 1.143715 4.380000
v 0.580519 1.155537 4.380000
v 0.592462 1.165975 4.380000
v 0.605973 1.174869 4.380000
v 0.620982 1.182061 4.380000
v 0.637417 1.187394 4.380000
v 0.655205 1.190710 4.380000
v 0.674275 1.191850 4.380000
v 0.693044 1.190703 4.380000
v 0.710622 1.187370 4.380000
v 0.726923 1.182012 4.380000
v 0.741864 1.174791 4.380000
v 0.755361 1.165868 4.380000
v 0.767331 1.155406 4.380000
v 0.777690 1.143566 4.380000
v 0.786353 1.130509 4.380000
v 0.793237 1.116398 4.380000
v 0.798258 1.101393 4.380000
v 0.801332 1.085656 4.380000
v 0.767025 1.069350 4.380000
v 0.766216 1.082169 4.380000
v 0.763849 1.094320 4.380000
v 0.760014 1.105717 4.380000
v 0.754801 1.116276 4.380000
v 0.748300 1.125911 4.380000
v 0.740600 1.134537 4.380000
v 0.731792 1.142070 4.380000
v 0.721966 1.148424 4.380000
v 0.711211 1.153514 4.380000
v 0.699618 1.157255 4.380000
v 0.687276 1.159562 4.380000
v 0.674275 1.160350 4.380000
v 0.661194 1.159562 4.380000
v 0.648785 1.157255 4.380000
v 0.637137 1.153514 4.380000
v 0.626338 1.148424 4.380000
v 0.616477 1.142070 4.380000
v 0.607644 1.134537 4.380000
v 0.599926 1.125911 4.380000
v 0.593412 1.116276 4.380000
v 0.588191 1.105717 4.380000
v 0.584353 1.094320 4.380000
v 0.581984 1.082169 4.380000
v 0.581175 1.069350 4.380000
v 0.581984 1.056604 4.380000
v 0.584353 1.044502 4.380000
v 0.588191 1.033130 4.380000
v 0.593412 1.022580 4.380000
v 0.599926 1.012938 4.380000
v 0.607644 1.004294 4.380000
v 0.616477 0.996736 4.380000
v 0.626338 0.990354 4.380000
v 0.637137 0.985235 4.380000
v 0.648785 0.981469 4.380000
v 0.661194 0.979145 4.380000
v 0.674275 0.978350 4.380000
v 0.687276 0.979145 4.380000
v 0.699618 0.981469 4.380000
v 0.711211 0.985235 4.380000
v 0.721966 0.990354 4.380000
v 0.731792 0.996736 4.380000
v 0.740600 1.004294 4.380000
v 0.748300 1.012938 4.380000
v 0.754801 1.022580 4.380000
v 0.760014 1.033130 4.380000
v 0.763849 1.044502 4.380000
v 0.766216 1.056604 4.380000
v 1.002575 1.188700 4.380000
v 1.002575 0.950000 4.380000
v 0.968275 0.950000 4.380000
v 0.968275 1.053600 4.380000
v 0.953925 1.053600 4.380000
v 0.949604 1.053461 4.380000
v 0.945344 1.052958 4.380000
v 0.941073 1.051959 4.380000
v 0.936723 1.050333 4.380000
v 0.932222 1.047949 4.380000
v 0.927500 1.044675 4.380000
v 0.922486 1.040380 4.380000
v 0.917110 1.034933 4.380000
v 0.911302 1.028203 4.380000
v 0.904990 1.020058 4.380000
v 0.898104 1.010368 4.380000
v 0.890575 0.999000 4.380000
v 0.859075 0.950000 4.380000
v 0.818125 0.950000 4.380000
v 0.822027 0.955395 4.380000
v 0.825543 0.960257 4.380000
v 0.828723 0.964667 4.380000
v 0.831619 0.968706 4.380000
v 0.834282 0.972452 4.380000
v 0.836762 0.975987 4.380000
v 0.839112 0.979391 4.380000
v 0.841381 0.982744 4.380000
v 0.843620 0.986127 4.380000
v 0.845882 0.989618 4.380000
v 0.848216 0.993299 4.380000
v 0.850675 0.997250 4.380000
v 0.855131 1.004527 4.380000
v 0.859428 1.011483 4.380000
v 0.863614 1.018119 4.380000
v 0.867734 1.024433 4.380000
v 0.871835 1.030427 4.380000
v 0.875963 1.036100 4.380000
v 0.880163 1.041452 4.380000
v 0.884482 1.046483 4.380000
v 0.888967 1.051194 4.380000
v 0.893663 1.055583 4.380000
v 0.898617 1.059652 4.380000
v 0.903875 1.063400 4.380000
v 0.897723 1.066154 4.380000
v 0.892048 1.069334 4.380000
v 0.886862 1.072927 4.380000
v 0.882175 1.076920 4.380000
v 0.877999 1.081303 4.380000
v 0.874344 1.086062 4.380000
v 0.871221 1.091187 4.380000
v 0.868642 1.096663 4.380000
v 0.866616 1.102480 4.380000
v 0.865156 1.108625 4.380000
v 0.864272 1.115085 4.380000
v 0.863975 1.121850 4.380000
v 0.864595 1.131841 4.380000
v 0.866428 1.141142 4.380000
v 0.869433 1.149719 4.380000
v 0.873568 1.157537 4.380000
v 0.878791 1.164563 4.380000
v 0.885063 1.170763 4.380000
v 0.892340 1.176102 4.380000
v 0.900582 1.180546 4.380000
v 0.909748 1.184062 4.380000
v 0.919797 1.186616 4.380000
v 0.930686 1.188173 4.380000
v 0.942375 1.188700 4.380000
v 0.968275 1.159300 4.380000
v 0.946225 1.159300 4.380000
v 0.938324 1.159019 4.380000
v 0.931230 1.158185 4.380000
v 0.924919 1.156817 4.380000
v 0.919366 1.154931 4.380000
v 0.914547 1.152545 4.380000
v 0.910438 1.149675 4.380000
v 0.907014 1.146338 4.380000
v 0.904251 1.142552 4.380000
v 0.902125 1.138333 4.380000
v 0.900612 1.133698 4.380000
v 0.899686 1.128665 4.380000
v 0.899325 1.123250 4.380000
v 0.899473 1.118295 4.380000
v 0.900126 1.113445 4.380000
v 0.901338 1.108763 4.380000
v 0.903162 1.104311 4.380000
v 0.905653 1.100151 4.380000
v 0.908863 1.096344 4.380000
v 0.912846 1.092952 4.380000
v 0.917655 1.090039 4.380000
v 0.923344 1.087665 4.380000
v 0.929966 1.085892 4.380000
v 0.937576 1.084783 4.380000
v 0.946225 1.084400 4.380000
v 0.968275 1.084400 4.380000
vn -0.0000 -0.0000 1.0000
vt 0.181818 0.000000
vt 0.454545 0.000000
vt 0.545455 0.000000
vt 0.090909 0.000000
vt 0.818182 0.000000
vt 0.909091 0.000000
vt 0.272727 0.000000
vt 0.363636 0.000000
vt 0.636364 0.000000
vt 0.727273 0.000000
vt 1.000000 0.000000
vt 0.000000 0.000000
vt 0.471074 0.000000
vt 0.479339 0.000000
vt 0.504132 0.000000
vt 0.487603 0.000000
vt 0.495868 0.000000
vt 0.528926 0.000000
vt 0.537190 0.000000
vt 0.446281 0.000000
vt 0.520661 0.000000
vt 0.512397 0.000000
vt 0.462810 0.000000
vt 0.206612 0.000000
vt 0.214876 0.000000
vt 0.793388 0.000000
vt 0.198347 0.000000
vt 0.801653 0.000000
vt 0.190083 0.000000
vt 0.809917 0.000000
vt 0.173554 0.000000
vt 0.570248 0.000000
vt 0.421488 0.000000
vt 0.561983 0.000000
vt 0.586777 0.000000
vt 0.404959 0.000000
vt 0.578512 0.000000
vt 0.413223 0.000000
vt 0.603306 0.000000
vt 0.396694 0.000000
vt 0.595041 0.000000
vt 0.107438 0.000000
vt 0.884298 0.000000
vt 0.892562 0.000000
vt 0.115702 0.000000
vt 0.876033 0.000000
vt 0.247934 0.000000
vt 0.768595 0.000000
vt 0.239669 0.000000
vt 0.776860 0.000000
vt 0.132231 0.000000
vt 0.859504 0.000000
vt 0.867769 0.000000
vt 0.123967 0.000000
vt 0.553719 0.000000
vt 0.429752 0.000000
vt 0.438017 0.000000
vt 0.231405 0.000000
vt 0.223140 0.000000
vt 0.785124 0.000000
vt 0.826446 0.000000
vt 0.165289 0.000000
vt 0.834711 0.000000
vt 0.157025 0.000000
vt 0.842975 0.000000
vt 0.148760 0.000000
vt 0.851240 0.000000
vt 0.140496 0.000000
vt 0.099174 0.000000
vt 0.900826 0.000000
vt 0.917355 0.000000
vt 0.082645 0.000000
vt 0.925620 0.000000
vt 0.074380 0.000000
vt 0.380165 0.000000
vt 0.388430 0.000000
vt 0.611570 0.000000
vt 0.066116 0.000000
vt 0.933884 0.000000
vt 0.057851 0.000000
vt 0.619835 0.000000
vt 0.371901 0.000000
vt 0.628099 0.000000
vt 0.752066 0.000000
vt 0.264463 0.000000
vt 0.743802 0.000000
vt 0.991736 0.000000
vt 0.983471 0.000000
vt 0.669421 0.000000
vt 0.677686 0.000000
vt 0.322314 0.000000
vt 0.314050 0.000000
vt 0.685950 0.000000
vt 0.305785 0.000000
vt 0.694215 0.000000
vt 0.297521 0.000000
vt 0.702479 0.000000
vt 0.289256 0.000000
vt 0.710744 0.000000
vt 0.719008 0.000000
vt 0.975207 0.000000
vt 0.966942 0.000000
vt 0.008264 0.000000
vt 0.016529 0.000000
vt 0.958678 0.000000
vt 0.024793 0.000000
vt 0.355372 0.000000
vt 0.644628 0.000000
vt 0.347107 0.000000
vt 0.652893 0.000000
vt 0.338843 0.000000
vt 0.661157 0.000000
vt 0.330579 0.000000
vt 0.280992 0.000000
vt 0.735537 0.000000
vt 0.950413 0.000000
vt 0.033058 0.000000
vt 0.041322 0.000000
vt 0.942149 0.000000
vt 0.049587 0.000000
vt 0.256198 0.000000
vt 0.760331 0.000000
vt 0.200000 0.000000
vt 0.300000 0.000000
vt 0.400000 0.000000
vt 0.100000 0.000000
vt 0.800000 0.000000
vt 0.900000 0.000000
vt 0.500000 0.000000
vt 0.600000 0.000000
vt 0.700000 0.000000
vt 0.752381 0.000000
vt 0.485714 0.000000
vt 0.742857 0.000000
vt 0.495238 0.000000
vt 0.723810 0.000000
vt 0.733333 0.000000
vt 0.761905 0.000000
vt 0.714286 0.000000
vt 0.514286 0.000000
vt 0.476190 0.000000
vt 0.504762 0.000000
vt 0.990476 0.000000
vt 0.009524 0.000000
vt 0.980952 0.000000
vt 0.704762 0.000000
vt 0.771429 0.000000
vt 0.695238 0.000000
vt 0.533333 0.000000
vt 0.457143 0.000000
vt 0.523810 0.000000
vt 0.466667 0.000000
vt 0.971429 0.000000
vt 0.019048 0.000000
vt 0.028571 0.000000
vt 0.961905 0.000000
vt 0.238095 0.000000
vt 0.790476 0.000000
vt 0.247619 0.000000
vt 0.257143 0.000000
vt 0.676190 0.000000
vt 0.666667 0.000000
vt 0.780952 0.000000
vt 0.685714 0.000000
vt 0.552381 0.000000
vt 0.438095 0.000000
vt 0.542857 0.000000
vt 0.447619 0.000000
vt 0.219048 0.000000
vt 0.819048 0.000000
vt 0.209524 0.000000
vt 0.942857 0.000000
vt 0.047619 0.000000
vt 0.057143 0.000000
vt 0.933333 0.000000
vt 0.066667 0.000000
vt 0.923810 0.000000
vt 0.076190 0.000000
vt 0.914286 0.000000
vt 0.085714 0.000000
vt 0.904762 0.000000
vt 0.095238 0.000000
vt 0.104762 0.000000
vt 0.895238 0.000000
vt 0.114286 0.000000
vt 0.885714 0.000000
vt 0.123810 0.000000
vt 0.876190 0.000000
vt 0.133333 0.000000
vt 0.142857 0.000000
vt 0.866667 0.000000
vt 0.152381 0.000000
vt 0.857143 0.000000
vt 0.161905 0.000000
vt 0.847619 0.000000
vt 0.171429 0.000000
vt 0.180952 0.000000
vt 0.838095 0.000000
vt 0.190476 0.000000
vt 0.828571 0.000000
vt 0.038095 0.000000
vt 0.952381 0.000000
vt 0.809524 0.000000
vt 0.228571 0.000000
vt 0.266667 0.000000
vt 0.657143 0.000000
vt 0.276190 0.000000
vt 0.285714 0.000000
vt 0.647619 0.000000
vt 0.295238 0.000000
vt 0.304762 0.000000
vt 0.638095 0.000000
vt 0.314286 0.000000
vt 0.323810 0.000000
vt 0.628571 0.000000
vt 0.333333 0.000000
vt 0.342857 0.000000
vt 0.619048 0.000000
vt 0.352381 0.000000
vt 0.361905 0.000000
vt 0.609524 0.000000
vt 0.371429 0.000000
vt 0.380952 0.000000
vt 0.590476 0.000000
vt 0.390476 0.000000
vt 0.580952 0.000000
vt 0.409524 0.000000
vt 0.571429 0.000000
vt 0.419048 0.000000
vt 0.561905 0.000000
vt 0.428571 0.000000
vt 0.042105 0.000000
vt 0.052632 0.000000
vt 0.968421 0.000000
vt 0.978947 0.000000
vt 0.031579 0.000000
vt 0.989474 0.000000
vt 0.021053 0.000000
vt 0.010526 0.000000
vt 0.505263 0.000000
vt 0.494737 0.000000
vt 0.515789 0.000000
vt 0.484211 0.000000
vt 0.526316 0.000000
vt 0.473684 0.000000
vt 0.536842 0.000000
vt 0.463158 0.000000
vt 0.547368 0.000000
vt 0.452632 0.000000
vt 0.094737 0.000000
vt 0.926316 0.000000
vt 0.084211 0.000000
vt 0.936842 0.000000
vt 0.578947 0.000000
vt 0.589474 0.000000
vt 0.421053 0.000000
vt 0.410526 0.000000
vt 0.915789 0.000000
vt 0.105263 0.000000
vt 0.905263 0.000000
vt 0.610526 0.000000
vt 0.894737 0.000000
vt 0.115789 0.000000
vt 0.126316 0.000000
vt 0.884211 0.000000
vt 0.621053 0.000000
vt 0.389474 0.000000
vt 0.073684 0.000000
vt 0.947368 0.000000
vt 0.063158 0.000000
vt 0.957895 0.000000
vt 0.557895 0.000000
vt 0.442105 0.000000
vt 0.568421 0.000000
vt 0.431579 0.000000
vt 0.378947 0.000000
vt 0.631579 0.000000
vt 0.642105 0.000000
vt 0.368421 0.000000
vt 0.147368 0.000000
vt 0.852632 0.000000
vt 0.863158 0.000000
vt 0.357895 0.000000
vt 0.652632 0.000000
vt 0.663158 0.000000
vt 0.136842 0.000000
vt 0.873684 0.000000
vt 0.842105 0.000000
vt 0.157895 0.000000
vt 0.168421 0.000000
vt 0.831579 0.000000
vt 0.673684 0.000000
vt 0.684211 0.000000
vt 0.336842 0.000000
vt 0.347368 0.000000
vt 0.210526 0.000000
vt 0.789474 0.000000
vt 0.221053 0.000000
vt 0.778947 0.000000
vt 0.231579 0.000000
vt 0.768421 0.000000
vt 0.242105 0.000000
vt 0.757895 0.000000
vt 0.252632 0.000000
vt 0.263158 0.000000
vt 0.747368 0.000000
vt 0.273684 0.000000
vt 0.736842 0.000000
vt 0.284211 0.000000
vt 0.726316 0.000000
vt 0.294737 0.000000
vt 0.715789 0.000000
vt 0.305263 0.000000
vt 0.178947 0.000000
vt 0.821053 0.000000
vt 0.189474 0.000000
vt 0.810526 0.000000
vt 0.705263 0.000000
vt 0.315789 0.000000
vt 0.694737 0.000000
vt 0.326316 0.000000
vt 0.021505 0.000000
vt 0.032258 0.000000
vt 0.010753 0.000000
vt 0.064516 0.000000
vt 0.989247 0.000000
vt 0.053763 0.000000
vt 0.043011 0.000000
vt 0.720430 0.000000
vt 0.086022 0.000000
vt 0.978495 0.000000
vt 0.075269 0.000000
vt 0.096774 0.000000
vt 0.967742 0.000000
vt 0.752688 0.000000
vt 0.698925 0.000000
vt 0.741935 0.000000
vt 0.709677 0.000000
vt 0.731183 0.000000
vt 0.935484 0.000000
vt 0.946237 0.000000
vt 0.451613 0.000000
vt 0.774194 0.000000
vt 0.784946 0.000000
vt 0.677419 0.000000
vt 0.118280 0.000000
vt 0.107527 0.000000
vt 0.956989 0.000000
vt 0.763441 0.000000
vt 0.688172 0.000000
vt 0.376344 0.000000
vt 0.387097 0.000000
vt 0.161290 0.000000
vt 0.193548 0.000000
vt 0.204301 0.000000
vt 0.182796 0.000000
vt 0.215054 0.000000
vt 0.225806 0.000000
vt 0.236559 0.000000
vt 0.247312 0.000000
vt 0.258065 0.000000
vt 0.268817 0.000000
vt 0.279570 0.000000
vt 0.290323 0.000000
vt 0.301075 0.000000
vt 0.311828 0.000000
vt 0.172043 0.000000
vt 0.322581 0.000000
vt 0.344086 0.000000
vt 0.354839 0.000000
vt 0.365591 0.000000
vt 0.580645 0.000000
vt 0.591398 0.000000
vt 0.860215 0.000000
vt 0.150538 0.000000
vt 0.397849 0.000000
vt 0.408602 0.000000
vt 0.139785 0.000000
vt 0.419355 0.000000
vt 0.430108 0.000000
vt 0.129032 0.000000
vt 0.440860 0.000000
vt 0.462366 0.000000
vt 0.473118 0.000000
vt 0.924731 0.000000
vt 0.483871 0.000000
vt 0.494624 0.000000
vt 0.913979 0.000000
vt 0.505376 0.000000
vt 0.903226 0.000000
vt 0.516129 0.000000
vt 0.526882 0.000000
vt 0.892473 0.000000
vt 0.537634 0.000000
vt 0.548387 0.000000
vt 0.881720 0.000000
vt 0.559140 0.000000
vt 0.870968 0.000000
vt 0.569892 0.000000
vt 0.849462 0.000000
vt 0.602151 0.000000
vt 0.838710 0.000000
vt 0.612903 0.000000
vt 0.827957 0.000000
vt 0.623656 0.000000
vt 0.817204 0.000000
vt 0.634409 0.000000
vt 0.806452 0.000000
vt 0.645161 0.000000
vt 0.795699 0.000000
vt 0.655914 0.000000
s 0
usemtl Base_Label_mat
f 51/85/37 55/87/37 54/86/37
f 50/88/37 55/87/37 51/85/37
f 55/87/37 50/88/37 58/89/37
f 58/89/37 50/88/37 59/90/37
f 54/86/37 52/91/37 51/85/37
f 52/91/37 54/86/37 53/92/37
f 58/89/37 56/93/37 55/87/37
f 56/93/37 58/89/37 57/94/37
f 60/95/37 59/90/37 49/96/37
f 50/88/37 49/96/37 59/90/37
f 118/97/37 122/99/37 119/98/37
f 119/98/37 122/99/37 120/100/37
f 121/101/37 120/100/37 122/99/37
f 125/102/37 115/104/37 126/103/37
f 125/102/37 124/105/37 115/104/37
f 115/104/37 124/105/37 116/86/37
f 123/106/37 116/86/37 124/105/37
f 116/86/37 123/106/37 117/107/37
f 122/99/37 117/107/37 123/106/37
f 118/97/37 117/107/37 122/99/37
f 86/108/37 157/110/37 87/109/37
f 85/111/37 157/110/37 86/108/37
f 157/110/37 85/111/37 158/112/37
f 84/113/37 158/112/37 85/111/37
f 158/112/37 84/113/37 159/114/37
f 83/85/37 159/114/37 84/113/37
f 159/114/37 83/85/37 160/89/37
f 82/115/37 160/89/37 83/85/37
f 130/116/37 129/118/37 112/117/37
f 132/119/37 131/121/37 110/120/37
f 110/120/37 131/121/37 111/122/37
f 134/123/37 133/125/37 109/124/37
f 74/126/37 169/128/37 168/127/37
f 110/120/37 133/125/37 132/119/37
f 133/125/37 110/120/37 109/124/37
f 75/129/37 168/127/37 167/130/37
f 168/127/37 75/129/37 74/126/37
f 131/121/37 130/116/37 111/122/37
f 112/117/37 111/122/37 130/116/37
f 91/131/37 90/133/37 154/132/37
f 155/134/37 154/132/37 90/133/37
f 77/135/37 166/137/37 165/136/37
f 76/138/37 166/137/37 77/135/37
f 166/137/37 76/138/37 167/130/37
f 167/130/37 76/138/37 75/129/37
f 129/118/37 128/139/37 112/117/37
f 112/117/37 128/139/37 113/140/37
f 127/87/37 113/140/37 128/139/37
f 113/140/37 127/87/37 114/141/37
f 126/103/37 114/141/37 127/87/37
f 115/104/37 114/141/37 126/103/37
f 90/133/37 89/142/37 155/134/37
f 88/143/37 155/134/37 89/142/37
f 155/134/37 88/143/37 156/144/37
f 87/109/37 156/144/37 88/143/37
f 157/110/37 156/144/37 87/109/37
f 82/115/37 161/145/37 160/89/37
f 81/146/37 161/145/37 82/115/37
f 161/145/37 81/146/37 162/147/37
f 80/148/37 162/147/37 81/146/37
f 162/147/37 80/148/37 163/149/37
f 79/150/37 163/149/37 80/148/37
f 163/149/37 79/150/37 164/151/37
f 78/152/37 164/151/37 79/150/37
f 164/151/37 78/152/37 165/136/37
f 165/136/37 78/152/37 77/135/37
f 171/90/37 170/154/37 73/153/37
f 172/155/37 72/88/37 71/156/37
f 173/157/37 172/155/37 70/158/37
f 71/156/37 70/158/37 172/155/37
f 107/159/37 135/161/37 108/160/37
f 172/155/37 171/90/37 72/88/37
f 73/153/37 72/88/37 171/90/37
f 69/162/37 68/164/37 174/163/37
f 107/159/37 136/165/37 135/161/37
f 106/166/37 136/165/37 107/159/37
f 136/165/37 106/166/37 137/167/37
f 137/167/37 106/166/37 105/92/37
f 152/168/37 151/170/37 93/169/37
f 174/163/37 173/157/37 69/162/37
f 70/158/37 69/162/37 173/157/37
f 181/171/37 61/96/37 182/95/37
f 180/172/37 61/96/37 181/171/37
f 142/173/37 100/175/37 143/174/37
f 99/176/37 143/174/37 100/175/37
f 143/174/37 99/176/37 144/177/37
f 98/178/37 144/177/37 99/176/37
f 144/177/37 98/178/37 145/179/37
f 97/180/37 145/179/37 98/178/37
f 145/179/37 97/180/37 146/181/37
f 96/182/37 146/181/37 97/180/37
f 146/181/37 96/182/37 147/183/37
f 147/183/37 96/182/37 148/184/37
f 180/172/37 179/185/37 61/96/37
f 178/186/37 61/96/37 179/185/37
f 61/96/37 178/186/37 62/187/37
f 62/187/37 178/186/37 63/188/37
f 177/189/37 63/188/37 178/186/37
f 64/190/37 63/188/37 177/189/37
f 105/92/37 138/93/37 137/167/37
f 104/191/37 138/93/37 105/92/37
f 138/93/37 104/191/37 139/192/37
f 103/193/37 139/192/37 104/191/37
f 139/192/37 103/193/37 140/194/37
f 102/195/37 140/194/37 103/193/37
f 140/194/37 102/195/37 141/196/37
f 101/197/37 141/196/37 102/195/37
f 141/196/37 101/197/37 142/173/37
f 142/173/37 101/197/37 100/175/37
f 96/182/37 95/198/37 148/184/37
f 148/184/37 95/198/37 149/94/37
f 94/91/37 149/94/37 95/198/37
f 149/94/37 94/91/37 150/199/37
f 93/169/37 150/199/37 94/91/37
f 151/170/37 150/199/37 93/169/37
f 177/189/37 176/200/37 64/190/37
f 64/190/37 176/200/37 65/201/37
f 65/201/37 176/200/37 66/202/37
f 175/203/37 66/202/37 176/200/37
f 66/202/37 175/203/37 67/204/37
f 174/163/37 67/204/37 175/203/37
f 68/164/37 67/204/37 174/163/37
f 135/161/37 134/123/37 108/160/37
f 109/124/37 108/160/37 134/123/37
f 93/169/37 92/205/37 152/168/37
f 152/168/37 92/205/37 153/206/37
f 91/131/37 153/206/37 92/205/37
f 154/132/37 153/206/37 91/131/37
f 74/126/37 170/154/37 169/128/37
f 170/154/37 74/126/37 73/153/37
f 185/207/37 187/209/37 186/208/37
f 187/209/37 185/207/37 193/95/37
f 193/95/37 185/207/37 184/210/37
f 183/96/37 192/212/37 191/211/37
f 188/213/37 190/215/37 189/214/37
f 188/213/37 192/212/37 190/215/37
f 183/96/37 190/215/37 192/212/37
f 188/213/37 187/209/37 192/212/37
f 193/95/37 192/212/37 187/209/37
f 184/210/37 191/211/37 193/95/37
f 191/211/37 184/210/37 183/96/37
f 194/96/37 273/216/37 299/95/37
f 245/217/37 273/216/37 194/96/37
f 273/216/37 245/217/37 272/218/37
f 272/218/37 245/217/37 246/219/37
f 270/220/37 274/222/37 271/221/37
f 274/222/37 270/220/37 269/223/37
f 248/224/37 247/226/37 244/225/37
f 274/222/37 273/216/37 271/221/37
f 272/218/37 271/221/37 273/216/37
f 247/226/37 246/219/37 244/225/37
f 245/217/37 244/225/37 246/219/37
f 298/227/37 297/229/37 195/228/37
f 268/230/37 267/232/37 275/231/37
f 250/233/37 249/235/37 242/234/37
f 243/236/37 242/234/37 249/235/37
f 299/95/37 195/228/37 194/96/37
f 195/228/37 299/95/37 298/227/37
f 275/231/37 274/222/37 268/230/37
f 269/223/37 268/230/37 274/222/37
f 249/235/37 248/224/37 243/236/37
f 244/225/37 243/236/37 248/224/37
f 296/237/37 197/239/37 196/238/37
f 295/240/37 197/239/37 296/237/37
f 278/211/37 277/242/37 219/241/37
f 220/243/37 265/245/37 221/244/37
f 264/246/37 221/244/37 265/245/37
f 297/229/37 196/238/37 195/228/37
f 196/238/37 297/229/37 296/237/37
f 277/242/37 276/247/37 219/241/37
f 275/231/37 219/241/37 276/247/37
f 267/232/37 219/241/37 275/231/37
f 219/241/37 267/232/37 220/243/37
f 266/248/37 220/243/37 267/232/37
f 220/243/37 266/248/37 265/245/37
f 252/249/37 251/251/37 240/250/37
f 240/250/37 251/251/37 241/252/37
f 250/233/37 241/252/37 251/251/37
f 242/234/37 241/252/37 250/233/37
f 217/253/37 216/255/37 280/254/37
f 293/256/37 200/258/37 199/257/37
f 292/259/37 200/258/37 293/256/37
f 200/258/37 292/259/37 201/260/37
f 291/261/37 201/260/37 292/259/37
f 201/260/37 291/261/37 202/262/37
f 290/263/37 202/262/37 291/261/37
f 202/262/37 290/263/37 203/264/37
f 289/265/37 203/264/37 290/263/37
f 203/264/37 289/265/37 204/266/37
f 204/266/37 289/265/37 205/267/37
f 288/268/37 205/267/37 289/265/37
f 205/267/37 288/268/37 206/269/37
f 287/270/37 206/269/37 288/268/37
f 206/269/37 287/270/37 207/271/37
f 286/272/37 207/271/37 287/270/37
f 207/271/37 286/272/37 208/273/37
f 208/273/37 286/272/37 209/274/37
f 285/275/37 209/274/37 286/272/37
f 209/274/37 285/275/37 210/276/37
f 284/277/37 210/276/37 285/275/37
f 210/276/37 284/277/37 211/278/37
f 283/279/37 211/278/37 284/277/37
f 211/278/37 283/279/37 212/280/37
f 212/280/37 283/279/37 213/281/37
f 282/282/37 213/281/37 283/279/37
f 213/281/37 282/282/37 214/283/37
f 281/284/37 214/283/37 282/282/37
f 214/283/37 281/284/37 215/207/37
f 280/254/37 215/207/37 281/284/37
f 216/255/37 215/207/37 280/254/37
f 295/240/37 198/285/37 197/239/37
f 294/286/37 198/285/37 295/240/37
f 198/285/37 294/286/37 199/257/37
f 199/257/37 294/286/37 293/256/37
f 280/254/37 279/287/37 217/253/37
f 217/253/37 279/287/37 218/288/37
f 278/211/37 218/288/37 279/287/37
f 219/241/37 218/288/37 278/211/37
f 264/246/37 222/289/37 221/244/37
f 263/290/37 222/289/37 264/246/37
f 222/289/37 263/290/37 223/291/37
f 223/291/37 263/290/37 224/292/37
f 262/293/37 224/292/37 263/290/37
f 224/292/37 262/293/37 225/294/37
f 225/294/37 262/293/37 226/295/37
f 261/296/37 226/295/37 262/293/37
f 226/295/37 261/296/37 227/297/37
f 227/297/37 261/296/37 228/298/37
f 260/299/37 228/298/37 261/296/37
f 228/298/37 260/299/37 229/300/37
f 229/300/37 260/299/37 230/301/37
f 259/302/37 230/301/37 260/299/37
f 230/301/37 259/302/37 231/303/37
f 231/303/37 259/302/37 232/304/37
f 258/305/37 232/304/37 259/302/37
f 232/304/37 258/305/37 233/306/37
f 257/214/37 233/306/37 258/305/37
f 233/306/37 257/214/37 234/307/37
f 256/308/37 234/307/37 257/214/37
f 234/307/37 256/308/37 235/309/37
f 235/309/37 256/308/37 236/209/37
f 255/310/37 236/209/37 256/308/37
f 236/209/37 255/310/37 237/311/37
f 254/312/37 237/311/37 255/310/37
f 237/311/37 254/312/37 238/313/37
f 253/314/37 238/313/37 254/312/37
f 238/313/37 253/314/37 239/315/37
f 252/249/37 239/315/37 253/314/37
f 240/250/37 239/315/37 252/249/37
f 301/274/37 303/315/37 302/292/37
f 307/95/37 306/277/37 300/96/37
f 303/315/37 305/223/37 304/312/37
f 305/223/37 303/315/37 306/277/37
f 301/274/37 306/277/37 303/315/37
f 306/277/37 301/274/37 300/96/37
f 312/316/37 400/318/37 313/317/37
f 400/318/37 312/316/37 401/319/37
f 311/320/37 401/319/37 312/316/37
f 401/319/37 311/320/37 402/321/37
f 310/322/37 402/321/37 311/320/37
f 402/321/37 310/322/37 403/95/37
f 309/323/37 403/95/37 310/322/37
f 403/95/37 309/323/37 356/324/37
f 308/96/37 356/324/37 309/323/37
f 355/325/37 356/324/37 308/96/37
f 356/324/37 355/325/37 357/326/37
f 354/327/37 357/326/37 355/325/37
f 357/326/37 354/327/37 358/328/37
f 353/329/37 358/328/37 354/327/37
f 358/328/37 353/329/37 359/330/37
f 352/331/37 359/330/37 353/329/37
f 359/330/37 352/331/37 360/332/37
f 351/333/37 360/332/37 352/331/37
f 317/334/37 316/336/37 396/335/37
f 396/335/37 316/336/37 397/337/37
f 363/338/37 348/340/37 364/339/37
f 364/339/37 348/340/37 347/341/37
f 395/342/37 394/344/37 318/343/37
f 366/345/37 365/214/37 346/209/37
f 393/346/37 320/348/37 319/347/37
f 320/348/37 393/346/37 392/349/37
f 394/344/37 319/347/37 318/343/37
f 319/347/37 394/344/37 393/346/37
f 367/350/37 366/345/37 345/351/37
f 346/209/37 345/351/37 366/345/37
f 318/343/37 317/334/37 395/342/37
f 396/335/37 395/342/37 317/334/37
f 347/341/37 365/214/37 364/339/37
f 365/214/37 347/341/37 346/209/37
f 316/336/37 315/352/37 397/337/37
f 397/337/37 315/352/37 398/353/37
f 314/354/37 398/353/37 315/352/37
f 398/353/37 314/354/37 399/355/37
f 313/317/37 399/355/37 314/354/37
f 400/318/37 399/355/37 313/317/37
f 351/333/37 361/356/37 360/332/37
f 350/357/37 361/356/37 351/333/37
f 361/356/37 350/357/37 362/358/37
f 349/359/37 362/358/37 350/357/37
f 362/358/37 349/359/37 363/338/37
f 363/338/37 349/359/37 348/340/37
f 344/360/37 369/362/37 368/361/37
f 344/360/37 343/363/37 369/362/37
f 322/364/37 390/366/37 389/365/37
f 342/367/37 371/369/37 370/368/37
f 322/364/37 321/370/37 390/366/37
f 391/371/37 390/366/37 321/370/37
f 343/363/37 370/368/37 369/362/37
f 370/368/37 343/363/37 342/367/37
f 388/372/37 324/374/37 323/373/37
f 387/375/37 324/374/37 388/372/37
f 372/376/37 340/378/37 373/377/37
f 341/379/37 340/378/37 372/376/37
f 389/365/37 323/373/37 322/364/37
f 323/373/37 389/365/37 388/372/37
f 372/376/37 371/369/37 341/379/37
f 342/367/37 341/379/37 371/369/37
f 327/207/37 384/211/37 328/380/37
f 383/381/37 328/380/37 384/211/37
f 328/380/37 383/381/37 329/382/37
f 382/383/37 329/382/37 383/381/37
f 329/382/37 382/383/37 330/384/37
f 381/385/37 330/384/37 382/383/37
f 330/384/37 381/385/37 331/386/37
f 380/387/37 331/386/37 381/385/37
f 331/386/37 380/387/37 332/388/37
f 332/388/37 380/387/37 333/389/37
f 379/390/37 333/389/37 380/387/37
f 333/389/37 379/390/37 334/391/37
f 378/392/37 334/391/37 379/390/37
f 334/391/37 378/392/37 335/393/37
f 377/394/37 335/393/37 378/392/37
f 335/393/37 377/394/37 336/395/37
f 376/396/37 336/395/37 377/394/37
f 336/395/37 376/396/37 337/397/37
f 387/375/37 325/398/37 324/374/37
f 386/399/37 325/398/37 387/375/37
f 325/398/37 386/399/37 326/400/37
f 385/401/37 326/400/37 386/399/37
f 326/400/37 385/401/37 327/207/37
f 327/207/37 385/401/37 384/211/37
f 376/396/37 375/402/37 337/397/37
f 337/397/37 375/402/37 338/403/37
f 374/404/37 338/403/37 375/402/37
f 338/403/37 374/404/37 339/405/37
f 373/377/37 339/405/37 374/404/37
f 340/378/37 339/405/37 373/377/37
f 321/370/37 320/348/37 391/371/37
f 392/349/37 391/371/37 320/348/37
f 368/361/37 367/350/37 344/360/37
f 345/351/37 344/360/37 367/350/37
f 404/96/37 483/216/37 509/95/37
f 455/217/37 483/216/37 404/96/37
f 483/216/37 455/217/37 482/218/37
f 482/218/37 455/217/37 456/219/37
f 480/220/37 484/222/37 481/221/37
f 484/222/37 480/220/37 479/223/37
f 458/224/37 457/226/37 454/225/37
f 484/222/37 483/216/37 481/221/37
f 482/218/37 481/221/37 483/216/37
f 457/226/37 456/219/37 454/225/37
f 455/217/37 454/225/37 456/219/37
f 508/227/37 507/229/37 405/228/37
f 478/230/37 477/232/37 485/231/37
f 460/233/37 459/235/37 452/234/37
f 453/236/37 452/234/37 459/235/37
f 509/95/37 405/228/37 404/96/37
f 405/228/37 509/95/37 508/227/37
f 485/231/37 484/222/37 478/230/37
f 479/223/37 478/230/37 484/222/37
f 459/235/37 458/224/37 453/236/37
f 454/225/37 453/236/37 458/224/37
f 506/237/37 407/239/37 406/238/37
f 505/240/37 407/239/37 506/237/37
f 488/211/37 487/242/37 429/241/37
f 430/243/37 475/245/37 431/244/37
f 474/246/37 431/244/37 475/245/37
f 507/229/37 406/238/37 405/228/37
f 406/238/37 507/229/37 506/237/37
f 487/242/37 486/247/37 429/241/37
f 485/231/37 429/241/37 486/247/37
f 477/232/37 429/241/37 485/231/37
f 429/241/37 477/232/37 430/243/37
f 476/248/37 430/243/37 477/232/37
f 430/243/37 476/248/37 475/245/37
f 462/249/37 461/251/37 450/250/37
f 450/250/37 461/251/37 451/252/37
f 460/233/37 451/252/37 461/251/37
f 452/234/37 451/252/37 460/233/37
f 427/253/37 426/255/37 490/254/37
f 503/256/37 410/258/37 409/257/37
f 502/259/37 410/258/37 503/256/37
f 410/258/37 502/259/37 411/260/37
f 501/261/37 411/260/37 502/259/37
f 411/260/37 501/261/37 412/262/37
f 500/263/37 412/262/37 501/261/37
f 412/262/37 500/263/37 413/264/37
f 499/265/37 413/264/37 500/263/37
f 413/264/37 499/265/37 414/266/37
f 414/266/37 499/265/37 415/267/37
f 498/268/37 415/267/37 499/265/37
f 415/267/37 498/268/37 416/269/37
f 497/270/37 416/269/37 498/268/37
f 416/269/37 497/270/37 417/271/37
f 496/272/37 417/271/37 497/270/37
f 417/271/37 496/272/37 418/273/37
f 418/273/37 496/272/37 419/274/37
f 495/275/37 419/274/37 496/272/37
f 419/274/37 495/275/37 420/276/37
f 494/277/37 420/276/37 495/275/37
f 420/276/37 494/277/37 421/278/37
f 493/279/37 421/278/37 494/277/37
f 421/278/37 493/279/37 422/280/37
f 422/280/37 493/279/37 423/281/37
f 492/282/37 423/281/37 493/279/37
f 423/281/37 492/282/37 424/283/37
f 491/284/37 424/283/37 492/282/37
f 424/283/37 491/284/37 425/207/37
f 490/254/37 425/207/37 491/284/37
f 426/255/37 425/207/37 490/254/37
f 505/240/37 408/285/37 407/239/37
f 504/286/37 408/285/37 505/240/37
f 408/285/37 504/286/37 409/257/37
f 409/257/37 504/286/37 503/256/37
f 490/254/37 489/287/37 427/253/37
f 427/253/37 489/287/37 428/288/37
f 488/211/37 428/288/37 489/287/37
f 429/241/37 428/288/37 488/211/37
f 474/246/37 432/289/37 431/244/37
f 473/290/37 432/289/37 474/246/37
f 432/289/37 473/290/37 433/291/37
f 433/291/37 473/290/37 434/292/37
f 472/293/37 434/292/37 473/290/37
f 434/292/37 472/293/37 435/294/37
f 435/294/37 472/293/37 436/295/37
f 471/296/37 436/295/37 472/293/37
f 436/295/37 471/296/37 437/297/37
f 437/297/37 471/296/37 438/298/37
f 470/299/37 438/298/37 471/296/37
f 438/298/37 470/299/37 439/300/37
f 439/300/37 470/299/37 440/301/37
f 469/302/37 440/301/37 470/299/37
f 440/301/37 469/302/37 441/303/37
f 441/303/37 469/302/37 442/304/37
f 468/305/37 442/304/37 469/302/37
f 442/304/37 468/305/37 443/306/37
f 467/214/37 443/306/37 468/305/37
f 443/306/37 467/214/37 444/307/37
f 466/308/37 444/307/37 467/214/37
f 444/307/37 466/308/37 445/309/37
f 445/309/37 466/308/37 446/209/37
f 465/310/37 446/209/37 466/308/37
f 446/209/37 465/310/37 447/311/37
f 464/312/37 447/311/37 465/310/37
f 447/311/37 464/312/37 448/313/37
f 463/314/37 448/313/37 464/312/37
f 448/313/37 463/314/37 449/315/37
f 462/249/37 449/315/37 463/314/37
f 450/250/37 449/315/37 462/249/37
f 514/316/37 602/318/37 515/317/37
f 602/318/37 514/316/37 603/319/37
f 513/320/37 603/319/37 514/316/37
f 603/319/37 513/320/37 604/321/37
f 512/322/37 604/321/37 513/320/37
f 604/321/37 512/322/37 605/95/37
f 511/323/37 605/95/37 512/322/37
f 605/95/37 511/323/37 558/324/37
f 510/96/37 558/324/37 511/323/37
f 557/325/37 558/324/37 510/96/37
f 558/324/37 557/325/37 559/326/37
f 556/327/37 559/326/37 557/325/37
f 559/326/37 556/327/37 560/328/37
f 555/329/37 560/328/37 556/327/37
f 560/328/37 555/329/37 561/330/37
f 554/331/37 561/330/37 555/329/37
f 561/330/37 554/331/37 562/332/37
f 553/333/37 562/332/37 554/331/37
f 519/334/37 518/336/37 598/335/37
f 598/335/37 518/336/37 599/337/37
f 565/338/37 550/340/37 566/339/37
f 566/339/37 550/340/37 549/341/37
f 597/342/37 596/344/37 520/343/37
f 568/345/37 567/214/37 548/209/37
f 595/346/37 522/348/37 521/347/37
f 522/348/37 595/346/37 594/349/37
f 596/344/37 521/347/37 520/343/37
f 521/347/37 596/344/37 595/346/37
f 569/350/37 568/345/37 547/351/37
f 548/209/37 547/351/37 568/345/37
f 520/343/37 519/334/37 597/342/37
f 598/335/37 597/342/37 519/334/37
f 549/341/37 567/214/37 566/339/37
f 567/214/37 549/341/37 548/209/37
f 518/336/37 517/352/37 599/337/37
f 599/337/37 517/352/37 600/353/37
f 516/354/37 600/353/37 517/352/37
f 600/353/37 516/354/37 601/355/37
f 515/317/37 601/355/37 516/354/37
f 602/318/37 601/355/37 515/317/37
f 553/333/37 563/356/37 562/332/37
f 552/357/37 563/356/37 553/333/37
f 563/356/37 552/357/37 564/358/37
f 551/359/37 564/358/37 552/357/37
f 564/358/37 551/359/37 565/338/37
f 565/338/37 551/359/37 550/340/37
f 546/360/37 571/362/37 570/361/37
f 571/362/37 546/360/37 545/363/37
f 524/364/37 592/366/37 591/365/37
f 544/367/37 573/369/37 572/368/37
f 524/364/37 523/370/37 592/366/37
f 593/371/37 592/366/37 523/370/37
f 545/363/37 572/368/37 571/362/37
f 572/368/37 545/363/37 544/367/37
f 590/372/37 526/374/37 525/373/37
f 589/375/37 526/374/37 590/372/37
f 574/376/37 542/378/37 575/377/37
f 543/379/37 542/378/37 574/376/37
f 591/365/37 525/373/37 524/364/37
f 525/373/37 591/365/37 590/372/37
f 574/376/37 573/369/37 543/379/37
f 544/367/37 543/379/37 573/369/37
f 529/207/37 586/211/37 530/380/37
f 585/381/37 530/380/37 586/211/37
f 530/380/37 585/381/37 531/382/37
f 584/383/37 531/382/37 585/381/37
f 531/382/37 584/383/37 532/384/37
f 583/385/37 532/384/37 584/383/37
f 532/384/37 583/385/37 533/386/37
f 582/387/37 533/386/37 583/385/37
f 533/386/37 582/387/37 534/388/37
f 534/388/37 582/387/37 535/389/37
f 581/390/37 535/389/37 582/387/37
f 535/389/37 581/390/37 536/391/37
f 580/392/37 536/391/37 581/390/37
f 536/391/37 580/392/37 537/393/37
f 579/394/37 537/393/37 580/392/37
f 537/393/37 579/394/37 538/395/37
f 578/396/37 538/395/37 579/394/37
f 538/395/37 578/396/37 539/397/37
f 589/375/37 527/398/37 526/374/37
f 588/399/37 527/398/37 589/375/37
f 527/398/37 588/399/37 528/400/37
f 587/401/37 528/400/37 588/399/37
f 528/400/37 587/401/37 529/207/37
f 529/207/37 587/401/37 586/211/37
f 578/396/37 577/402/37 539/397/37
f 539/397/37 577/402/37 540/403/37
f 576/404/37 540/403/37 577/402/37
f 540/403/37 576/404/37 541/405/37
f 575/377/37 541/405/37 576/404/37
f 542/378/37 541/405/37 575/377/37
f 523/370/37 522/348/37 593/371/37
f 594/349/37 593/371/37 522/348/37
f 570/361/37 569/350/37 546/360/37
f 547/351/37 546/360/37 569/350/37
f 608/406/37 607/408/37 609/407/37
f 609/407/37 607/408/37 699/95/37
f 606/96/37 699/95/37 607/408/37
f 612/409/37 611/411/37 698/410/37
f 610/412/37 698/410/37 611/411/37
f 699/95/37 610/412/37 609/407/37
f 610/412/37 699/95/37 698/410/37
f 606/96/37 673/413/37 699/95/37
f 614/414/37 613/416/37 697/415/37
f 614/414/37 696/418/37 615/417/37
f 697/415/37 696/418/37 614/414/37
f 676/419/37 675/421/37 671/420/37
f 672/422/37 671/420/37 675/421/37
f 613/416/37 612/409/37 697/415/37
f 698/410/37 697/415/37 612/409/37
f 675/421/37 674/423/37 672/422/37
f 673/413/37 672/422/37 674/423/37
f 606/96/37 672/422/37 673/413/37
f 693/424/37 648/426/37 694/425/37
f 678/427/37 668/246/37 679/428/37
f 669/429/37 668/246/37 678/427/37
f 617/430/37 616/431/37 648/426/37
f 615/417/37 648/426/37 616/431/37
f 696/418/37 648/426/37 615/417/37
f 695/432/37 648/426/37 696/418/37
f 648/426/37 695/432/37 694/425/37
f 678/427/37 677/433/37 669/429/37
f 669/429/37 677/433/37 670/434/37
f 676/419/37 670/434/37 677/433/37
f 671/420/37 670/434/37 676/419/37
f 641/435/37 621/437/37 642/436/37
f 624/438/37 623/440/37 625/439/37
f 625/439/37 623/440/37 626/441/37
f 626/441/37 623/440/37 627/442/37
f 627/442/37 623/440/37 628/443/37
f 628/443/37 623/440/37 629/444/37
f 629/444/37 623/440/37 630/445/37
f 630/445/37 623/440/37 631/446/37
f 631/446/37 623/440/37 632/447/37
f 632/447/37 623/440/37 633/448/37
f 633/448/37 623/440/37 634/449/37
f 634/449/37 623/440/37 635/450/37
f 623/440/37 622/451/37 635/450/37
f 635/450/37 622/451/37 636/452/37
f 636/452/37 622/451/37 637/300/37
f 637/300/37 622/451/37 638/453/37
f 638/453/37 622/451/37 639/454/37
f 639/454/37 622/451/37 640/455/37
f 621/437/37 640/455/37 622/451/37
f 641/435/37 640/455/37 621/437/37
f 660/456/37 686/458/37 661/457/37
f 621/437/37 620/459/37 642/436/37
f 642/436/37 620/459/37 643/460/37
f 643/460/37 620/459/37 644/461/37
f 619/462/37 644/461/37 620/459/37
f 644/461/37 619/462/37 645/463/37
f 645/463/37 619/462/37 646/464/37
f 618/465/37 646/464/37 619/462/37
f 646/464/37 618/465/37 647/466/37
f 617/430/37 647/466/37 618/465/37
f 648/426/37 647/466/37 617/430/37
f 693/424/37 649/467/37 648/426/37
f 649/467/37 693/424/37 650/468/37
f 692/469/37 650/468/37 693/424/37
f 650/468/37 692/469/37 651/470/37
f 651/470/37 692/469/37 652/471/37
f 691/472/37 652/471/37 692/469/37
f 652/471/37 691/472/37 653/473/37
f 690/474/37 653/473/37 691/472/37
f 653/473/37 690/474/37 654/475/37
f 654/475/37 690/474/37 655/476/37
f 689/477/37 655/476/37 690/474/37
f 655/476/37 689/477/37 656/478/37
f 656/478/37 689/477/37 657/479/37
f 688/480/37 657/479/37 689/477/37
f 657/479/37 688/480/37 658/481/37
f 687/482/37 658/481/37 688/480/37
f 658/481/37 687/482/37 659/483/37
f 659/483/37 687/482/37 660/456/37
f 660/456/37 687/482/37 686/458/37
f 686/458/37 685/484/37 661/457/37
f 661/457/37 685/484/37 662/485/37
f 684/486/37 662/485/37 685/484/37
f 662/485/37 684/486/37 663/487/37
f 683/488/37 663/487/37 684/486/37
f 663/487/37 683/488/37 664/489/37
f 682/490/37 664/489/37 683/488/37
f 664/489/37 682/490/37 665/491/37
f 681/492/37 665/491/37 682/490/37
f 665/491/37 681/492/37 666/493/37
f 680/494/37 666/493/37 681/492/37
f 666/493/37 680/494/37 667/495/37
f 679/428/37 667/495/37 680/494/37
f 668/246/37 667/495/37 679/428/37
o Table_1
v -4.125000 0.390000 3.125000
v -4.125000 0.510000 3.125000
v -4.125000 0.390000 2.075000
v -4.125000 0.510000 2.075000
v -3.075000 0.390000 3.125000
v -3.075000 0.510000 3.125000
v -3.075000 0.390000 2.075000
v -3.075000 0.510000 2.075000
vn -1.0000 -0.0000 -0.0000
vn -0.0000 -0.0000 -1.0000
vn 1.0000 -0.0000 -0.0000
vn -0.0000 -0.0000 1.0000
vn -0.0000 -1.0000 -0.0000
vn -0.0000 1.0000 -0.0000
vt 0.375000 0.000000
vt 0.625000 0.000000
vt 0.625000 0.250000
vt 0.375000 0.250000
vt 0.625000 0.500000
vt 0.375000 0.500000
vt 0.625000 0.750000
vt 0.375000 0.750000
vt 0.625000 1.000000
vt 0.375000 1.000000
vt 0.125000 0.500000
vt 0.125000 0.750000
vt 0.875000 0.500000
vt 0.875000 0.750000
s 0
usemtl Table_1_mat
f 700/496/38 701/497/38 703/498/38 702/499/38
f 702/499/39 703/498/39 707/500/39 706/501/39
f 706/501/40 707/500/40 705/502/40 704/503/40
f 704/503/41 705/502/41 701/504/41 700/505/41
f 702/506/42 706/501/42 704/503/42 700/507/42
f 707/500/43 703/508/43 701/509/43 705/502/43
o Table_1_Leg
v -3.600000 0.000000 2.520000
v -3.600000 0.440000 2.520000
v -3.584393 0.000000 2.521537
v -3.584393 0.440000 2.521537
v -3.569385 0.000000 2.526090
v -3.569385 0.440000 2.526090
v -3.555554 0.000000 2.533482
v -3.555554 0.440000 2.533482
v -3.543431 0.000000 2.543431
v -3.543431 0.440000 2.543431
v -3.533482 0.000000 2.555554
v -3.533482 0.440000 2.555554
v -3.526090 0.000000 2.569385
v -3.526090 0.440000 2.569385
v -3.521537 0.000000 2.584393
v -3.521537 0.440000 2.584393
v -3.520000 0.000000 2.600000
v -3.520000 0.440000 2.600000
v -3.521537 0.000000 2.615607
v -3.521537 0.440000 2.615607
v -3.526090 0.000000 2.630615
v -3.526090 0.440000 2.630615
v -3.533482 0.000000 2.644445
v -3.533482 0.440000 2.644445
v -3.543431 0.000000 2.656569
v -3.543431 0.440000 2.656569
v -3.555554 0.000000 2.666517
v -3.555554 0.440000 2.666517
v -3.569385 0.000000 2.673910
v -3.569385 0.440000 2.673910
v -3.584393 0.000000 2.678463
v -3.584393 0.440000 2.678463
v -3.600000 0.000000 2.680000
v -3.600000 0.440000 2.680000
v -3.615607 0.000000 2.678463
v -3.615607 0.440000 2.678463
v -3.630615 0.000000 2.673910
v -3.630615 0.440000 2.673910
v -3.644445 0.000000 2.666517
v -3.644445 0.440000 2.666517
v -3.656569 0.000000 2.656569
v -3.656569 0.440000 2.656569
v -3.666517 0.000000 2.644445
v -3.666517 0.440000 2.644445
v -3.673910 0.000000 2.630615
v -3.673910 0.440000 2.630615
v -3.678463 0.000000 2.615607
v -3.678463 0.440000 2.615607
v -3.680000 0.000000 2.600000
v -3.680000 0.440000 2.600000
v -3.678463 0.000000 2.584393
v -3.678463 0.440000 2.584393
v -3.673910 0.000000 2.569385
v -3.673910 0.440000 2.569385
v -3.666517 0.000000 2.555554
v -3.666517 0.440000 2.555554
v -3.656569 0.000000 2.543431
v -3.656569 0.440000 2.543431
v -3.644445 0.000000 2.533482
v -3.644445 0.440000 2.533482
v -3.630615 0.000000 2.526090
v -3.630615 0.440000 2.526090
v -3.615607 0.000000 2.521537
v -3.615607 0.440000 2.521537
vn 0.0980 -0.0000 -0.9952
vn 0.2903 -0.0000 -0.9569
vn 0.4714 -0.0000 -0.8819
vn 0.6344 -0.0000 -0.7730
vn 0.7730 -0.0000 -0.6344
vn 0.8819 -0.0000 -0.4714
vn 0.9569 -0.0000 -0.2903
vn 0.9952 -0.0000 -0.0980
vn 0.9952 -0.0000 0.0980
vn 0.9569 -0.0000 0.2903
vn 0.8819 -0.0000 0.4714
vn 0.7730 -0.0000 0.6344
vn 0.6344 -0.0000 0.7730
vn 0.4714 -0.0000 0.8819
vn 0.2903 -0.0000 0.9569
vn 0.0980 -0.0000 0.9952
vn -0.0980 -0.0000 0.9952
vn -0.2903 -0.0000 0.9569
vn -0.4714 -0.0000 0.8819
vn -0.6344 -0.0000 0.7730
vn -0.7730 -0.0000 0.6344
vn -0.8819 -0.0000 0.4714
vn -0.9569 -0.0000 0.2903
vn -0.9952 -0.0000 0.0980
vn -0.9952 -0.0000 -0.0980
vn -0.9569 -0.0000 -0.2903
vn -0.8819 -0.0000 -0.4714
vn -0.7730 -0.0000 -0.6344
vn -0.6344 -0.0000 -0.7730
vn -0.4714 -0.0000 -0.8819
vn -0.0000 1.0000 -0.0000
vn -0.2903 -0.0000 -0.9569
vn -0.0980 -0.0000 -0.9952
vn -0.0000 -1.0000 -0.0000
vt 1.000000 0.500000
vt 1.000000 1.000000
vt 0.968750 1.000000
vt 0.968750 0.500000
vt 0.937500 1.000000
vt 0.937500 0.500000
vt 0.906250 1.000000
vt 0.906250 0.500000
vt 0.875000 1.000000
vt 0.875000 0.500000
vt 0.843750 1.000000
vt 0.843750 0.500000
vt 0.812500 1.000000
vt 0.812500 0.500000
vt 0.781250 1.000000
vt 0.781250 0.500000
vt 0.750000 1.000000
vt 0.750000 0.500000
vt 0.718750 1.000000
vt 0.718750 0.500000
vt 0.687500 1.000000
vt 0.687500 0.500000
vt 0.656250 1.000000
vt 0.656250 0.500000
vt 0.625000 1.000000
vt 0.625000 0.500000
vt 0.593750 1.000000
vt 0.593750 0.500000
vt 0.562500 1.000000
vt 0.562500 0.500000
vt 0.531250 1.000000
vt 0.531250 0.500000
vt 0.500000 1.000000
vt 0.500000 0.500000
vt 0.468750 1.000000
vt 0.468750 0.500000
vt 0.437500 1.000000
vt 0.437500 0.500000
vt 0.406250 1.000000
vt 0.406250 0.500000
vt 0.375000 1.000000
vt 0.375000 0.500000
vt 0.343750 1.000000
vt 0.343750 0.500000
vt 0.312500 1.000000
vt 0.312500 0.500000
vt 0.281250 1.000000
vt 0.281250 0.500000
vt 0.250000 1.000000
vt 0.250000 0.500000
vt 0.218750 1.000000
vt 0.218750 0.500000
vt 0.187500 1.000000
vt 0.187500 0.500000
vt 0.156250 1.000000
vt 0.156250 0.500000
vt 0.125000 1.000000
vt 0.125000 0.500000
vt 0.093750 1.000000
vt 0.093750 0.500000
vt 0.062500 1.000000
vt 0.062500 0.500000
vt 0.296822 0.485388
vt 0.250000 0.490000
vt 0.203178 0.485388
vt 0.158156 0.471731
vt 0.116663 0.449553
vt 0.080294 0.419706
vt 0.050447 0.383337
vt 0.028269 0.341844
vt 0.014612 0.296822
vt 0.010000 0.250000
vt 0.014612 0.203178
vt 0.028269 0.158156
vt 0.050447 0.116663
vt 0.080294 0.080294
vt 0.116663 0.050447
vt 0.158156 0.028269
vt 0.203178 0.014612
vt 0.250000 0.010000
vt 0.296822 0.014612
vt 0.341844 0.028269
vt 0.383337 0.050447
vt 0.419706 0.080294
vt 0.449553 0.116663
vt 0.471731 0.158156
vt 0.485388 0.203178
vt 0.490000 0.250000
vt 0.485388 0.296822
vt 0.471731 0.341844
vt 0.449553 0.383337
vt 0.419706 0.419706
vt 0.383337 0.449553
vt 0.341844 0.471731
vt 0.031250 1.000000
vt 0.031250 0.500000
vt 0.000000 1.000000
vt 0.000000 0.500000
vt 0.750000 0.490000
vt 0.796822 0.485388
vt 0.841844 0.471731
vt 0.883337 0.449553
vt 0.919706 0.419706
vt 0.949553 0.383337
vt 0.971731 0.341844
vt 0.985388 0.296822
vt 0.990000 0.250000
vt 0.985388 0.203178
vt 0.971731 0.158156
vt 0.949553 0.116663
vt 0.919706 0.080294
vt 0.883337 0.050447
vt 0.841844 0.028269
vt 0.796822 0.014612
vt 0.750000 0.010000
vt 0.703178 0.014612
vt 0.658156 0.028269
vt 0.616663 0.050447
vt 0.580294 0.080294
vt 0.550447 0.116663
vt 0.528269 0.158156
vt 0.514612 0.203178
vt 0.510000 0.250000
vt 0.514612 0.296822
vt 0.528269 0.341844
vt 0.550447 0.383337
vt 0.580294 0.419706
vt 0.616663 0.449553
vt 0.658156 0.471731
vt 0.703178 0.485388
s 0
usemtl Table_1_Leg_mat
f 708/510/44 709/511/44 711/512/44 710/513/44
f 710/513/45 711/512/45 713/514/45 712/515/45
f 712/515/46 713/514/46 715/516/46 714/517/46
f 714/517/47 715/516/47 717/518/47 716/519/47
f 716/519/48 717/518/48 719/520/48 718/521/48
f 718/521/49 719/520/49 721/522/49 720/523/49
f 720/523/50 721/522/50 723/524/50 722/525/50
f 722/525/51 723/524/51 725/526/51 724/527/51
f 724/527/52 725/526/52 727/528/52 726/529/52
f 726/529/53 727/528/53 729/530/53 728/531/53
f 728/531/54 729/530/54 731/532/54 730/533/54
f 730/533/55 731/532/55 733/534/55 732/535/55
f 732/535/56 733/534/56 735/536/56 734/537/56
f 734/537/57 735/536/57 737/538/57 736/539/57
f 736/539/58 737/538/58 739/540/58 738/541/58
f 738/541/59 739/540/59 741/542/59 740/543/59
f 740/543/60 741/542/60 743/544/60 742/545/60
f 742/545/61 743/544/61 745/546/61 744/547/61
f 744/547/62 745/546/62 747/548/62 746/549/62
f 746/549/63 747/548/63 749/550/63 748/551/63
f 748/551/64 749/550/64 751/552/64 750/553/64
f 750/553/65 751/552/65 753/554/65 752/555/65
f 752/555/66 753/554/66 755/556/66 754/557/66
f 754/557/67 755/556/67 757/558/67 756/559/67
f 756/559/68 757/558/68 759/560/68 758/561/68
f 758/561/69 759/560/69 761/562/69 760/563/69
f 760/563/70 761/562/70 763/564/70 762/565/70
f 762/565/71 763/564/71 765/566/71 764/567/71
f 764/567/72 765/566/72 767/568/72 766/569/72
f 766/569/73 767/568/73 769/570/73 768/571/73
f 711/572/74 709/573/74 771/574/74 769/575/74 767/576/74 765/577/74 763/578/74 761/579/74 759/580/74 757/581/74 755/582/74 753/583/74 751/584/74 749/585/74 747/586/74 745/587/74 743/588/74 741/589/74 739/590/74 737/591/74 735/592/74 733/593/74 731/594/74 729/595/74 727/596/74 725/597/74 723/598/74 721/599/74 719/600/74 717/601/74 715/602/74 713/603/74
f 768/571/75 769/570/75 771/604/75 770/605/75
f 770/605/76 771/604/76 709/606/76 708/607/76
f 708/608/77 710/609/77 712/610/77 714/611/77 716/612/77 718/613/77 720/614/77 722/615/77 724/616/77 726/617/77 728/618/77 730/619/77 732/620/77 734/621/77 736/622/77 738/623/77 740/624/77 742/625/77 744/626/77 746/627/77 748/628/77 750/629/77 752/630/77 754/631/77 756/632/77 758/633/77 760/634/77 762/635/77 764/636/77 766/637/77 768/638/77 770/639/77
o Table_1_Chair_1_Seat
v -3.810000 0.160000 1.990000
v -3.810000 0.340000 1.990000
v -3.810000 0.160000 1.570000
v -3.810000 0.340000 1.570000
v -3.390000 0.160000 1.990000
v -3.390000 0.340000 1.990000
v -3.390000 0.160000 1.570000
v -3.390000 0.340000 1.570000
vn -1.0000 -0.0000 -0.0000
vn -0.0000 -0.0000 -1.0000
vn 1.0000 -0.0000 -0.0000
vn -0.0000 -0.0000 1.0000
vn -0.0000 -1.0000 -0.0000
vn -0.0000 1.0000 -0.0000
vt 0.375000 0.000000
vt 0.625000 0.000000
vt 0.625000 0.250000
vt 0.375000 0.250000
vt 0.625000 0.500000
vt 0.375000 0.500000
vt 0.625000 0.750000
vt 0.375000 0.750000
vt 0.625000 1.000000
vt 0.375000 1.000000
vt 0.125000 0.500000
vt 0.125000 0.750000
vt 0.875000 0.500000
vt 0.875000 0.750000
s 0
usemtl Table_1_Chair_1_Seat_mat
f 772/640/78 773/641/78 775/642/78 774/643/78
f 774/643/79 775/642/79 779/644/79 778/645/79
f 778/645/80 779/644/80 777/646/80 776/647/80
f 776/647/81 777/646/81 773/648/81 772/649/81
f 774/650/82 778/645/82 776/647/82 772/651/82
f 779/644/83 775/652/83 773/653/83 777/646/83
o Table_1_Chair_1_Back
v -3.810000 0.250000 1.590000
v -3.810000 0.850000 1.590000
v -3.810000 0.250000 1.510000
v -3.810000 0.850000 1.510000
v -3.390000 0.250000 1.590000
v -3.390000 0.850000 1.590000
v -3.390000 0.250000 1.510000
v -3.390000 0.850000 1.510000
vn -1.0000 -0.0000 -0.0000
vn -0.0000 -0.0000 -1.0000
vn 1.0000 -0.0000 -0.0000
vn -0.0000 -0.0000 1.0000
vn -0.0000 -1.0000 -0.0000
vn -0.0000 1.0000 -0.0000
vt 0.375000 0.000000
vt 0.625000 0.000000
vt 0.625000 0.250000
vt 0.375000 0.250000
vt 0.625000 0.500000
vt 0.375000 0.500000
vt 0.625000 0.750000
vt 0.375000 0.750000
vt 0.625000 1.000000
vt 0.375000 1.000000
vt 0.125000 0.500000
vt 0.125000 0.750000
vt 0.875000 0.500000
vt 0.875000 0.750000
s 0
usemtl Table_1_Chair_1_Back_mat
f 780/654/84 781/655/84 783/656/84 782/657/84
f 782/657/85 783/656/85 787/658/85 786/659/85
f 786/659/86 787/658/86 785/660/86 784/661/86
f 784/661/87 785/660/87 781/662/87 780/663/87
f 782/664/88 786/659/88 784/661/88 780/665/88
f 787/658/89 783/666/89 781/667/89 785/660/89
o Table_1_Chair_2_Seat
v -3.810000 0.160000 3.630000
v -3.810000 0.340000 3.630000
v -3.810000 0.160000 3.210000
v -3.810000 0.340000 3.210000
v -3.390000 0.160000 3.630000
v -3.390000 0.340000 3.630000
v -3.390000 0.160000 3.210000
v -3.390000 0.340000 3.210000
vn -1.0000 -0.0000 -0.0000
vn -0.0000 -0.0000 -1.0000
vn 1.0000 -0.0000 -0.0000
vn -0.0000 -0.0000 1.0000
vn -0.0000 -1.0000 -0.0000
vn -0.0000 1.0000 -0.0000
vt 0.375000 0.000000
vt 0.625000 0.000000
vt 0.625000 0.250000
vt 0.375000 0.250000
vt 0.625000 0.500000
vt 0.375000 0.500000
vt 0.625000 0.750000
vt 0.375000 0.750000
vt 0.625000 1.000000
vt 0.375000 1.000000
vt 0.125000 0.500000
vt 0.125000 0.750000
vt 0.875000 0.500000
vt 0.875000 0.750000
s 0
usemtl Table_1_Chair_2_Seat_mat
f 788/668/90 789/669/90 791/670/90 790/671/90
f 790/671/91 791/670/91 795/672/91 794/673/91
f 794/673/92 795/672/92 793/674/92 792/675/92
f 792/675/93 793/674/93 789/676/93 788/677/93
f 790/678/94 794/673/94 792/675/94 788/679/94
f 795/672/95 791/680/95 789/681/95 793/674/95
o Table_1_Chair_2_Back
v -3.810000 0.250000 3.690000
v -3.810000 0.850000 3.690000
v -3.810000 0.250000 3.610000
v -3.810000 0.850000 3.610000
v -3.390000 0.250000 3.690000
v -3.390000 0.850000 3.690000
v -3.390000 0.250000 3.610000
v -3.390000 0.850000 3.610000
vn -1.0000 -0.0000 -0.0000
vn -0.0000 -0.0000 -1.0000
vn 1.0000 -0.0000 -0.0000
vn -0.0000 -0.0000 1.0000
vn -0.0000 -1.0000 -0.0000
vn -0.0000 1.0000 -0.0000
vt 0.375000 0.000000
vt 0.625000 0.000000
vt 0.625000 0.250000
vt 0.375000 0.250000
vt 0.625000 0.500000
vt 0.375000 0.500000
vt 0.625000 0.750000
vt 0.375000 0.750000
vt 0.625000 1.000000
vt 0.375000 1.000000
vt 0.125000 0.500000
vt 0.125000 0.750000
vt 0.875000 0.500000
vt 0.875000 0.750000
s 0
usemtl Table_1_Chair_2_Back_mat
f 796/682/96 797/683/96 799/684/96 798/685/96
f 798/685/97 799/684/97 803/686/97 802/687/97
f 802/687/98 803/686/98 801/688/98 800/689/98
f 800/689/99 801/688/99 797/690/99 796/691/99
f 798/692/100 802/687/100 800/689/100 796/693/100
f 803/686/101 799/694/101 797/695/101 801/688/101
o Table_1_Chair_3_Seat
v -2.990000 0.160000 2.810000
v -2.990000 0.340000 2.810000
v -2.990000 0.160000 2.390000
v -2.990000 0.340000 2.390000
v -2.570000 0.160000 2.810000
v -2.570000 0.340000 2.810000
v -2.570000 0.160000 2.390000
v -2.570000 0.340000 2.390000
vn -1.0000 -0.0000 -0.0000
vn -0.0000 -0.0000 -1.0000
vn 1.0000 -0.0000 -0.0000
vn -0.0000 -0.0000 1.0000
vn -0.0000 -1.0000 -0.0000
vn -0.0000 1.0000 -0.0000
vt 0.375000 0.000000
vt 0.625000 0.000000
vt 0.625000 0.250000
vt 0.375000 0.250000
vt 0.625000 0.500000
vt 0.375000 0.500000
vt 0.625000 0.750000
vt 0.375000 0.750000
vt 0.625000 1.000000
vt 0.375000 1.000000
vt 0.125000 0.500000
vt 0.125000 0.750000
vt 0.875000 0.500000
vt 0.875000 0.750000
s 0
usemtl Table_1_Chair_3_Seat_mat
f 804/696/102 805/697/102 807/698/102 806/699/102
f 806/699/103 807/698/103 811/700/103 810/701/103
f 810/701/104 811/700/104 809/702/104 808/703/104
f 808/703/105 809/702/105 805/704/105 804/705/105
f 806/706/106 810/701/106 808/703/106 804/707/106
f 811/700/107 807/708/107 805/709/107 809/702/107
o Table_1_Chair_3_Back
v -2.590000 0.250000 2.810000
v -2.590000 0.850000 2.810000
v -2.590000 0.250000 2.390000
v -2.590000 0.850000 2.390000
v -2.510000 0.250000 2.810000
v -2.510000 0.850000 2.810000
v -2.510000 0.250000 2.390000
v -2.510000 0.850000 2.390000
vn -1.0000 -0.0000 -0.0000
vn -0.0000 -0.0000 -1.0000
vn 1.0000 -0.0000 -0.0000
vn -0.0000 -0.0000 1.0000
vn -0.0000 -1.0000 -0.0000
vn -0.0000 1.0000 -0.0000
vt 0.375000 0.000000
vt 0.625000 0.000000
vt 0.625000 0.250000
vt 0.375000 0.250000
vt 0.625000 0.500000
vt 0.375000 0.500000
vt 0.625000 0.750000
vt 0.375000 0.750000
vt 0.625000 1.000000
vt 0.375000 1.000000
vt 0.125000 0.500000
vt 0.125000 0.750000
vt 0.875000 0.500000
vt 0.875000 0.750000
s 0
usemtl Table_1_Chair_3_Back_mat
f 812/710/108 813/711/108 815/712/108 814/713/108
f 814/713/109 815/712/109 819/714/109 818/715/109
f 818/715/110 819/714/110 817/716/110 816/717/110
f 816/717/111 817/716/111 813/718/111 812/719/111
f 814/720/112 818/715/112 816/717/112 812/721/112
f 819/714/113 815/722/113 813/723/113 817/716/113
o Table_1_Chair_4_Seat
v -4.630000 0.160000 2.810000
v -4.630000 0.340000 2.810000
v -4.630000 0.160000 2.390000
v -4.630000 0.340000 2.390000
v -4.210000 0.160000 2.810000
v -4.210000 0.340000 2.810000
v -4.210000 0.160000 2.390000
v -4.210000 0.340000 2.390000
vn -1.0000 -0.0000 -0.0000
vn -0.0000 -0.0000 -1.0000
vn 1.0000 -0.0000 -0.0000
vn -0.0000 -0.0000 1.0000
vn -0.0000 -1.0000 -0.0000
vn -0.0000 1.0000 -0.0000
vt 0.375000 0.000000
vt 0.625000 0.000000
vt 0.625000 0.250000
vt 0.375000 0.250000
vt 0.625000 0.500000
vt 0.375000 0.500000
vt 0.625000 0.750000
vt 0.375000 0.750000
vt 0.625000 1.000000
vt 0.375000 1.000000
vt 0.125000 0.500000
vt 0.125000 0.750000
vt 0.875000 0.500000
vt 0.875000 0.750000
s 0
usemtl Table_1_Chair_4_Seat_mat
f 820/724/114 821/725/114 823/726/114 822/727/114
f 822/727/115 823/726/115 827/728/115 826/729/115
f 826/729/116 827/728/116 825/730/116 824/731/116
f 824/731/117 825/730/117 821/732/117 820/733/117
f 822/734/118 826/729/118 824/731/118 820/735/118
f 827/728/119 823/736/119 821/737/119 825/730/119
o Table_1_Chair_4_Back
v -4.690000 0.250000 2.810000
v -4.690000 0.850000 2.810000
v -4.690000 0.250000 2.390000
v -4.690000 0.850000 2.390000
v -4.610000 0.250000 2.810000
v -4.610000 0.850000 2.810000
v -4.610000 0.250000 2.390000
v -4.610000 0.850000 2.390000
vn -1.0000 -0.0000 -0.0000
vn -0.0000 -0.0000 -1.0000
vn 1.0000 -0.0000 -0.0000
vn -0.0000 -0.0000 1.0000
vn -0.0000 -1.0000 -0.0000
vn -0.0000 1.0000 -0.0000
vt 0.375000 0.000000
vt 0.625000 0.000000
vt 0.625000 0.250000
vt 0.375000 0.250000
vt 0.625000 0.500000
vt 0.375000 0.500000
vt 0.625000 0.750000
vt 0.375000 0.750000
vt 0.625000 1.000000
vt 0.375000 1.000000
vt 0.125000 0.500000
vt 0.125000 0.750000
vt 0.875000 0.500000
vt 0.875000 0.750000
s 0
usemtl Table_1_Chair_4_Back_mat
f 828/738/120 829/739/120 831/740/120 830/741/120
f 830/741/121 831/740/121 835/742/121 834/743/121
f 834/743/122 835/742/122 833/744/122 832/745/122
f 832/745/123 833/744/123 829/746/123 828/747/123
f 830/748/124 834/743/124 832/745/124 828/749/124
f 835/742/125 831/750/125 829/751/125 833/744/125
o Table_1_Call_Light
v -3.600000 0.540000 2.480000
v -3.600000 0.620000 2.480000
v -3.576589 0.540000 2.482306
v -3.576589 0.620000 2.482306
v -3.554078 0.540000 2.489134
v -3.554078 0.620000 2.489134
v -3.533331 0.540000 2.500224
v -3.533331 0.620000 2.500224
v -3.515147 0.540000 2.515147
v -3.515147 0.620000 2.515147
v -3.500224 0.540000 2.533331
v -3.500224 0.620000 2.533331
v -3.489134 0.540000 2.554078
v -3.489134 0.620000 2.554078
v -3.482306 0.540000 2.576589
v -3.482306 0.620000 2.576589
v -3.480000 0.540000 2.600000
v -3.480000 0.620000 2.600000
v -3.482306 0.540000 2.623411
v -3.482306 0.620000 2.623411
v -3.489134 0.540000 2.645922
v -3.489134 0.620000 2.645922
v -3.500224 0.540000 2.666668
v -3.500224 0.620000 2.666668
v -3.515147 0.540000 2.684853
v -3.515147 0.620000 2.684853
v -3.533331 0.540000 2.699776
v -3.533331 0.620000 2.699776
v -3.554078 0.540000 2.710865
v -3.554078 0.620000 2.710865
v -3.576589 0.540000 2.717694
v -3.576589 0.620000 2.717694
v -3.600000 0.540000 2.720000
v -3.600000 0.620000 2.720000
v -3.623411 0.540000 2.717694
v -3.623411 0.620000 2.717694
v -3.645922 0.540000 2.710865
v -3.645922 0.620000 2.710865
v -3.666668 0.540000 2.699776
v -3.666668 0.620000 2.699776
v -3.684853 0.540000 2.684853
v -3.684853 0.620000 2.684853
v -3.699776 0.540000 2.666668
v -3.699776 0.620000 2.666668
v -3.710865 0.540000 2.645922
v -3.710865 0.620000 2.645922
v -3.717694 0.540000 2.623411
v -3.717694 0.620000 2.623411
v -3.720000 0.540000 2.600000
v -3.720000 0.620000 2.600000
v -3.717694 0.540000 2.576589
v -3.717694 0.620000 2.576589
v -3.710865 0.540000 2.554078
v -3.710865 0.620000 2.554078
v -3.699776 0.540000 2.533331
v -3.699776 0.620000 2.533331
v -3.684853 0.540000 2.515147
v -3.684853 0.620000 2.515147
v -3.666668 0.540000 2.500224
v -3.666668 0.620000 2.500224
v -3.645922 0.540000 2.489134
v -3.645922 0.620000 2.489134
v -3.623411 0.540000 2.482306
v -3.623411 0.620000 2.482306
vn 0.0980 -0.0000 -0.9952
vn 0.2903 -0.0000 -0.9569
vn 0.4714 -0.0000 -0.8819
vn 0.6344 -0.0000 -0.7730
vn 0.7730 -0.0000 -0.6344
vn 0.8819 -0.0000 -0.4714
vn 0.9569 -0.0000 -0.2903
vn 0.9952 -0.0000 -0.0980
vn 0.9952 -0.0000 0.0980
vn 0.9569 -0.0000 0.2903
vn 0.8819 -0.0000 0.4714
vn 0.7730 -0.0000 0.6344
vn 0.6344 -0.0000 0.7730
vn 0.4714 -0.0000 0.8819
vn 0.2903 -0.0000 0.9569
vn 0.0980 -0.0000 0.9952
vn -0.0980 -0.0000 0.9952
vn -0.2903 -0.0000 0.9569
vn -0.4714 -0.0000 0.8819
vn -0.6344 -0.0000 0.7730
vn -0.7730 -0.0000 0.6344
vn -0.8819 -0.0000 0.4714
vn -0.9569 -0.0000 0.2903
vn -0.9952 -0.0000 0.0980
vn -0.9952 -0.0000 -0.0980
vn -0.9569 -0.0000 -0.2903
vn -0.8819 -0.0000 -0.4714
vn -0.7730 -0.0000 -0.6344
vn -0.6344 -0.0000 -0.7730
vn -0.4714 -0.0000 -0.8819
vn -0.0000 1.0000 -0.0000
vn -0.2903 -0.0000 -0.9569
vn -0.0980 -0.0000 -0.9952
vn -0.0000 -1.0000 -0.0000
vt 1.000000 0.500000
vt 1.000000 1.000000
vt 0.968750 1.000000
vt 0.968750 0.500000
vt 0.937500 1.000000
vt 0.937500 0.500000
vt 0.906250 1.000000
vt 0.906250 0.500000
vt 0.875000 1.000000
vt 0.875000 0.500000
vt 0.843750 1.000000
vt 0.843750 0.500000
vt 0.812500 1.000000
vt 0.812500 0.500000
vt 0.781250 1.000000
vt 0.781250 0.500000
vt 0.750000 1.000000
vt 0.750000 0.500000
vt 0.718750 1.000000
vt 0.718750 0.500000
vt 0.687500 1.000000
vt 0.687500 0.500000
vt 0.656250 1.000000
vt 0.656250 0.500000
vt 0.625000 1.000000
vt 0.625000 0.500000
vt 0.593750 1.000000
vt 0.593750 0.500000
vt 0.562500 1.000000
vt 0.562500 0.500000
vt 0.531250 1.000000
vt 0.531250 0.500000
vt 0.500000 1.000000
vt 0.500000 0.500000
vt 0.468750 1.000000
vt 0.468750 0.500000
vt 0.437500 1.000000
vt 0.437500 0.500000
vt 0.406250 1.000000
vt 0.406250 0.500000
vt 0.375000 1.000000
vt 0.375000 0.500000
vt 0.343750 1.000000
vt 0.343750 0.500000
vt 0.312500 1.000000
vt 0.312500 0.500000
vt 0.281250 1.000000
vt 0.281250 0.500000
vt 0.250000 1.000000
vt 0.250000 0.500000
vt 0.218750 1.000000
vt 0.218750 0.500000
vt 0.187500 1.000000
vt 0.187500 0.500000
vt 0.156250 1.000000
vt 0.156250 0.500000
vt 0.125000 1.000000
vt 0.125000 0.500000
vt 0.093750 1.000000
vt 0.093750 0.500000
vt 0.062500 1.000000
vt 0.062500 0.500000
vt 0.296822 0.485388
vt 0.250000 0.490000
vt 0.203178 0.485388
vt 0.158156 0.471731
vt 0.116663 0.449553
vt 0.080294 0.419706
vt 0.050447 0.383337
vt 0.028269 0.341844
vt 0.014612 0.296822
vt 0.010000 0.250000
vt 0.014612 0.203178
vt 0.028269 0.158156
vt 0.050447 0.116663
vt 0.080294 0.080294
vt 0.116663 0.050447
vt 0.158156 0.028269
vt 0.203178 0.014612
vt 0.250000 0.010000
vt 0.296822 0.014612
vt 0.341844 0.028269
vt 0.383337 0.050447
vt 0.419706 0.080294
vt 0.449553 0.116663
vt 0.471731 0.158156
vt 0.485388 0.203178
vt 0.490000 0.250000
vt 0.485388 0.296822
vt 0.471731 0.341844
vt 0.449553 0.383337
vt 0.419706 0.419706
vt 0.383337 0.449553
vt 0.341844 0.471731
vt 0.031250 1.000000
vt 0.031250 0.500000
vt 0.000000 1.000000
vt 0.000000 0.500000
vt 0.750000 0.490000
vt 0.796822 0.485388
vt 0.841844 0.471731
vt 0.883337 0.449553
vt 0.919706 0.419706
vt 0.949553 0.383337
vt 0.971731 0.341844
vt 0.985388 0.296822
vt 0.990000 0.250000
vt 0.985388 0.203178
vt 0.971731 0.158156
vt 0.949553 0.116663
vt 0.919706 0.080294
vt 0.883337 0.050447
vt 0.841844 0.028269
vt 0.796822 0.014612
vt 0.750000 0.010000
vt 0.703178 0.014612
vt 0.658156 0.028269
vt 0.616663 0.050447
vt 0.580294 0.080294
vt 0.550447 0.116663
vt 0.528269 0.158156
vt 0.514612 0.203178
vt 0.510000 0.250000
vt 0.514612 0.296822
vt 0.528269 0.341844
vt 0.550447 0.383337
vt 0.580294 0.419706
vt 0.616663 0.449553
vt 0.658156 0.471731
vt 0.703178 0.485388
s 0
usemtl Table_1_Call_Light_mat
f 836/752/126 837/753/126 839/754/126 838/755/126
f 838/755/127 839/754/127 841/756/127 840/757/127
f 840/757/128 841/756/128 843/758/128 842/759/128
f 842/759/129 843/758/129 845/760/129 844/761/129
f 844/761/130 845/760/130 847/762/130 846/763/130
f 846/763/131 847/762/131 849/764/131 848/765/131
f 848/765/132 849/764/132 851/766/132 850/767/132
f 850/767/133 851/766/133 853/768/133 852/769/133
f 852/769/134 853/768/134 855/770/134 854/771/134
f 854/771/135 855/770/135 857/772/135 856/773/135
f 856/773/136 857/772/136 859/774/136 858/775/136
f 858/775/137 859/774/137 861/776/137 860/777/137
f 860/777/138 861/776/138 863/778/138 862/779/138
f 862/779/139 863/778/139 865/780/139 864/781/139
f 864/781/140 865/780/140 867/782/140 866/783/140
f 866/783/141 867/782/141 869/784/141 868/785/141
f 868/785/142 869/784/142 871/786/142 870/787/142
f 870/787/143 871/786/143 873/788/143 872/789/143
f 872/789/144 873/788/144 875/790/144 874/791/144
f 874/791/145 875/790/145 877/792/145 876/793/145
f 876/793/146 877/792/146 879/794/146 878/795/146
f 878/795/147 879/794/147 881/796/147 880/797/147
f 880/797/148 881/796/148 883/798/148 882/799/148
f 882/799/149 883/798/149 885/800/149 884/801/149
f 884/801/150 885/800/150 887/802/150 886/803/150
f 886/803/151 887/802/151 889/804/151 888/805/151
f 888/805/152 889/804/152 891/806/152 890/807/152
f 890/807/153 891/806/153 893/808/153 892/809/153
f 892/809/154 893/808/154 895/810/154 894/811/154
f 894/811/155 895/810/155 897/812/155 896/813/155
f 839/814/156 837/815/156 899/816/156 897/817/156 895/818/156 893/819/156 891/820/156 889/821/156 887/822/156 885/823/156 883/824/156 881/825/156 879/826/156 877/827/156 875/828/156 873/829/156 871/830/156 869/831/156 867/832/156 865/833/156 863/834/156 861/835/156 859/836/156 857/837/156 855/838/156 853/839/156 851/840/156 849/841/156 847/842/156 845/843/156 843/844/156 841/845/156
f 896/813/157 897/812/157 899/846/157 898/847/157
f 898/847/158 899/846/158 837/848/158 836/849/158
f 836/850/159 838/851/159 840/852/159 842/853/159 844/854/159 846/855/159 848/856/159 850/857/159 852/858/159 854/859/159 856/860/159 858/861/159 860/862/159 862/863/159 864/864/159 866/865/159 868/866/159 870/867/159 872/868/159 874/869/159 876/870/159 878/871/159 880/872/159 882/873/159 884/874/159 886/875/159 888/876/159 890/877/159 892/878/159 894/879/159 896/880/159 898/881/159
o Table_1_Label
v -3.698560 0.810960 2.600000
v -3.671120 0.810960 2.600000
v -3.671120 0.620000 2.600000
v -3.698560 0.620000 2.600000
v -3.609800 0.810960 2.600000
v -3.450200 0.810960 2.600000
v -3.450200 0.786320 2.600000
v -3.516280 0.786320 2.600000
v -3.516280 0.620000 2.600000
v -3.543720 0.620000 2.600000
v -3.543720 0.786320 2.600000
v -3.609800 0.786320 2.600000
vn -0.0000 -0.0000 1.0000
vt 0.333333 0.000000
vt 0.666667 0.000000
vt 1.000000 0.000000
vt 0.000000 0.000000
vt 0.142857 0.000000
vt 0.285714 0.000000
vt 0.428571 0.000000
vt 0.857143 0.000000
vt 0.571429 0.000000
vt 0.714286 0.000000
s 0
usemtl Table_1_Label_mat
f 901/882/160 903/884/160 902/883/160
f 903/884/160 901/882/160 900/885/160
f 905/886/160 907/888/160 906/887/160
f 911/884/160 910/889/160 904/885/160
f 907/888/160 909/891/160 908/890/160
f 909/891/160 907/888/160 910/889/160
f 905/886/160 910/889/160 907/888/160
f 910/889/160 905/886/160 904/885/160
o Table_2
v -1.925000 0.390000 1.525000
v -1.925000 0.510000 1.525000
v -1.925000 0.390000 0.475000
v -1.925000 0.510000 0.475000
v -0.875000 0.390000 1.525000
v -0.875000 0.510000 1.525000
v -0.875000 0.390000 0.475000
v -0.875000 0.510000 0.475000
vn -1.0000 -0.0000 -0.0000
vn -0.0000 -0.0000 -1.0000
vn 1.0000 -0.0000 -0.0000
vn -0.0000 -0.0000 1.0000
vn -0.0000 -1.0000 -0.0000
vn -0.0000 1.0000 -0.0000
vt 0.375000 0.000000
vt 0.625000 0.000000
vt 0.625000 0.250000
vt 0.375000 0.250000
vt 0.625000 0.500000
vt 0.375000 0.500000
vt 0.625000 0.750000
vt 0.375000 0.750000
vt 0.625000 1.000000
vt 0.375000 1.000000
vt 0.125000 0.500000
vt 0.125000 0.750000
vt 0.875000 0.500000
vt 0.875000 0.750000
s 0
usemtl Table_2_mat
f 912/892/161 913/893/161 915/894/161 914/895/161
f 914/895/162 915/894/162 919/896/162 918/897/162
f 918/897/163 919/896/163 917/898/163 916/899/163
f 916/899/164 917/898/164 913/900/164 912/901/164
f 914/902/165 918/897/165 916/899/165 912/903/165
f 919/896/166 915/904/166 913/905/166 917/898/166
o Table_2_Leg
v -1.400000 0.000000 0.920000
v -1.400000 0.440000 0.920000
v -1.384393 0.000000 0.921537
v -1.384393 0.440000 0.921537
v -1.369385 0.000000 0.926090
v -1.369385 0.440000 0.926090
v -1.355554 0.000000 0.933482
v -1.355554 0.440000 0.933482
v -1.343431 0.000000 0.943431
v -1.343431 0.440000 0.943431
v -1.333482 0.000000 0.955554
v -1.333482 0.440000 0.955554
v -1.326090 0.000000 0.969385
v -1.326090 0.440000 0.969385
v -1.321537 0.000000 0.984393
v -1.321537 0.440000 0.984393
v -1.320000 0.000000 1.000000
v -1.320000 0.440000 1.000000
v -1.321537 0.000000 1.015607
v -1.321537 0.440000 1.015607
v -1.326090 0.000000 1.030615
v -1.326090 0.440000 1.030615
v -1.333482 0.000000 1.044446
v -1.333482 0.440000 1.044446
v -1.343431 0.000000 1.056569
v -1.343431 0.440000 1.056569
v -1.355554 0.000000 1.066518
v -1.355554 0.440000 1.066518
v -1.369385 0.000000 1.073910
v -1.369385 0.440000 1.073910
v -1.384393 0.000000 1.078463
v -1.384393 0.440000 1.078463
v -1.400000 0.000000 1.080000
v -1.400000 0.440000 1.080000
v -1.415607 0.000000 1.078463
v -1.415607 0.440000 1.078463
v -1.430615 0.000000 1.073910
v -1.430615 0.440000 1.073910
v -1.444446 0.000000 1.066518
v -1.444446 0.440000 1.066518
v -1.456568 0.000000 1.056569
v -1.456568 0.440000 1.056569
v -1.466518 0.000000 1.044446
v -1.466518 0.440000 1.044446
v -1.473910 0.000000 1.030615
v -1.473910 0.440000 1.030615
v -1.478463 0.000000 1.015607
v -1.478463 0.440000 1.015607
v -1.480000 0.000000 1.000000
v -1.480000 0.440000 1.000000
v -1.478463 0.000000 0.984393
v -1.478463 0.440000 0.984393
v -1.473910 0.000000 0.969385
v -1.473910 0.440000 0.969385
v -1.466518 0.000000 0.955554
v -1.466518 0.440000 0.955554
v -1.456568 0.000000 0.943431
v -1.456568 0.440000 0.943431
v -1.444446 0.000000 0.933482
v -1.444446 0.440000 0.933482
v -1.430615 0.000000 0.926090
v -1.430615 0.440000 0.926090
v -1.415607 0.000000 0.921537
v -1.415607 0.440000 0.921537
vn 0.0980 -0.0000 -0.9952
vn 0.2903 -0.0000 -0.9569
vn 0.4714 -0.0000 -0.8819
vn 0.6344 -0.0000 -0.7730
vn 0.7730 -0.0000 -0.6344
vn 0.8819 -0.0000 -0.4714
vn 0.9569 -0.0000 -0.2903
vn 0.9952 -0.0000 -0.0980
vn 0.9952 -0.0000 0.0980
vn 0.9569 -0.0000 0.2903
vn 0.8819 -0.0000 0.4714
vn 0.7730 -0.0000 0.6344
vn 0.6344 -0.0000 0.7730
vn 0.4714 -0.0000 0.8819
vn 0.2903 -0.0000 0.9569
vn 0.0980 -0.0000 0.9952
vn -0.0980 -0.0000 0.9952
vn -0.2903 -0.0000 0.9569
vn -0.4714 -0.0000 0.8819
vn -0.6344 -0.0000 0.7730
vn -0.7730 -0.0000 0.6344
vn -0.8819 -0.0000 0.4714
vn -0.9569 -0.0000 0.2903
vn -0.9952 -0.0000 0.0980
vn -0.9952 -0.0000 -0.0980
vn -0.9569 -0.0000 -0.2903
vn -0.8819 -0.0000 -0.4714
vn -0.7730 -0.0000 -0.6344
vn -0.6344 -0.0000 -0.7730
vn -0.4714 -0.0000 -0.8819
vn -0.0000 1.0000 -0.0000
vn -0.2903 -0.0000 -0.9569
vn -0.0980 -0.0000 -0.9952
vn -0.0000 -1.0000 -0.0000
vt 1.000000 0.500000
vt 1.000000 1.000000
vt 0.968750 1.000000
vt 0.968750 0.500000
vt 0.937500 1.000000
vt 0.937500 0.500000
vt 0.906250 1.000000
vt 0.906250 0.500000
vt 0.875000 1.000000
vt 0.875000 0.500000
vt 0.843750 1.000000
vt 0.843750 0.500000
vt 0.812500 1.000000
vt 0.812500 0.500000
vt 0.781250 1.000000
vt 0.781250 0.500000
vt 0.750000 1.000000
vt 0.750000 0.500000
vt 0.718750 1.000000
vt 0.718750 0.500000
vt 0.687500 1.000000
vt 0.687500 0.500000
vt 0.656250 1.000000
vt 0.656250 0.500000
vt 0.625000 1.000000
vt 0.625000 0.500000
vt 0.593750 1.000000
vt 0.593750 0.500000
vt 0.562500 1.000000
vt 0.562500 0.500000
vt 0.531250 1.000000
vt 0.531250 0.500000
vt 0.500000 1.000000
vt 0.500000 0.500000
vt 0.468750 1.000000
vt 0.468750 0.500000
vt 0.437500 1.000000
vt 0.437500 0.500000
vt 0.406250 1.000000
vt 0.406250 0.500000
vt 0.375000 1.000000
vt 0.375000 0.500000
vt 0.343750 1.000000
vt 0.343750 0.500000
vt 0.312500 1.000000
vt 0.312500 0.500000
vt 0.281250 1.000000
vt 0.281250 0.500000
vt 0.250000 1.000000
vt 0.250000 0.500000
vt 0.218750 1.000000
vt 0.218750 0.500000
vt 0.187500 1.000000
vt 0.187500 0.500000
vt 0.156250 1.000000
vt 0.156250 0.500000
vt 0.125000 1.000000
vt 0.125000 0.500000
vt 0.093750 1.000000
vt 0.093750 0.500000
vt 0.062500 1.000000
vt 0.062500 0.500000
vt 0.296822 0.485388
vt 0.250000 0.490000
vt 0.203178 0.485388
vt 0.158156 0.471731
vt 0.116663 0.449553
vt 0.080294 0.419706
vt 0.050447 0.383337
vt 0.028269 0.341844
vt 0.014612 0.296822
vt 0.010000 0.250000
vt 0.014612 0.203178
vt 0.028269 0.158156
vt 0.050447 0.116663
vt 0.080294 0.080294
vt 0.116663 0.050447
vt 0.158156 0.028269
vt 0.203178 0.014612
vt 0.250000 0.010000
vt 0.296822 0.014612
vt 0.341844 0.028269
vt 0.383337 0.050447
vt 0.419706 0.080294
vt 0.449553 0.116663
vt 0.471731 0.158156
vt 0.485388 0.203178
vt 0.490000 0.250000
vt 0.485388 0.296822
vt 0.471731 0.341844
vt 0.449553 0.383337
vt 0.419706 0.419706
vt 0.383337 0.449553
vt 0.341844 0.471731
vt 0.031250 1.000000
vt 0.031250 0.500000
vt 0.000000 1.000000
vt 0.000000 0.500000
vt 0.750000 0.490000
vt 0.796822 0.485388
vt 0.841844 0.471731
vt 0.883337 0.449553
vt 0.919706 0.419706
vt 0.949553 0.383337
vt 0.971731 0.341844
vt 0.985388 0.296822
vt 0.990000 0.250000
vt 0.985388 0.203178
vt 0.971731 0.158156
vt 0.949553 0.116663
vt 0.919706 0.080294
vt 0.883337 0.050447
vt 0.841844 0.028269
vt 0.796822 0.014612
vt 0.750000 0.010000
vt 0.703178 0.014612
vt 0.658156 0.028269
vt 0.616663 0.050447
vt 0.580294 0.080294
vt 0.550447 0.116663
vt 0.528269 0.158156
vt 0.514612 0.203178
vt 0.510000 0.250000
vt 0.514612 0.296822
vt 0.528269 0.341844
vt 0.550447 0.383337
vt 0.580294 0.419706
vt 0.616663 0.449553
vt 0.658156 0.471731
vt 0.703178 0.485388
s 0
usemtl Table_2_Leg_mat
f 920/906/167 921/907/167 923/908/167 922/909/167
f 922/909/168 923/908/168 925/910/168 924/911/168
f 924/911/169 925/910/169 927/912/169 926/913/169
f 926/913/170 927/912/170 929/914/170 928/915/170
f 928/915/171 929/914/171 931/916/171 930/917/171
f 930/917/172 931/916/172 933/918/172 932/919/172
f 932/919/173 933/918/173 935/920/173 934/921/173
f 934/921/174 935/920/174 937/922/174 936/923/174
f 936/923/175 937/922/175 939/924/175 938/925/175
f 938/925/176 939/924/176 941/926/176 940/927/176
f 940/927/177 941/926/177 943/928/177 942/929/177
f 942/929/178 943/928/178 945/930/178 944/931/178
f 944/931/179 945/930/179 947/932/179 946/933/179
f 946/933/180 947/932/180 949/934/180 948/935/180
f 948/935/181 949/934/181 951/936/181 950/937/181
f 950/937/182 951/936/182 953/938/182 952/939/182
f 952/939/183 953/938/183 955/940/183 954/941/183
f 954/941/184 955/940/184 957/942/184 956/943/184
f 956/943/185 957/942/185 959/944/185 958/945/185
f 958/945/186 959/944/186 961/946/186 960/947/186
f 960/947/187 961/946/187 963/948/187 962/949/187
f 962/949/188 963/948/188 965/950/188 964/951/188
f 964/951/189 965/950/189 967/952/189 966/953/189
f 966/953/190 967/952/190 969/954/190 968/955/190
f 968/955/191 969/954/191 971/956/191 970/957/191
f 970/957/192 971/956/192 973/958/192 972/959/192
f 972/959/193 973/958/193 975/960/193 974/961/193
f 974/961/194 975/960/194 977/962/194 976/963/194
f 976/963/195 977/962/195 979/964/195 978/965/195
f 978/965/196 979/964/196 981/966/196 980/967/196
f 923/968/197 921/969/197 983/970/197 981/971/197 979/972/197 977/973/197 975/974/197 973/975/197 971/976/197 969/977/197 967/978/197 965/979/197 963/980/197 961/981/197 959/982/197 957/983/197 955/984/197 953/985/197 951/986/197 949/987/197 947/988/197 945/989/197 943/990/197 941/991/197 939/992/197 937/993/197 935/994/197 933/995/197 931/996/197 929/997/197 927/998/197 925/999/197
f 980/967/198 981/966/198 983/1000/198 982/1001/198
f 982/1001/199 983/1000/199 921/1002/199 920/1003/199
f 920/1004/200 922/1005/200 924/1006/200 926/1007/200 928/1008/200 930/1009/200 932/1010/200 934/1011/200 936/1012/200 938/1013/200 940/1014/200 942/1015/200 944/1016/200 946/1017/200 948/1018/200 950/1019/200 952/1020/200 954/1021/200 956/1022/200 958/1023/200 960/1024/200 962/1025/200 964/1026/200 966/1027/200 968/1028/200 970/1029/200 972/1030/200 974/1031/200 976/1032/200 978/1033/200 980/1034/200 982/1035/200
o Table_2_Chair_1_Seat
v -1.610000 0.160000 0.390000
v -1.610000 0.340000 0.390000
v -1.610000 0.160000 -0.030000
v -1.610000 0.340000 -0.030000
v -1.190000 0.160000 0.390000
v -1.190000 0.340000 0.390000
v -1.190000 0.160000 -0.030000
v -1.190000 0.340000 -0.030000
vn -1.0000 -0.0000 -0.0000
vn -0.0000 -0.0000 -1.0000
vn 1.0000 -0.0000 -0.0000
vn -0.0000 -0.0000 1.0000
vn -0.0000 -1.0000 -0.0000
vn -0.0000 1.0000 -0.0000
vt 0.375000 0.000000
vt 0.625000 0.000000
vt 0.625000 0.250000
vt 0.375000 0.250000
vt 0.625000 0.500000
vt 0.375000 0.500000
vt 0.625000 0.750000
vt 0.375000 0.750000
vt 0.625000 1.000000
vt 0.375000 1.000000
vt 0.125000 0.500000
vt 0.125000 0.750000
vt 0.875000 0.500000
vt 0.875000 0.750000
s 0
usemtl Table_2_Chair_1_Seat_mat
f 984/1036/201 985/1037/201 987/1038/201 986/1039/201
f 986/1039/202 987/1038/202 991/1040/202 990/1041/202
f 990/1041/203 991/1040/203 989/1042/203 988/1043/203
f 988/1043/204 989/1042/204 985/1044/204 984/1045/204
f 986/1046/205 990/1041/205 988/1043/205 984/1047/205
f 991/1040/206 987/1048/206 985/1049/206 989/1042/206
o Table_2_Chair_1_Back
v -1.610000 0.250000 -0.010000
v -1.610000 0.850000 -0.010000
v -1.610000 0.250000 -0.090000
v -1.610000 0.850000 -0.090000
v -1.190000 0.250000 -0.010000
v -1.190000 0.850000 -0.010000
v -1.190000 0.250000 -0.090000
v -1.190000 0.850000 -0.090000
vn -1.0000 -0.0000 -0.0000
vn -0.0000 -0.0000 -1.0000
vn 1.0000 -0.0000 -0.0000
vn -0.0000 -0.0000 1.0000
vn -0.0000 -1.0000 -0.0000
vn -0.0000 1.0000 -0.0000
vt 0.375000 0.000000
vt 0.625000 0.000000
vt 0.625000 0.250000
vt 0.375000 0.250000
vt 0.625000 0.500000
vt 0.375000 0.500000
vt 0.625000 0.750000
vt 0.375000 0.750000
vt 0.625000 1.000000
vt 0.375000 1.000000
vt 0.125000 0.500000
vt 0.125000 0.750000
vt 0.875000 0.500000
vt 0.875000 0.750000
s 0
usemtl Table_2_Chair_1_Back_mat
f 992/1050/207 993/1051/207 995/1052/207 994/1053/207
f 994/1053/208 995/1052/208 999/1054/208 998/1055/208
f 998/1055/209 999/1054/209 997/1056/209 996/1057/209
f 996/1057/210 997/1056/210 993/1058/210 992/1059/210
f 994/1060/211 998/1055/211 996/1057/211 992/1061/211
f 999/1054/212 995/1062/212 993/1063/212 997/1056/212
o Table_2_Chair_2_Seat
v -1.610000 0.160000 2.030000
v -1.610000 0.340000 2.030000
v -1.610000 0.160000 1.610000
v -1.610000 0.340000 1.610000
v -1.190000 0.160000 2.030000
v -1.190000 0.340000 2.030000
v -1.190000 0.160000 1.610000
v -1.190000 0.340000 1.610000
vn -1.0000 -0.0000 -0.0000
vn -0.0000 -0.0000 -1.0000
vn 1.0000 -0.0000 -0.0000
vn -0.0000 -0.0000 1.0000
vn -0.0000 -1.0000 -0.0000
vn -0.0000 1.0000 -0.0000
vt 0.375000 0.000000
vt 0.625000 0.000000
vt 0.625000 0.250000
vt 0.375000 0.250000
vt 0.625000 0.500000
vt 0.375000 0.500000
vt 0.625000 0.750000
vt 0.375000 0.750000
vt 0.625000 1.000000
vt 0.375000 1.000000
vt 0.125000 0.500000
vt 0.125000 0.750000
vt 0.875000 0.500000
vt 0.875000 0.750000
s 0
usemtl Table_2_Chair_2_Seat_mat
f 1000/1064/213 1001/1065/213 1003/1066/213 1002/1067/213
f 1002/1067/214 1003/1066/214 1007/1068/214 1006/1069/214
f 1006/1069/215 1007/1068/215 1005/1070/215 1004/1071/215
f 1004/1071/216 1005/1070/216 1001/1072/216 1000/1073/216
f 1002/1074/217 1006/1069/217 1004/1071/217 1000/1075/217
f 1007/1068/218 1003/1076/218 1001/1077/218 1005/1070/218
o Table_2_Chair_2_Back
v -1.610000 0.250000 2.090000
v -1.610000 0.850000 2.090000
v -1.610000 0.250000 2.010000
v -1.610000 0.850000 2.010000
v -1.190000 0.250000 2.090000
v -1.190000 0.850000 2.090000
v -1.190000 0.250000 2.010000
v -1.190000 0.850000 2.010000
vn -1.0000 -0.0000 -0.0000
vn -0.0000 -0.0000 -1.0000
vn 1.0000 -0.0000 -0.0000
vn -0.0000 -0.0000 1.0000
vn -0.0000 -1.0000 -0.0000
vn -0.0000 1.0000 -0.0000
vt 0.375000 0.000000
vt 0.625000 0.000000
vt 0.625000 0.250000
vt 0.375000 0.250000
vt 0.625000 0.500000
vt 0.375000 0.500000
vt 0.625000 0.750000
vt 0.375000 0.750000
vt 0.625000 1.000000
vt 0.375000 1.000000
vt 0.125000 0.500000
vt 0.125000 0.750000
vt 0.875000 0.500000
vt 0.875000 0.750000
s 0
usemtl Table_2_Chair_2_Back_mat
f 1008/1078/219 1009/1079/219 1011/1080/219 1010/1081/219
f 1010/1081/220 1011/1080/220 1015/1082/220 1014/1083/220
f 1014/1083/221 1015/1082/221 1013/1084/221 1012/1085/221
f 1012/1085/222 1013/1084/222 1009/1086/222 1008/1087/222
f 1010/1088/223 1014/1083/223 1012/1085/223 1008/1089/223
f 1015/1082/224 1011/1090/224 1009/1091/224 1013/1084/224
o Table_2_Chair_3_Seat
v -0.790000 0.160000 1.210000
v -0.790000 0.340000 1.210000
v -0.790000 0.160000 0.790000
v -0.790000 0.340000 0.790000
v -0.370000 0.160000 1.210000
v -0.370000 0.340000 1.210000
v -0.370000 0.160000 0.790000
v -0.370000 0.340000 0.790000
vn -1.0000 -0.0000 -0.0000
vn -0.0000 -0.0000 -1.0000
vn 1.0000 -0.0000 -0.0000
vn -0.0000 -0.0000 1.0000
vn -0.0000 -1.0000 -0.0000
vn -0.0000 1.0000 -0.0000
vt 0.375000 0.000000
vt 0.625000 0.000000
vt 0.625000 0.250000
vt 0.375000 0.250000
vt 0.625000 0.500000
vt 0.375000 0.500000
vt 0.625000 0.750000
vt 0.375000 0.750000
vt 0.625000 1.000000
vt 0.375000 1.000000
vt 0.125000 0.500000
vt 0.125000 0.750000
vt 0.875000 0.500000
vt 0.875000 0.750000
s 0
usemtl Table_2_Chair_3_Seat_mat
f 1016/1092/225 1017/1093/225 1019/1094/225 1018/1095/225
f 1018/1095/226 1019/1094/226 1023/1096/226 1022/1097/226
f 1022/1097/227 1023/1096/227 1021/1098/227 1020/1099/227
f 1020/1099/228 1021/1098/228 1017/1100/228 1016/1101/228
f 1018/1102/229 1022/1097/229 1020/1099/229 1016/1103/229
f 1023/1096/230 1019/1104/230 1017/1105/230 1021/1098/230
o Table_2_Chair_3_Back
v -0.390000 0.250000 1.210000
v -0.390000 0.850000 1.210000
v -0.390000 0.250000 0.790000
v -0.390000 0.850000 0.790000
v -0.310000 0.250000 1.210000
v -0.310000 0.850000 1.210000
v -0.310000 0.250000 0.790000
v -0.310000 0.850000 0.790000
vn -1.0000 -0.0000 -0.0000
vn -0.0000 -0.0000 -1.0000
vn 1.0000 -0.0000 -0.0000
vn -0.0000 -0.0000 1.0000
vn -0.0000 -1.0000 -0.0000
vn -0.0000 1.0000 -0.0000
vt 0.375000 0.000000
vt 0.625000 0.000000
vt 0.625000 0.250000
vt 0.375000 0.250000
vt 0.625000 0.500000
vt 0.375000 0.500000
vt 0.625000 0.750000
vt 0.375000 0.750000
vt 0.625000 1.000000
vt 0.375000 1.000000
vt 0.125000 0.500000
vt 0.125000 0.750000
vt 0.875000 0.500000
vt 0.875000 0.750000
s 0
usemtl Table_2_Chair_3_Back_mat
f 1024/1106/231 1025/1107/231 1027/1108/231 1026/1109/231
f 1026/1109/232 1027/1108/232 1031/1110/232 1030/1111/232
f 1030/1111/233 1031/1110/233 1029/1112/233 1028/1113/233
f 1028/1113/234 1029/1112/234 1025/1114/234 1024/1115/234
f 1026/1116/235 1030/1111/235 1028/1113/235 1024/1117/235
f 1031/1110/236 1027/1118/236 1025/1119/236 1029/1112/236
o Table_2_Chair_4_Seat
v -2.430000 0.160000 1.210000
v -2.430000 0.340000 1.210000
v -2.430000 0.160000 0.790000
v -2.430000 0.340000 0.790000
v -2.010000 0.160000 1.210000
v -2.010000 0.340000 1.210000
v -2.010000 0.160000 0.790000
v -2.010000 0.340000 0.790000
vn -1.0000 -0.0000 -0.0000
vn -0.0000 -0.0000 -1.0000
vn 1.0000 -0.0000 -0.0000
vn -0.0000 -0.0000 1.0000
vn -0.0000 -1.0000 -0.0000
vn -0.0000 1.0000 -0.0000
vt 0.375000 0.000000
vt 0.625000 0.000000
vt 0.625000 0.250000
vt 0.375000 0.250000
vt 0.625000 0.500000
vt 0.375000 0.500000
vt 0.625000 0.750000
vt 0.375000 0.750000
vt 0.625000 1.000000
vt 0.375000 1.000000
vt 0.125000 0.500000
vt 0.125000 0.750000
vt 0.875000 0.500000
vt 0.875000 0.750000
s 0
usemtl Table_2_Chair_4_Seat_mat
f 1032/1120/237 1033/1121/237 1035/1122/237 1034/1123/237
f 1034/1123/238 1035/1122/238 1039/1124/238 1038/1125/238
f 1038/1125/239 1039/1124/239 1037/1126/239 1036/1127/239
f 1036/1127/240 1037/1126/240 1033/1128/240 1032/1129/240
f 1034/1130/241 1038/1125/241 1036/1127/241 1032/1131/241
f 1039/1124/242 1035/1132/242 1033/1133/242 1037/1126/242
o Table_2_Chair_4_Back
v -2.490000 0.250000 1.210000
v -2.490000 0.850000 1.210000
v -2.490000 0.250000 0.790000
v -2.490000 0.850000 0.790000
v -2.410000 0.250000 1.210000
v -2.410000 0.850000 1.210000
v -2.410000 0.250000 0.790000
v -2.410000 0.850000 0.790000
vn -1.0000 -0.0000 -0.0000
vn -0.0000 -0.0000 -1.0000
vn 1.0000 -0.0000 -0.0000
vn -0.0000 -0.0000 1.0000
vn -0.0000 -1.0000 -0.0000
vn -0.0000 1.0000 -0.0000
vt 0.375000 0.000000
vt 0.625000 0.000000
vt 0.625000 0.250000
vt 0.375000 0.250000
vt 0.625000 0.500000
vt 0.375000 0.500000
vt 0.625000 0.750000
vt 0.375000 0.750000
vt 0.625000 1.000000
vt 0.375000 1.000000
vt 0.125000 0.500000
vt 0.125000 0.750000
vt 0.875000 0.500000
vt 0.875000 0.750000
s 0
usemtl Table_2_Chair_4_Back_mat
f 1040/1134/243 1041/1135/243 1043/1136/243 1042/1137/243
f 1042/1137/244 1043/1136/244 1047/1138/244 1046/1139/244
f 1046/1139/245 1047/1138/245 1045/1140/245 1044/1141/245
f 1044/1141/246 1045/1140/246 1041/1142/246 1040/1143/246
f 1042/1144/247 1046/1139/247 1044/1141/247 1040/1145/247
f 1047/1138/248 1043/1146/248 1041/1147/248 1045/1140/248
o Table_2_Call_Light
v -1.400000 0.540000 0.880000
v -1.400000 0.620000 0.880000
v -1.376589 0.540000 0.882306
v -1.376589 0.620000 0.882306
v -1.354078 0.540000 0.889134
v -1.354078 0.620000 0.889134
v -1.333332 0.540000 0.900224
v -1.333332 0.620000 0.900224
v -1.315147 0.540000 0.915147
v -1.315147 0.620000 0.915147
v -1.300224 0.540000 0.933332
v -1.300224 0.620000 0.933332
v -1.289134 0.540000 0.954078
v -1.289134 0.620000 0.954078
v -1.282306 0.540000 0.976589
v -1.282306 0.620000 0.976589
v -1.280000 0.540000 1.000000
v -1.280000 0.620000 1.000000
v -1.282306 0.540000 1.023411
v -1.282306 0.620000 1.023411
v -1.289134 0.540000 1.045922
v -1.289134 0.620000 1.045922
v -1.300224 0.540000 1.066668
v -1.300224 0.620000 1.066668
v -1.315147 0.540000 1.084853
v -1.315147 0.620000 1.084853
v -1.333332 0.540000 1.099776
v -1.333332 0.620000 1.099776
v -1.354078 0.540000 1.110866
v -1.354078 0.620000 1.110866
v -1.376589 0.540000 1.117694
v -1.376589 0.620000 1.117694
v -1.400000 0.540000 1.120000
v -1.400000 0.620000 1.120000
v -1.423411 0.540000 1.117694
v -1.423411 0.620000 1.117694
v -1.445922 0.540000 1.110866
v -1.445922 0.620000 1.110866
v -1.466668 0.540000 1.099776
v -1.466668 0.620000 1.099776
v -1.484853 0.540000 1.084853
v -1.484853 0.620000 1.084853
v -1.499776 0.540000 1.066668
v -1.499776 0.620000 1.066668
v -1.510866 0.540000 1.045922
v -1.510866 0.620000 1.045922
v -1.517694 0.540000 1.023411
v -1.517694 0.620000 1.023411
v -1.520000 0.540000 1.000000
v -1.520000 0.620000 1.000000
v -1.517694 0.540000 0.976589
v -1.517694 0.620000 0.976589
v -1.510866 0.540000 0.954078
v -1.510866 0.620000 0.954078
v -1.499776 0.540000 0.933332
v -1.499776 0.620000 0.933332
v -1.484853 0.540000 0.915147
v -1.484853 0.620000 0.915147
v -1.466668 0.540000 0.900224
v -1.466668 0.620000 0.900224
v -1.445922 0.540000 0.889134
v -1.445922 0.620000 0.889134
v -1.423411 0.540000 0.882306
v -1.423411 0.620000 0.882306
vn 0.0980 -0.0000 -0.9952
vn 0.2903 -0.0000 -0.9569
vn 0.4714 -0.0000 -0.8819
vn 0.6344 -0.0000 -0.7730
vn 0.7730 -0.0000 -0.6344
vn 0.8819 -0.0000 -0.4714
vn 0.9569 -0.0000 -0.2903
vn 0.9952 -0.0000 -0.0980
vn 0.9952 -0.0000 0.0980
vn 0.9569 -0.0000 0.2903
vn 0.8819 -0.0000 0.4714
vn 0.7730 -0.0000 0.6344
vn 0.6344 -0.0000 0.7730
vn 0.4714 -0.0000 0.8819
vn 0.2903 -0.0000 0.9569
vn 0.0980 -0.0000 0.9952
vn -0.0980 -0.0000 0.9952
vn -0.2903 -0.0000 0.9569
vn -0.4714 -0.0000 0.8819
vn -0.6344 -0.0000 0.7730
vn -0.7730 -0.0000 0.6344
vn -0.8819 -0.0000 0.4714
vn -0.9569 -0.0000 0.2903
vn -0.9952 -0.0000 0.0980
vn -0.9952 -0.0000 -0.0980
vn -0.9569 -0.0000 -0.2903
vn -0.8819 -0.0000 -0.4714
vn -0.7730 -0.0000 -0.6344
vn -0.6344 -0.0000 -0.7730
vn -0.4714 -0.0000 -0.8819
vn -0.0000 1.0000 -0.0000
vn -0.2903 -0.0000 -0.9569
vn -0.0980 -0.0000 -0.9952
vn -0.0000 -1.0000 -0.0000
vt 1.000000 0.500000
vt 1.000000 1.000000
vt 0.968750 1.000000
vt 0.968750 0.500000
vt 0.937500 1.000000
vt 0.937500 0.500000
vt 0.906250 1.000000
vt 0.906250 0.500000
vt 0.875000 1.000000
vt 0.875000 0.500000
vt 0.843750 1.000000
vt 0.843750 0.500000
vt 0.812500 1.000000
vt 0.812500 0.500000
vt 0.781250 1.000000
vt 0.781250 0.500000
vt 0.750000 1.000000
vt 0.750000 0.500000
vt 0.718750 1.000000
vt 0.718750 0.500000
vt 0.687500 1.000000
vt 0.687500 0.500000
vt 0.656250 1.000000
vt 0.656250 0.500000
vt 0.625000 1.000000
vt 0.625000 0.500000
vt 0.593750 1.000000
vt 0.593750 0.500000
vt 0.562500 1.000000
vt 0.562500 0.500000
vt 0.531250 1.000000
vt 0.531250 0.500000
vt 0.500000 1.000000
vt 0.500000 0.500000
vt 0.468750 1.000000
vt 0.468750 0.500000
vt 0.437500 1.000000
vt 0.437500 0.500000
vt 0.406250 1.000000
vt 0.406250 0.500000
vt 0.375000 1.000000
vt 0.375000 0.500000
vt 0.343750 1.000000
vt 0.343750 0.500000
vt 0.312500 1.000000
vt 0.312500 0.500000
vt 0.281250 1.000000
vt 0.281250 0.500000
vt 0.250000 1.000000
vt 0.250000 0.500000
vt 0.218750 1.000000
vt 0.218750 0.500000
vt 0.187500 1.000000
vt 0.187500 0.500000
vt 0.156250 1.000000
vt 0.156250 0.500000
vt 0.125000 1.000000
vt 0.125000 0.500000
vt 0.093750 1.000000
vt 0.093750 0.500000
vt 0.062500 1.000000
vt 0.062500 0.500000
vt 0.296822 0.485388
vt 0.250000 0.490000
vt 0.203178 0.485388
vt 0.158156 0.471731
vt 0.116663 0.449553
vt 0.080294 0.419706
vt 0.050447 0.383337
vt 0.028269 0.341844
vt 0.014612 0.296822
vt 0.010000 0.250000
vt 0.014612 0.203178
vt 0.028269 0.158156
vt 0.050447 0.116663
vt 0.080294 0.080294
vt 0.116663 0.050447
vt 0.158156 0.028269
vt 0.203178 0.014612
vt 0.250000 0.010000
vt 0.296822 0.014612
vt 0.341844 0.028269
vt 0.383337 0.050447
vt 0.419706 0.080294
vt 0.449553 0.116663
vt 0.471731 0.158156
vt 0.485388 0.203178
vt 0.490000 0.250000
vt 0.485388 0.296822
vt 0.471731 0.341844
vt 0.449553 0.383337
vt 0.419706 0.419706
vt 0.383337 0.449553
vt 0.341844 0.471731
vt 0.031250 1.000000
vt 0.031250 0.500000
vt 0.000000 1.000000
vt 0.000000 0.500000
vt 0.750000 0.490000
vt 0.796822 0.485388
vt 0.841844 0.471731
vt 0.883337 0.449553
vt 0.919706 0.419706
vt 0.949553 0.383337
vt 0.971731 0.341844
vt 0.985388 0.296822
vt 0.990000 0.250000
vt 0.985388 0.203178
vt 0.971731 0.158156
vt 0.949553 0.116663
vt 0.919706 0.080294
vt 0.883337 0.050447
vt 0.841844 0.028269
vt 0.796822 0.014612
vt 0.750000 0.010000
vt 0.703178 0.014612
vt 0.658156 0.028269
vt 0.616663 0.050447
vt 0.580294 0.080294
vt 0.550447 0.116663
vt 0.528269 0.158156
vt 0.514612 0.203178
vt 0.510000 0.250000
vt 0.514612 0.296822
vt 0.528269 0.341844
vt 0.550447 0.383337
vt 0.580294 0.419706
vt 0.616663 0.449553
vt 0.658156 0.471731
vt 0.703178 0.485388
s 0
usemtl Table_2_Call_Light_mat
f 1048/1148/249 1049/1149/249 1051/1150/249 1050/1151/249
f 1050/1151/250 1051/1150/250 1053/1152/250 1052/1153/250
f 1052/1153/251 1053/1152/251 1055/1154/251 1054/1155/251
f 1054/1155/252 1055/1154/252 1057/1156/252 1056/1157/252
f 1056/1157/253 1057/1156/253 1059/1158/253 1058/1159/253
f 1058/1159/254 1059/1158/254 1061/1160/254 1060/1161/254
f 1060/1161/255 1061/1160/255 1063/1162/255 1062/1163/255
f 1062/1163/256 1063/1162/256 1065/1164/256 1064/1165/256
f 1064/1165/257 1065/1164/257 1067/1166/257 1066/1167/257
f 1066/1167/258 1067/1166/258 1069/1168/258 1068/1169/258
f 1068/1169/259 1069/1168/259 1071/1170/259 1070/1171/259
f 1070/1171/260 1071/1170/260 1073/1172/260 1072/1173/260
f 1072/1173/261 1073/1172/261 1075/1174/261 1074/1175/261
f 1074/1175/262 1075/1174/262 1077/1176/262 1076/1177/262
f 1076/1177/263 1077/1176/263 1079/1178/263 1078/1179/263
f 1078/1179/264 1079/1178/264 1081/1180/264 1080/1181/264
f 1080/1181/265 1081/1180/265 1083/1182/265 1082/1183/265
f 1082/1183/266 1083/1182/266 1085/1184/266 1084/1185/266
f 1084/1185/267 1085/1184/267 1087/1186/267 1086/1187/267
f 1086/1187/268 1087/1186/268 1089/1188/268 1088/1189/268
f 1088/1189/269 1089/1188/269 1091/1190/269 1090/1191/269
f 1090/1191/270 1091/1190/270 1093/1192/270 1092/1193/270
f 1092/1193/271 1093/1192/271 1095/1194/271 1094/1195/271
f 1094/1195/272 1095/1194/272 1097/1196/272 1096/1197/272
f 1096/1197/273 1097/1196/273 1099/1198/273 1098/1199/273
f 1098/1199/274 1099/1198/274 1101/1200/274 1100/1201/274
f 1100/1201/275 1101/1200/275 1103/1202/275 1102/1203/275
f 1102/1203/276 1103/1202/276 1105/1204/276 1104/1205/276
f 1104/1205/277 1105/1204/277 1107/1206/277 1106/1207/277
f 1106/1207/278 1107/1206/278 1109/1208/278 1108/1209/278
f 1051/1210/279 1049/1211/279 1111/1212/279 1109/1213/279 1107/1214/279 1105/1215/279 1103/1216/279 1101/1217/279 1099/1218/279 1097/1219/279 1095/1220/279 1093/1221/279 1091/1222/279 1089/1223/279 1087/1224/279 1085/1225/279 1083/1226/279 1081/1227/279 1079/1228/279 1077/1229/279 1075/1230/279 1073/1231/279 1071/1232/279 1069/1233/279 1067/1234/279 1065/1235/279 1063/1236/279 1061/1237/279 1059/1238/279 1057/1239/279 1055/1240/279 1053/1241/279
f 1108/1209/280 1109/1208/280 1111/1242/280 1110/1243/280
f 1110/1243/281 1111/1242/281 1049/1244/281 1048/1245/281
f 1048/1246/282 1050/1247/282 1052/1248/282 1054/1249/282 1056/1250/282 1058/1251/282 1060/1252/282 1062/1253/282 1064/1254/282 1066/1255/282 1068/1256/282 1070/1257/282 1072/1258/282 1074/1259/282 1076/1260/282 1078/1261/282 1080/1262/282 1082/1263/282 1084/1264/282 1086/1265/282 1088/1266/282 1090/1267/282 1092/1268/282 1094/1269/282 1096/1270/282 1098/1271/282 1100/1272/282 1102/1273/282 1104/1274/282 1106/1275/282 1108/1276/282 1110/1277/282
o Table_2_Label
v -1.545040 0.646040 1.000000
v -1.471960 0.646040 1.000000
v -1.482069 0.658214 1.000000
v -1.491135 0.669464 1.000000
v -1.499190 0.679894 1.000000
v -1.506265 0.689606 1.000000
v -1.512391 0.698704 1.000000
v -1.517600 0.707290 1.000000
v -1.521922 0.715468 1.000000
v -1.525388 0.723341 1.000000
v -1.528030 0.731011 1.000000
v -1.529878 0.738583 1.000000
v -1.530965 0.746158 1.000000
v -1.531320 0.753840 1.000000
v -1.530832 0.762425 1.000000
v -1.529398 0.770508 1.000000
v -1.527063 0.778043 1.000000
v -1.523874 0.784982 1.000000
v -1.519876 0.791280 1.000000
v -1.515115 0.796890 1.000000
v -1.509636 0.801765 1.000000
v -1.503486 0.805858 1.000000
v -1.496709 0.809123 1.000000
v -1.489352 0.811512 1.000000
v -1.481461 0.812980 1.000000
v -1.473080 0.813480 1.000000
v -1.469252 0.813357 1.000000
v -1.465463 0.812987 1.000000
v -1.461705 0.812369 1.000000
v -1.457970 0.811499 1.000000
v -1.454251 0.810377 1.000000
v -1.450540 0.809000 1.000000
v -1.446829 0.807366 1.000000
v -1.443110 0.805474 1.000000
v -1.439375 0.803321 1.000000
v -1.435617 0.800906 1.000000
v -1.431828 0.798226 1.000000
v -1.428000 0.795280 1.000000
v -1.428000 0.760840 1.000000
v -1.431821 0.765464 1.000000
v -1.435588 0.769554 1.000000
v -1.439305 0.773134 1.000000
v -1.442975 0.776230 1.000000
v -1.446602 0.778867 1.000000
v -1.450190 0.781070 1.000000
v -1.453743 0.782865 1.000000
v -1.457265 0.784277 1.000000
v -1.460760 0.785331 1.000000
v -1.464231 0.786053 1.000000
v -1.467684 0.786467 1.000000
v -1.471120 0.786600 1.000000
v -1.475706 0.786296 1.000000
v -1.480061 0.785403 1.000000
v -1.484153 0.783953 1.000000
v -1.487951 0.781975 1.000000
v -1.491422 0.779499 1.000000
v -1.494535 0.776555 1.000000
v -1.497257 0.773174 1.000000
v -1.499556 0.769385 1.000000
v -1.501399 0.765219 1.000000
v -1.502756 0.760706 1.000000
v -1.503594 0.755877 1.000000
v -1.503880 0.750760 1.000000
v -1.503787 0.746897 1.000000
v -1.503507 0.743260 1.000000
v -1.503040 0.739805 1.000000
v -1.502387 0.736490 1.000000
v -1.501547 0.733273 1.000000
v -1.500520 0.730110 1.000000
v -1.499307 0.726959 1.000000
v -1.497907 0.723776 1.000000
v -1.496320 0.720520 1.000000
v -1.494547 0.717147 1.000000
v -1.492587 0.713615 1.000000
v -1.490440 0.709880 1.000000
v -1.486124 0.702814 1.000000
v -1.481344 0.695512 1.000000
v -1.476173 0.688031 1.000000
v -1.470684 0.680428 1.000000
v -1.464951 0.672759 1.000000
v -1.459045 0.665080 1.000000
v -1.453040 0.657448 1.000000
v -1.447009 0.649919 1.000000
v -1.441024 0.642549 1.000000
v -1.435159 0.635395 1.000000
v -1.429487 0.628513 1.000000
v -1.424080 0.621960 1.000000
v -1.424080 0.620000 1.000000
v -1.545040 0.620000 1.000000
v -1.409800 0.810960 1.000000
v -1.250200 0.810960 1.000000
v -1.250200 0.786320 1.000000
v -1.316280 0.786320 1.000000
v -1.316280 0.620000 1.000000
v -1.343720 0.620000 1.000000
v -1.343720 0.786320 1.000000
v -1.409800 0.786320 1.000000
vn -0.0000 -0.0000 1.0000
vt 0.977273 0.000000
vt 0.988636 0.000000
vt 0.965909 0.000000
vt 0.420455 0.000000
vt 0.431818 0.000000
vt 0.443182 0.000000
vt 0.454545 0.000000
vt 0.465909 0.000000
vt 0.500000 0.000000
vt 0.511364 0.000000
vt 0.386364 0.000000
vt 0.375000 0.000000
vt 0.363636 0.000000
vt 0.477273 0.000000
vt 0.409091 0.000000
vt 0.488636 0.000000
vt 0.397727 0.000000
vt 0.306818 0.000000
vt 0.556818 0.000000
vt 0.295455 0.000000
vt 0.318182 0.000000
vt 0.545455 0.000000
vt 0.340909 0.000000
vt 0.534091 0.000000
vt 0.329545 0.000000
vt 0.579545 0.000000
vt 0.284091 0.000000
vt 0.568182 0.000000
vt 0.590909 0.000000
vt 0.272727 0.000000
vt 0.011364 0.000000
vt 0.022727 0.000000
vt 0.909091 0.000000
vt 0.897727 0.000000
vt 0.886364 0.000000
vt 0.954545 0.000000
vt 0.943182 0.000000
vt 0.931818 0.000000
vt 0.920455 0.000000
vt 0.522727 0.000000
vt 0.352273 0.000000
vt 0.715909 0.000000
vt 0.727273 0.000000
vt 0.125000 0.000000
vt 0.136364 0.000000
vt 0.704545 0.000000
vt 0.147727 0.000000
vt 0.693182 0.000000
vt 0.159091 0.000000
vt 0.840909 0.000000
vt 0.852273 0.000000
vt 0.056818 0.000000
vt 0.068182 0.000000
vt 0.829545 0.000000
vt 0.818182 0.000000
vt 0.079545 0.000000
vt 0.806818 0.000000
vt 0.795455 0.000000
vt 0.090909 0.000000
vt 0.784091 0.000000
vt 0.772727 0.000000
vt 0.102273 0.000000
vt 0.761364 0.000000
vt 0.113636 0.000000
vt 0.750000 0.000000
vt 0.738636 0.000000
vt 0.681818 0.000000
vt 0.170455 0.000000
vt 0.670455 0.000000
vt 0.181818 0.000000
vt 0.659091 0.000000
vt 0.193182 0.000000
vt 0.647727 0.000000
vt 0.204545 0.000000
vt 0.636364 0.000000
vt 0.215909 0.000000
vt 0.625000 0.000000
vt 0.227273 0.000000
vt 0.238636 0.000000
vt 0.613636 0.000000
vt 0.250000 0.000000
vt 1.000000 0.000000
vt 0.034091 0.000000
vt 0.875000 0.000000
vt 0.045455 0.000000
vt 0.863636 0.000000
vt 0.602273 0.000000
vt 0.261364 0.000000
vt 0.000000 0.000000
vt 0.142857 0.000000
vt 0.285714 0.000000
vt 0.428571 0.000000
vt 0.857143 0.000000
vt 0.571429 0.000000
vt 0.714286 0.000000
s 0
usemtl Table_2_Label_mat
f 1198/1278/283 1197/1280/283 1199/1279/283
f 1149/1281/283 1151/1283/283 1150/1282/283
f 1151/1283/283 1149/1281/283 1152/1284/283
f 1152/1284/283 1149/1281/283 1153/1285/283
f 1156/1286/283 1146/1288/283 1157/1287/283
f 1145/1289/283 1157/1287/283 1146/1288/283
f 1157/1287/283 1145/1289/283 1144/1290/283
f 1149/1281/283 1154/1291/283 1153/1285/283
f 1148/1292/283 1154/1291/283 1149/1281/283
f 1154/1291/283 1148/1292/283 1155/1293/283
f 1147/1294/283 1155/1293/283 1148/1292/283
f 1155/1293/283 1147/1294/283 1156/1286/283
f 1156/1286/283 1147/1294/283 1146/1288/283
f 1139/1295/283 1138/1297/283 1161/1296/283
f 1140/1298/283 1161/1296/283 1160/1299/283
f 1161/1296/283 1140/1298/283 1139/1295/283
f 1142/1300/283 1160/1299/283 1159/1301/283
f 1141/1302/283 1160/1299/283 1142/1300/283
f 1160/1299/283 1141/1302/283 1140/1298/283
f 1163/1303/283 1162/1305/283 1137/1304/283
f 1164/1306/283 1163/1303/283 1136/1307/283
f 1137/1304/283 1136/1307/283 1163/1303/283
f 1113/1308/283 1192/1310/283 1114/1309/283
f 1191/1311/283 1114/1309/283 1192/1310/283
f 1114/1309/283 1191/1311/283 1190/1312/283
f 1138/1297/283 1162/1305/283 1161/1296/283
f 1162/1305/283 1138/1297/283 1137/1304/283
f 1197/1280/283 1113/1308/283 1199/1279/283
f 1196/1313/283 1113/1308/283 1197/1280/283
f 1195/1314/283 1113/1308/283 1196/1313/283
f 1194/1315/283 1113/1308/283 1195/1314/283
f 1193/1316/283 1113/1308/283 1194/1315/283
f 1113/1308/283 1193/1316/283 1192/1310/283
f 1144/1290/283 1158/1317/283 1157/1287/283
f 1143/1318/283 1158/1317/283 1144/1290/283
f 1158/1317/283 1143/1318/283 1159/1301/283
f 1159/1301/283 1143/1318/283 1142/1300/283
f 1175/1319/283 1123/1321/283 1176/1320/283
f 1123/1321/283 1175/1319/283 1124/1322/283
f 1174/1323/283 1124/1322/283 1175/1319/283
f 1124/1322/283 1174/1323/283 1125/1324/283
f 1173/1325/283 1125/1324/283 1174/1323/283
f 1125/1324/283 1173/1325/283 1126/1326/283
f 1186/1327/283 1117/1329/283 1187/1328/283
f 1117/1329/283 1186/1327/283 1118/1330/283
f 1185/1331/283 1118/1330/283 1186/1327/283
f 1184/1332/283 1118/1330/283 1185/1331/283
f 1118/1330/283 1184/1332/283 1119/1333/283
f 1183/1334/283 1119/1333/283 1184/1332/283
f 1182/1335/283 1119/1333/283 1183/1334/283
f 1119/1333/283 1182/1335/283 1120/1336/283
f 1181/1337/283 1120/1336/283 1182/1335/283
f 1180/1338/283 1120/1336/283 1181/1337/283
f 1120/1336/283 1180/1338/283 1121/1339/283
f 1179/1340/283 1121/1339/283 1180/1338/283
f 1121/1339/283 1179/1340/283 1122/1341/283
f 1178/1342/283 1122/1341/283 1179/1340/283
f 1177/1343/283 1122/1341/283 1178/1342/283
f 1122/1341/283 1177/1343/283 1123/1321/283
f 1123/1321/283 1177/1343/283 1176/1320/283
f 1173/1325/283 1172/1344/283 1126/1326/283
f 1126/1326/283 1172/1344/283 1127/1345/283
f 1171/1346/283 1127/1345/283 1172/1344/283
f 1127/1345/283 1171/1346/283 1128/1347/283
f 1170/1348/283 1128/1347/283 1171/1346/283
f 1128/1347/283 1170/1348/283 1129/1349/283
f 1169/1350/283 1129/1349/283 1170/1348/283
f 1129/1349/283 1169/1350/283 1130/1351/283
f 1168/1352/283 1130/1351/283 1169/1350/283
f 1130/1351/283 1168/1352/283 1131/1353/283
f 1167/1354/283 1131/1353/283 1168/1352/283
f 1131/1353/283 1167/1354/283 1132/1355/283
f 1132/1355/283 1167/1354/283 1133/1356/283
f 1166/1357/283 1133/1356/283 1167/1354/283
f 1134/1358/283 1133/1356/283 1166/1357/283
f 1113/1308/283 1200/1359/283 1199/1279/283
f 1190/1312/283 1115/1360/283 1114/1309/283
f 1189/1361/283 1115/1360/283 1190/1312/283
f 1115/1360/283 1189/1361/283 1116/1362/283
f 1188/1363/283 1116/1362/283 1189/1361/283
f 1116/1362/283 1188/1363/283 1117/1329/283
f 1117/1329/283 1188/1363/283 1187/1328/283
f 1166/1357/283 1165/1364/283 1134/1358/283
f 1134/1358/283 1165/1364/283 1135/1365/283
f 1164/1306/283 1135/1365/283 1165/1364/283
f 1136/1307/283 1135/1365/283 1164/1306/283
f 1200/1359/283 1113/1308/283 1112/1366/283
f 1202/1367/283 1204/1369/283 1203/1368/283
f 1208/1359/283 1207/1370/283 1201/1366/283
f 1204/1369/283 1206/1372/283 1205/1371/283
f 1206/1372/283 1204/1369/283 1207/1370/283
f 1202/1367/283 1207/1370/283 1204/1369/283
f 1207/1370/283 1202/1367/283 1201/1366/283
o Table_3
v -3.925000 0.390000 -1.175000
v -3.925000 0.510000 -1.175000
v -3.925000 0.390000 -2.225000
v -3.925000 0.510000 -2.225000
v -2.875000 0.390000 -1.175000
v -2.875000 0.510000 -1.175000
v -2.875000 0.390000 -2.225000
v -2.875000 0.510000 -2.225000
vn -1.0000 -0.0000 -0.0000
vn -0.0000 -0.0000 -1.0000
vn 1.0000 -0.0000 -0.0000
vn -0.0000 -0.0000 1.0000
vn -0.0000 -1.0000 -0.0000
vn -0.0000 1.0000 -0.0000
vt 0.375000 0.000000
vt 0.625000 0.000000
vt 0.625000 0.250000
vt 0.375000 0.250000
vt 0.625000 0.500000
vt 0.375000 0.500000
vt 0.625000 0.750000
vt 0.375000 0.750000
vt 0.625000 1.000000
vt 0.375000 1.000000
vt 0.125000 0.500000
vt 0.125000 0.750000
vt 0.875000 0.500000
vt 0.875000 0.750000
s 0
usemtl Table_3_mat
f 1209/1373/284 1210/1374/284 1212/1375/284 1211/1376/284
f 1211/1376/285 1212/1375/285 1216/1377/285 1215/1378/285
f 1215/1378/286 1216/1377/286 1214/1379/286 1213/1380/286
f 1213/1380/287 1214/1379/287 1210/1381/287 1209/1382/287
f 1211/1383/288 1215/1378/288 1213/1380/288 1209/1384/288
f 1216/1377/289 1212/1385/289 1210/1386/289 1214/1379/289
o Table_3_Leg
v -3.400000 0.000000 -1.780000
v -3.400000 0.440000 -1.780000
v -3.384393 0.000000 -1.778463
v -3.384393 0.440000 -1.778463
v -3.369385 0.000000 -1.773910
v -3.369385 0.440000 -1.773910
v -3.355555 0.000000 -1.766518
v -3.355555 0.440000 -1.766518
v -3.343431 0.000000 -1.756569
v -3.343431 0.440000 -1.756569
v -3.333483 0.000000 -1.744446
v -3.333483 0.440000 -1.744446
v -3.326090 0.000000 -1.730615
v -3.326090 0.440000 -1.730615
v -3.321537 0.000000 -1.715607
v -3.321537 0.440000 -1.715607
v -3.320000 0.000000 -1.700000
v -3.320000 0.440000 -1.700000
v -3.321537 0.000000 -1.684393
v -3.321537 0.440000 -1.684393
v -3.326090 0.000000 -1.669385
v -3.326090 0.440000 -1.669385
v -3.333483 0.000000 -1.655554
v -3.333483 0.440000 -1.655554
v -3.343431 0.000000 -1.643432
v -3.343431 0.440000 -1.643432
v -3.355555 0.000000 -1.633482
v -3.355555 0.440000 -1.633482
v -3.369385 0.000000 -1.626090
v -3.369385 0.440000 -1.626090
v -3.384393 0.000000 -1.621537
v -3.384393 0.440000 -1.621537
v -3.400000 0.000000 -1.620000
v -3.400000 0.440000 -1.620000
v -3.415607 0.000000 -1.621537
v -3.415607 0.440000 -1.621537
v -3.430615 0.000000 -1.626090
v -3.430615 0.440000 -1.626090
v -3.444446 0.000000 -1.633482
v -3.444446 0.440000 -1.633482
v -3.456569 0.000000 -1.643432
v -3.456569 0.440000 -1.643432
v -3.466518 0.000000 -1.655554
v -3.466518 0.440000 -1.655554
v -3.473910 0.000000 -1.669385
v -3.473910 0.440000 -1.669385
v -3.478463 0.000000 -1.684393
v -3.478463 0.440000 -1.684393
v -3.480000 0.000000 -1.700000
v -3.480000 0.440000 -1.700000
v -3.478463 0.000000 -1.715607
v -3.478463 0.440000 -1.715607
v -3.473910 0.000000 -1.730615
v -3.473910 0.440000 -1.730615
v -3.466518 0.000000 -1.744446
v -3.466518 0.440000 -1.744446
v -3.456569 0.000000 -1.756569
v -3.456569 0.440000 -1.756569
v -3.444446 0.000000 -1.766518
v -3.444446 0.440000 -1.766518
v -3.430615 0.000000 -1.773910
v -3.430615 0.440000 -1.773910
v -3.415607 0.000000 -1.778463
v -3.415607 0.440000 -1.778463
vn 0.0980 -0.0000 -0.9952
vn 0.2903 -0.0000 -0.9569
vn 0.4714 -0.0000 -0.8819
vn 0.6344 -0.0000 -0.7730
vn 0.7730 -0.0000 -0.6344
vn 0.8819 -0.0000 -0.4714
vn 0.9569 -0.0000 -0.2903
vn 0.9952 -0.0000 -0.0980
vn 0.9952 -0.0000 0.0980
vn 0.9569 -0.0000 0.2903
vn 0.8819 -0.0000 0.4714
vn 0.7730 -0.0000 0.6344
vn 0.6344 -0.0000 0.7730
vn 0.4714 -0.0000 0.8819
vn 0.2903 -0.0000 0.9569
vn 0.0980 -0.0000 0.9952
vn -0.0980 -0.0000 0.9952
vn -0.2903 -0.0000 0.9569
vn -0.4714 -0.0000 0.8819
vn -0.6344 -0.0000 0.7730
vn -0.7730 -0.0000 0.6344
vn -0.8819 -0.0000 0.4714
vn -0.9569 -0.0000 0.2903
vn -0.9952 -0.0000 0.0980
vn -0.9952 -0.0000 -0.0980
vn -0.9569 -0.0000 -0.2903
vn -0.8819 -0.0000 -0.4714
vn -0.7730 -0.0000 -0.6344
vn -0.6344 -0.0000 -0.7730
vn -0.4714 -0.0000 -0.8819
vn -0.0000 1.0000 -0.0000
vn -0.2903 -0.0000 -0.9569
vn -0.0980 -0.0000 -0.9952
vn -0.0000 -1.0000 -0.0000
vt 1.000000 0.500000
vt 1.000000 1.000000
vt 0.968750 1.000000
vt 0.968750 0.500000
vt 0.937500 1.000000
vt 0.937500 0.500000
vt 0.906250 1.000000
vt 0.906250 0.500000
vt 0.875000 1.000000
vt 0.875000 0.500000
vt 0.843750 1.000000
vt 0.843750 0.500000
vt 0.812500 1.000000
vt 0.812500 0.500000
vt 0.781250 1.000000
vt 0.781250 0.500000
vt 0.750000 1.000000
vt 0.750000 0.500000
vt 0.718750 1.000000
vt 0.718750 0.500000
vt 0.687500 1.000000
vt 0.687500 0.500000
vt 0.656250 1.000000
vt 0.656250 0.500000
vt 0.625000 1.000000
vt 0.625000 0.500000
vt 0.593750 1.000000
vt 0.593750 0.500000
vt 0.562500 1.000000
vt 0.562500 0.500000
vt 0.531250 1.000000
vt 0.531250 0.500000
vt 0.500000 1.000000
vt 0.500000 0.500000
vt 0.468750 1.000000
vt 0.468750 0.500000
vt 0.437500 1.000000
vt 0.437500 0.500000
vt 0.406250 1.000000
vt 0.406250 0.500000
vt 0.375000 1.000000
vt 0.375000 0.500000
vt 0.343750 1.000000
vt 0.343750 0.500000
vt 0.312500 1.000000
vt 0.312500 0.500000
vt 0.281250 1.000000
vt 0.281250 0.500000
vt 0.250000 1.000000
vt 0.250000 0.500000
vt 0.218750 1.000000
vt 0.218750 0.500000
vt 0.187500 1.000000
vt 0.187500 0.500000
vt 0.156250 1.000000
vt 0.156250 0.500000
vt 0.125000 1.000000
vt 0.125000 0.500000
vt 0.093750 1.000000
vt 0.093750 0.500000
vt 0.062500 1.000000
vt 0.062500 0.500000
vt 0.296822 0.485388
vt 0.250000 0.490000
vt 0.203178 0.485388
vt 0.158156 0.471731
vt 0.116663 0.449553
vt 0.080294 0.419706
vt 0.050447 0.383337
vt 0.028269 0.341844
vt 0.014612 0.296822
vt 0.010000 0.250000
vt 0.014612 0.203178
vt 0.028269 0.158156
vt 0.050447 0.116663
vt 0.080294 0.080294
vt 0.116663 0.050447
vt 0.158156 0.028269
vt 0.203178 0.014612
vt 0.250000 0.010000
vt 0.296822 0.014612
vt 0.341844 0.028269
vt 0.383337 0.050447
vt 0.419706 0.080294
vt 0.449553 0.116663
vt 0.471731 0.158156
vt 0.485388 0.203178
vt 0.490000 0.250000
vt 0.485388 0.296822
vt 0.471731 0.341844
vt 0.449553 0.383337
vt 0.419706 0.419706
vt 0.383337 0.449553
vt 0.341844 0.471731
vt 0.031250 1.000000
vt 0.031250 0.500000
vt 0.000000 1.000000
vt 0.000000 0.500000
vt 0.750000 0.490000
vt 0.796822 0.485388
vt 0.841844 0.471731
vt 0.883337 0.449553
vt 0.919706 0.419706
vt 0.949553 0.383337
vt 0.971731 0.341844
vt 0.985388 0.296822
vt 0.990000 0.250000
vt 0.985388 0.203178
vt 0.971731 0.158156
vt 0.949553 0.116663
vt 0.919706 0.080294
vt 0.883337 0.050447
vt 0.841844 0.028269
vt 0.796822 0.014612
vt 0.750000 0.010000
vt 0.703178 0.014612
vt 0.658156 0.028269
vt 0.616663 0.050447
vt 0.580294 0.080294
vt 0.550447 0.116663
vt 0.528269 0.158156
vt 0.514612 0.203178
vt 0.510000 0.250000
vt 0.514612 0.296822
vt 0.528269 0.341844
vt 0.550447 0.383337
vt 0.580294 0.419706
vt 0.616663 0.449553
vt 0.658156 0.471731
vt 0.703178 0.485388
s 0
usemtl Table_3_Leg_mat
f 1217/1387/290 1218/1388/290 1220/1389/290 1219/1390/290
f 1219/1390/291 1220/1389/291 1222/1391/291 1221/1392/291
f 1221/1392/292 1222/1391/292 1224/1393/292 1223/1394/292
f 1223/1394/293 1224/1393/293 1226/1395/293 1225/1396/293
f 1225/1396/294 1226/1395/294 1228/1397/294 1227/1398/294
f 1227/1398/295 1228/1397/295 1230/1399/295 1229/1400/295
f 1229/1400/296 1230/1399/296 1232/1401/296 1231/1402/296
f 1231/1402/297 1232/1401/297 1234/1403/297 1233/1404/297
f 1233/1404/298 1234/1403/298 1236/1405/298 1235/1406/298
f 1235/1406/299 1236/1405/299 1238/1407/299 1237/1408/299
f 1237/1408/300 1238/1407/300 1240/1409/300 1239/1410/300
f 1239/1410/301 1240/1409/301 1242/1411/301 1241/1412/301
f 1241/1412/302 1242/1411/302 1244/1413/302 1243/1414/302
f 1243/1414/303 1244/1413/303 1246/1415/303 1245/1416/303
f 1245/1416/304 1246/1415/304 1248/1417/304 1247/1418/304
f 1247/1418/305 1248/1417/305 1250/1419/305 1249/1420/305
f 1249/1420/306 1250/1419/306 1252/1421/306 1251/1422/306
f 1251/1422/307 1252/1421/307 1254/1423/307 1253/1424/307
f 1253/1424/308 1254/1423/308 1256/1425/308 1255/1426/308
f 1255/1426/309 1256/1425/309 1258/1427/309 1257/1428/309
f 1257/1428/310 1258/1427/310 1260/1429/310 1259/1430/310
f 1259/1430/311 1260/1429/311 1262/1431/311 1261/1432/311
f 1261/1432/312 1262/1431/312 1264/1433/312 1263/1434/312
f 1263/1434/313 1264/1433/313 1266/1435/313 1265/1436/313
f 1265/1436/314 1266/1435/314 1268/1437/314 1267/1438/314
f 1267/1438/315 1268/1437/315 1270/1439/315 1269/1440/315
f 1269/1440/316 1270/1439/316 1272/1441/316 1271/1442/316
f 1271/1442/317 1272/1441/317 1274/1443/317 1273/1444/317
f 1273/1444/318 1274/1443/318 1276/1445/318 1275/1446/318
f 1275/1446/319 1276/1445/319 1278/1447/319 1277/1448/319
f 1220/1449/320 1218/1450/320 1280/1451/320 1278/1452/320 1276/1453/320 1274/1454/320 1272/1455/320 1270/1456/320 1268/1457/320 1266/1458/320 1264/1459/320 1262/1460/320 1260/1461/320 1258/1462/320 1256/1463/320 1254/1464/320 1252/1465/320 1250/1466/320 1248/1467/320 1246/1468/320 1244/1469/320 1242/1470/320 1240/1471/320 1238/1472/320 1236/1473/320 1234/1474/320 1232/1475/320 1230/1476/320 1228/1477/320 1226/1478/320 1224/1479/320 1222/1480/320
f 1277/1448/321 1278/1447/321 1280/1481/321 1279/1482/321
f 1279/1482/322 1280/1481/322 1218/1483/322 1217/1484/322
f 1217/1485/323 1219/1486/323 1221/1487/323 1223/1488/323 1225/1489/323 1227/1490/323 1229/1491/323 1231/1492/323 1233/1493/323 1235/1494/323 1237/1495/323 1239/1496/323 1241/1497/323 1243/1498/323 1245/1499/323 1247/1500/323 1249/1501/323 1251/1502/323 1253/1503/323 1255/1504/323 1257/1505/323 1259/1506/323 1261/1507/323 1263/1508/323 1265/1509/323 1267/1510/323 1269/1511/323 1271/1512/323 1273/1513/323 1275/1514/323 1277/1515/323 1279/1516/323
o Table_3_Chair_1_Seat
v -3.610000 0.160000 -2.310000
v -3.610000 0.340000 -2.310000
v -3.610000 0.160000 -2.730000
v -3.610000 0.340000 -2.730000
v -3.190000 0.160000 -2.310000
v -3.190000 0.340000 -2.310000
v -3.190000 0.160000 -2.730000
v -3.190000 0.340000 -2.730000
vn -1.0000 -0.0000 -0.0000
vn -0.0000 -0.0000 -1.0000
vn 1.0000 -0.0000 -0.0000
vn -0.0000 -0.0000 1.0000
vn -0.0000 -1.0000 -0.0000
vn -0.0000 1.0000 -0.0000
vt 0.375000 0.000000
vt 0.625000 0.000000
vt 0.625000 0.250000
vt 0.375000 0.250000
vt 0.625000 0.500000
vt 0.375000 0.500000
vt 0.625000 0.750000
vt 0.375000 0.750000
vt 0.625000 1.000000
vt 0.375000 1.000000
vt 0.125000 0.500000
vt 0.125000 0.750000
vt 0.875000 0.500000
vt 0.875000 0.750000
s 0
usemtl Table_3_Chair_1_Seat_mat
f 1281/1517/324 1282/1518/324 1284/1519/324 1283/1520/324
f 1283/1520/325 1284/1519/325 1288/1521/325 1287/1522/325
f 1287/1522/326 1288/1521/326 1286/1523/326 1285/1524/326
f 1285/1524/327 1286/1523/327 1282/1525/327 1281/1526/327
f 1283/1527/328 1287/1522/328 1285/1524/328 1281/1528/328
f 1288/1521/329 1284/1529/329 1282/1530/329 1286/1523/329
o Table_3_Chair_1_Back
v -3.610000 0.250000 -2.710000
v -3.610000 0.850000 -2.710000
v -3.610000 0.250000 -2.790000
v -3.610000 0.850000 -2.790000
v -3.190000 0.250000 -2.710000
v -3.190000 0.850000 -2.710000
v -3.190000 0.250000 -2.790000
v -3.190000 0.850000 -2.790000
vn -1.0000 -0.0000 -0.0000
vn -0.0000 -0.0000 -1.0000
vn 1.0000 -0.0000 -0.0000
vn -0.0000 -0.0000 1.0000
vn -0.0000 -1.0000 -0.0000
vn -0.0000 1.0000 -0.0000
vt 0.375000 0.000000
vt 0.625000 0.000000
vt 0.625000 0.250000
vt 0.375000 0.250000
vt 0.625000 0.500000
vt 0.375000 0.500000
vt 0.625000 0.750000
vt 0.375000 0.750000
vt 0.625000 1.000000
vt 0.375000 1.000000
vt 0.125000 0.500000
vt 0.125000 0.750000
vt 0.875000 0.500000
vt 0.875000 0.750000
s 0
usemtl Table_3_Chair_1_Back_mat
f 1289/1531/330 1290/1532/330 1292/1533/330 1291/1534/330
f 1291/1534/331 1292/1533/331 1296/1535/331 1295/1536/331
f 1295/1536/332 1296/1535/332 1294/1537/332 1293/1538/332
f 1293/1538/333 1294/1537/333 1290/1539/333 1289/1540/333
f 1291/1541/334 1295/1536/334 1293/1538/334 1289/1542/334
f 1296/1535/335 1292/1543/335 1290/1544/335 1294/1537/335
o Table_3_Chair_2_Seat
v -3.610000 0.160000 -0.670000
v -3.610000 0.340000 -0.670000
v -3.610000 0.160000 -1.090000
v -3.610000 0.340000 -1.090000
v -3.190000 0.160000 -0.670000
v -3.190000 0.340000 -0.670000
v -3.190000 0.160000 -1.090000
v -3.190000 0.340000 -1.090000
vn -1.0000 -0.0000 -0.0000
vn -0.0000 -0.0000 -1.0000
vn 1.0000 -0.0000 -0.0000
vn -0.0000 -0.0000 1.0000
vn -0.0000 -1.0000 -0.0000
vn -0.0000 1.0000 -0.0000
vt 0.375000 0.000000
vt 0.625000 0.000000
vt 0.625000 0.250000
vt 0.375000 0.250000
vt 0.625000 0.500000
vt 0.375000 0.500000
vt 0.625000 0.750000
vt 0.375000 0.750000
vt 0.625000 1.000000
vt 0.375000 1.000000
vt 0.125000 0.500000
vt 0.125000 0.750000
vt 0.875000 0.500000
vt 0.875000 0.750000
s 0
usemtl Table_3_Chair_2_Seat_mat
f 1297/1545/336 1298/1546/336 1300/1547/336 1299/1548/336
f 1299/1548/337 1300/1547/337 1304/1549/337 1303/1550/337
f 1303/1550/338 1304/1549/338 1302/1551/338 1301/1552/338
f 1301/1552/339 1302/1551/339 1298/1553/339 1297/1554/339
f 1299/1555/340 1303/1550/340 1301/1552/340 1297/1556/340
f 1304/1549/341 1300/1557/341 1298/1558/341 1302/1551/341
o Table_3_Chair_2_Back
v -3.610000 0.250000 -0.610000
v -3.610000 0.850000 -0.610000
v -3.610000 0.250000 -0.690000
v -3.610000 0.850000 -0.690000
v -3.190000 0.250000 -0.610000
v -3.190000 0.850000 -0.610000
v -3.190000 0.250000 -0.690000
v -3.190000 0.850000 -0.690000
vn -1.0000 -0.0000 -0.0000
vn -0.0000 -0.0000 -1.0000
vn 1.0000 -0.0000 -0.0000
vn -0.0000 -0.0000 1.0000
vn -0.0000 -1.0000 -0.0000
vn -0.0000 1.0000 -0.0000
vt 0.375000 0.000000
vt 0.625000 0.000000
vt 0.625000 0.250000
vt 0.375000 0.250000
vt 0.625000 0.500000
vt 0.375000 0.500000
vt 0.625000 0.750000
vt 0.375000 0.750000
vt 0.625000 1.000000
vt 0.375000 1.000000
vt 0.125000 0.500000
vt 0.125000 0.750000
vt 0.875000 0.500000
vt 0.875000 0.750000
s 0
usemtl Table_3_Chair_2_Back_mat
f 1305/1559/342 1306/1560/342 1308/1561/342 1307/1562/342
f 1307/1562/343 1308/1561/343 1312/1563/343 1311/1564/343
f 1311/1564/344 1312/1563/344 1310/1565/344 1309/1566/344
f 1309/1566/345 1310/1565/345 1306/1567/345 1305/1568/345
f 1307/1569/346 1311/1564/346 1309/1566/346 1305/1570/346
f 1312/1563/347 1308/1571/347 1306/1572/347 1310/1565/347
o Table_3_Chair_3_Seat
v -2.790000 0.160000 -1.490000
v -2.790000 0.340000 -1.490000
v -2.790000 0.160000 -1.910000
v -2.790000 0.340000 -1.910000
v -2.370000 0.160000 -1.490000
v -2.370000 0.340000 -1.490000
v -2.370000 0.160000 -1.910000
v -2.370000 0.340000 -1.910000
vn -1.0000 -0.0000 -0.0000
vn -0.0000 -0.0000 -1.0000
vn 1.0000 -0.0000 -0.0000
vn -0.0000 -0.0000 1.0000
vn -0.0000 -1.0000 -0.0000
vn -0.0000 1.0000 -0.0000
vt 0.375000 0.000000
vt 0.625000 0.000000
vt 0.625000 0.250000
vt 0.375000 0.250000
vt 0.625000 0.500000
vt 0.375000 0.500000
vt 0.625000 0.750000
vt 0.375000 0.750000
vt 0.625000 1.000000
vt 0.375000 1.000000
vt 0.125000 0.500000
vt 0.125000 0.750000
vt 0.875000 0.500000
vt 0.875000 0.750000
s 0
usemtl Table_3_Chair_3_Seat_mat
f 1313/1573/348 1314/1574/348 1316/1575/348 1315/1576/348
f 1315/1576/349 1316/1575/349 1320/1577/349 1319/1578/349
f 1319/1578/350 1320/1577/350 1318/1579/350 1317/1580/350
f 1317/1580/351 1318/1579/351 1314/1581/351 1313/1582/351
f 1315/1583/352 1319/1578/352 1317/1580/352 1313/1584/352
f 1320/1577/353 1316/1585/353 1314/1586/353 1318/1579/353
o Table_3_Chair_3_Back
v -2.390000 0.250000 -1.490000
v -2.390000 0.850000 -1.490000
v -2.390000 0.250000 -1.910000
v -2.390000 0.850000 -1.910000
v -2.310000 0.250000 -1.490000
v -2.310000 0.850000 -1.490000
v -2.310000 0.250000 -1.910000
v -2.310000 0.850000 -1.910000
vn -1.0000 -0.0000 -0.0000
vn -0.0000 -0.0000 -1.0000
vn 1.0000 -0.0000 -0.0000
vn -0.0000 -0.0000 1.0000
vn -0.0000 -1.0000 -0.0000
vn -0.0000 1.0000 -0.0000
vt 0.375000 0.000000
vt 0.625000 0.000000
vt 0.625000 0.250000
vt 0.375000 0.250000
vt 0.625000 0.500000
vt 0.375000 0.500000
vt 0.625000 0.750000
vt 0.375000 0.750000
vt 0.625000 1.000000
vt 0.375000 1.000000
vt 0.125000 0.500000
vt 0.125000 0.750000
vt 0.875000 0.500000
vt 0.875000 0.750000
s 0
usemtl Table_3_Chair_3_Back_mat
f 1321/1587/354 1322/1588/354 1324/1589/354 1323/1590/354
f 1323/1590/355 1324/1589/355 1328/1591/355 1327/1592/355
f 1327/1592/356 1328/1591/356 1326/1593/356 1325/1594/356
f 1325/1594/357 1326/1593/357 1322/1595/357 1321/1596/357
f 1323/1597/358 1327/1592/358 1325/1594/358 1321/1598/358
f 1328/1591/359 1324/1599/359 1322/1600/359 1326/1593/359
o Table_3_Chair_4_Seat
v -4.430000 0.160000 -1.490000
v -4.430000 0.340000 -1.490000
v -4.430000 0.160000 -1.910000
v -4.430000 0.340000 -1.910000
v -4.010000 0.160000 -1.490000
v -4.010000 0.340000 -1.490000
v -4.010000 0.160000 -1.910000
v -4.010000 0.340000 -1.910000
vn -1.0000 -0.0000 -0.0000
vn -0.0000 -0.0000 -1.0000
vn 1.0000 -0.0000 -0.0000
vn -0.0000 -0.0000 1.0000
vn -0.0000 -1.0000 -0.0000
vn -0.0000 1.0000 -0.0000
vt 0.375000 0.000000
vt 0.625000 0.000000
vt 0.625000 0.250000
vt 0.375000 0.250000
vt 0.625000 0.500000
vt 0.375000 0.500000
vt 0.625000 0.750000
vt 0.375000 0.750000
vt 0.625000 1.000000
vt 0.375000 1.000000
vt 0.125000 0.500000
vt 0.125000 0.750000
vt 0.875000 0.500000
vt 0.875000 0.750000
s 0
usemtl Table_3_Chair_4_Seat_mat
f 1329/1601/360 1330/1602/360 1332/1603/360 1331/1604/360
f 1331/1604/361 1332/1603/361 1336/1605/361 1335/1606/361
f 1335/1606/362 1336/1605/362 1334/1607/362 1333/1608/362
f 1333/1608/363 1334/1607/363 1330/1609/363 1329/1610/363
f 1331/1611/364 1335/1606/364 1333/1608/364 1329/1612/364
f 1336/1605/365 1332/1613/365 1330/1614/365 1334/1607/365
o Table_3_Chair_4_Back
v -4.490000 0.250000 -1.490000
v -4.490000 0.850000 -1.490000
v -4.490000 0.250000 -1.910000
v -4.490000 0.850000 -1.910000
v -4.410000 0.250000 -1.490000
v -4.410000 0.850000 -1.490000
v -4.410000 0.250000 -1.910000
v -4.410000 0.850000 -1.910000
vn -1.0000 -0.0000 -0.0000
vn -0.0000 -0.0000 -1.0000
vn 1.0000 -0.0000 -0.0000
vn -0.0000 -0.0000 1.0000
vn -0.0000 -1.0000 -0.0000
vn -0.0000 1.0000 -0.0000
vt 0.375000 0.000000
vt 0.625000 0.000000
vt 0.625000 0.250000
vt 0.375000 0.250000
vt 0.625000 0.500000
vt 0.375000 0.500000
vt 0.625000 0.750000
vt 0.375000 0.750000
vt 0.625000 1.000000
vt 0.375000 1.000000
vt 0.125000 0.500000
vt 0.125000 0.750000
vt 0.875000 0.500000
vt 0.875000 0.750000
s 0
usemtl Table_3_Chair_4_Back_mat
f 1337/1615/366 1338/1616/366 1340/1617/366 1339/1618/366
f 1339/1618/367 1340/1617/367 1344/1619/367 1343/1620/367
f 1343/1620/368 1344/1619/368 1342/1621/368 1341/1622/368
f 1341/1622/369 1342/1621/369 1338/1623/369 1337/1624/369
f 1339/1625/370 1343/1620/370 1341/1622/370 1337/1626/370
f 1344/1619/371 1340/1627/371 1338/1628/371 1342/1621/371
o Table_3_Call_Light
v -3.400000 0.540000 -1.820000
v -3.400000 0.620000 -1.820000
v -3.376589 0.540000 -1.817694
v -3.376589 0.620000 -1.817694
v -3.354078 0.540000 -1.810866
v -3.354078 0.620000 -1.810866
v -3.333332 0.540000 -1.799776
v -3.333332 0.620000 -1.799776
v -3.315147 0.540000 -1.784853
v -3.315147 0.620000 -1.784853
v -3.300224 0.540000 -1.766668
v -3.300224 0.620000 -1.766668
v -3.289135 0.540000 -1.745922
v -3.289135 0.620000 -1.745922
v -3.282306 0.540000 -1.723411
v -3.282306 0.620000 -1.723411
v -3.280000 0.540000 -1.700000
v -3.280000 0.620000 -1.700000
v -3.282306 0.540000 -1.676589
v -3.282306 0.620000 -1.676589
v -3.289135 0.540000 -1.654078
v -3.289135 0.620000 -1.654078
v -3.300224 0.540000 -1.633332
v -3.300224 0.620000 -1.633332
v -3.315147 0.540000 -1.615147
v -3.315147 0.620000 -1.615147
v -3.333332 0.540000 -1.600224
v -3.333332 0.620000 -1.600224
v -3.354078 0.540000 -1.589134
v -3.354078 0.620000 -1.589134
v -3.376589 0.540000 -1.582306
v -3.376589 0.620000 -1.582306
v -3.400000 0.540000 -1.580000
v -3.400000 0.620000 -1.580000
v -3.423411 0.540000 -1.582306
v -3.423411 0.620000 -1.582306
v -3.445922 0.540000 -1.589134
v -3.445922 0.620000 -1.589134
v -3.466669 0.540000 -1.600224
v -3.466669 0.620000 -1.600224
v -3.484853 0.540000 -1.615147
v -3.484853 0.620000 -1.615147
v -3.499776 0.540000 -1.633332
v -3.499776 0.620000 -1.633332
v -3.510866 0.540000 -1.654078
v -3.510866 0.620000 -1.654078
v -3.517694 0.540000 -1.676589
v -3.517694 0.620000 -1.676589
v -3.520000 0.540000 -1.700000
v -3.520000 0.620000 -1.700000
v -3.517694 0.540000 -1.723411
v -3.517694 0.620000 -1.723411
v -3.510866 0.540000 -1.745922
v -3.510866 0.620000 -1.745922
v -3.499776 0.540000 -1.766668
v -3.499776 0.620000 -1.766668
v -3.484853 0.540000 -1.784853
v -3.484853 0.620000 -1.784853
v -3.466669 0.540000 -1.799776
v -3.466669 0.620000 -1.799776
v -3.445922 0.540000 -1.810866
v -3.445922 0.620000 -1.810866
v -3.423411 0.540000 -1.817694
v -3.423411 0.620000 -1.817694
vn 0.0980 -0.0000 -0.9952
vn 0.2903 -0.0000 -0.9569
vn 0.4714 -0.0000 -0.8819
vn 0.6344 -0.0000 -0.7730
vn 0.7730 -0.0000 -0.6344
vn 0.8819 -0.0000 -0.4714
vn 0.9569 -0.0000 -0.2903
vn 0.9952 -0.0000 -0.0980
vn 0.9952 -0.0000 0.0980
vn 0.9569 -0.0000 0.2903
vn 0.8819 -0.0000 0.4714
vn 0.7730 -0.0000 0.6344
vn 0.6344 -0.0000 0.7730
vn 0.4714 -0.0000 0.8819
vn 0.2903 -0.0000 0.9569
vn 0.0980 -0.0000 0.9952
vn -0.0980 -0.0000 0.9952
vn -0.2903 -0.0000 0.9569
vn -0.4714 -0.0000 0.8819
vn -0.6344 -0.0000 0.7730
vn -0.7730 -0.0000 0.6344
vn -0.8819 -0.0000 0.4714
vn -0.9569 -0.0000 0.2903
vn -0.9952 -0.0000 0.0980
vn -0.9952 -0.0000 -0.0980
vn -0.9569 -0.0000 -0.2903
vn -0.8819 -0.0000 -0.4714
vn -0.7730 -0.0000 -0.6344
vn -0.6344 -0.0000 -0.7730
vn -0.4714 -0.0000 -0.8819
vn -0.0000 1.0000 -0.0000
vn -0.2903 -0.0000 -0.9569
vn -0.0980 -0.0000 -0.9952
vn -0.0000 -1.0000 -0.0000
vt 1.000000 0.500000
vt 1.000000 1.000000
vt 0.968750 1.000000
vt 0.968750 0.500000
vt 0.937500 1.000000
vt 0.937500 0.500000
vt 0.906250 1.000000
vt 0.906250 0.500000
vt 0.875000 1.000000
vt 0.875000 0.500000
vt 0.843750 1.000000
vt 0.843750 0.500000
vt 0.812500 1.000000
vt 0.812500 0.500000
vt 0.781250 1.000000
vt 0.781250 0.500000
vt 0.750000 1.000000
vt 0.750000 0.500000
vt 0.718750 1.000000
vt 0.718750 0.500000
vt 0.687500 1.000000
vt 0.687500 0.500000
vt 0.656250 1.000000
vt 0.656250 0.500000
vt 0.625000 1.000000
vt 0.625000 0.500000
vt 0.593750 1.000000
vt 0.593750 0.500000
vt 0.562500 1.000000
vt 0.562500 0.500000
vt 0.531250 1.000000
vt 0.531250 0.500000
vt 0.500000 1.000000
vt 0.500000 0.500000
vt 0.468750 1.000000
vt 0.468750 0.500000
vt 0.437500 1.000000
vt 0.437500 0.500000
vt 0.406250 1.000000
vt 0.406250 0.500000
vt 0.375000 1.000000
vt 0.375000 0.500000
vt 0.343750 1.000000
vt 0.343750 0.500000
vt 0.312500 1.000000
vt 0.312500 0.500000
vt 0.281250 1.000000
vt 0.281250 0.500000
vt 0.250000 1.000000
vt 0.250000 0.500000
vt 0.218750 1.000000
vt 0.218750 0.500000
vt 0.187500 1.000000
vt 0.187500 0.500000
vt 0.156250 1.000000
vt 0.156250 0.500000
vt 0.125000 1.000000
vt 0.125000 0.500000
vt 0.093750 1.000000
vt 0.093750 0.500000
vt 0.062500 1.000000
vt 0.062500 0.500000
vt 0.296822 0.485388
vt 0.250000 0.490000
vt 0.203178 0.485388
vt 0.158156 0.471731
vt 0.116663 0.449553
vt 0.080294 0.419706
vt 0.050447 0.383337
vt 0.028269 0.341844
vt 0.014612 0.296822
vt 0.010000 0.250000
vt 0.014612 0.203178
vt 0.028269 0.158156
vt 0.050447 0.116663
vt 0.080294 0.080294
vt 0.116663 0.050447
vt 0.158156 0.028269
vt 0.203178 0.014612
vt 0.250000 0.010000
vt 0.296822 0.014612
vt 0.341844 0.028269
vt 0.383337 0.050447
vt 0.419706 0.080294
vt 0.449553 0.116663
vt 0.471731 0.158156
vt 0.485388 0.203178
vt 0.490000 0.250000
vt 0.485388 0.296822
vt 0.471731 0.341844
vt 0.449553 0.383337
vt 0.419706 0.419706
vt 0.383337 0.449553
vt 0.341844 0.471731
vt 0.031250 1.000000
vt 0.031250 0.500000
vt 0.000000 1.000000
vt 0.000000 0.500000
vt 0.750000 0.490000
vt 0.796822 0.485388
vt 0.841844 0.471731
vt 0.883337 0.449553
vt 0.919706 0.419706
vt 0.949553 0.383337
vt 0.971731 0.341844
vt 0.985388 0.296822
vt 0.990000 0.250000
vt 0.985388 0.203178
vt 0.971731 0.158156
vt 0.949553 0.116663
vt 0.919706 0.080294
vt 0.883337 0.050447
vt 0.841844 0.028269
vt 0.796822 0.014612
vt 0.750000 0.010000
vt 0.703178 0.014612
vt 0.658156 0.028269
vt 0.616663 0.050447
vt 0.580294 0.080294
vt 0.550447 0.116663
vt 0.528269 0.158156
vt 0.514612 0.203178
vt 0.510000 0.250000
vt 0.514612 0.296822
vt 0.528269 0.341844
vt 0.550447 0.383337
vt 0.580294 0.419706
vt 0.616663 0.449553
vt 0.658156 0.471731
vt 0.703178 0.485388
s 0
usemtl Table_3_Call_Light_mat
f 1345/1629/372 1346/1630/372 1348/1631/372 1347/1632/372
f 1347/1632/373 1348/1631/373 1350/1633/373 1349/1634/373
f 1349/1634/374 1350/1633/374 1352/1635/374 1351/1636/374
f 1351/1636/375 1352/1635/375 1354/1637/375 1353/1638/375
f 1353/1638/376 1354/1637/376 1356/1639/376 1355/1640/376
f 1355/1640/377 1356/1639/377 1358/1641/377 1357/1642/377
f 1357/1642/378 1358/1641/378 1360/1643/378 1359/1644/378
f 1359/1644/379 1360/1643/379 1362/1645/379 1361/1646/379
f 1361/1646/380 1362/1645/380 1364/1647/380 1363/1648/380
f 1363/1648/381 1364/1647/381 1366/1649/381 1365/1650/381
f 1365/1650/382 1366/1649/382 1368/1651/382 1367/1652/382
f 1367/1652/383 1368/1651/383 1370/1653/383 1369/1654/383
f 1369/1654/384 1370/1653/384 1372/1655/384 1371/1656/384
f 1371/1656/385 1372/1655/385 1374/1657/385 1373/1658/385
f 1373/1658/386 1374/1657/386 1376/1659/386 1375/1660/386
f 1375/1660/387 1376/1659/387 1378/1661/387 1377/1662/387
f 1377/1662/388 1378/1661/388 1380/1663/388 1379/1664/388
f 1379/1664/389 1380/1663/389 1382/1665/389 1381/1666/389
f 1381/1666/390 1382/1665/390 1384/1667/390 1383/1668/390
f 1383/1668/391 1384/1667/391 1386/1669/391 1385/1670/391
f 1385/1670/392 1386/1669/392 1388/1671/392 1387/1672/392
f 1387/1672/393 1388/1671/393 1390/1673/393 1389/1674/393
f 1389/1674/394 1390/1673/394 1392/1675/394 1391/1676/394
f 1391/1676/395 1392/1675/395 1394/1677/395 1393/1678/395
f 1393/1678/396 1394/1677/396 1396/1679/396 1395/1680/396
f 1395/1680/397 1396/1679/397 1398/1681/397 1397/1682/397
f 1397/1682/398 1398/1681/398 1400/1683/398 1399/1684/398
f 1399/1684/399 1400/1683/399 1402/1685/399 1401/1686/399
f 1401/1686/400 1402/1685/400 1404/1687/400 1403/1688/400
f 1403/1688/401 1404/1687/401 1406/1689/401 1405/1690/401
f 1348/1691/402 1346/1692/402 1408/1693/402 1406/1694/402 1404/1695/402 1402/1696/402 1400/1697/402 1398/1698/402 1396/1699/402 1394/1700/402 1392/1701/402 1390/1702/402 1388/1703/402 1386/1704/402 1384/1705/402 1382/1706/402 1380/1707/402 1378/1708/402 1376/1709/402 1374/1710/402 1372/1711/402 1370/1712/402 1368/1713/402 1366/1714/402 1364/1715/402 1362/1716/402 1360/1717/402 1358/1718/402 1356/1719/402 1354/1720/402 1352/1721/402 1350/1722/402
f 1405/1690/403 1406/1689/403 1408/1723/403 1407/1724/403
f 1407/1724/404 1408/1723/404 1346/1725/404 1345/1726/404
f 1345/1727/405 1347/1728/405 1349/1729/405 1351/1730/405 1353/1731/405 1355/1732/405 1357/1733/405 1359/1734/405 1361/1735/405 1363/1736/405 1365/1737/405 1367/1738/405 1369/1739/405 1371/1740/405 1373/1741/405 1375/1742/405 1377/1743/405 1379/1744/405 1381/1745/405 1383/1746/405 1385/1747/405 1387/1748/405 1389/1749/405 1391/1750/405 1393/1751/405 1395/1752/405 1397/1753/405 1399/1754/405 1401/1755/405 1403/1756/405 1405/1757/405 1407/1758/405
o Table_3_Label
v -3.437240 0.779320 -1.700000
v -3.440446 0.780715 -1.700000
v -3.443496 0.781963 -1.700000
v -3.446410 0.783069 -1.700000
v -3.449208 0.784039 -1.700000
v -3.451908 0.784875 -1.700000
v -3.454530 0.785585 -1.700000
v -3.457094 0.786172 -1.700000
v -3.459619 0.786641 -1.700000
v -3.462125 0.786998 -1.700000
v -3.464631 0.787247 -1.700000
v -3.467156 0.787393 -1.700000
v -3.469720 0.787440 -1.700000
v -3.474605 0.787215 -1.700000
v -3.479167 0.786549 -1.700000
v -3.483388 0.785458 -1.700000
v -3.487246 0.783956 -1.700000
v -3.490723 0.782056 -1.700000
v -3.493800 0.779775 -1.700000
v -3.496457 0.777126 -1.700000
v -3.498674 0.774124 -1.700000
v -3.500432 0.770784 -1.700000
v -3.501713 0.767121 -1.700000
v -3.502495 0.763148 -1.700000
v -3.502760 0.758880 -1.700000
v -3.502498 0.754688 -1.700000
v -3.501710 0.750799 -1.700000
v -3.500398 0.747225 -1.700000
v -3.498560 0.743978 -1.700000
v -3.496198 0.741069 -1.700000
v -3.493310 0.738510 -1.700000
v -3.489897 0.736313 -1.700000
v -3.485960 0.734489 -1.700000
v -3.481498 0.733050 -1.700000
v -3.476510 0.732008 -1.700000
v -3.470998 0.731374 -1.700000
v -3.464960 0.731160 -1.700000
v -3.464960 0.705960 -1.700000
v -3.471470 0.705984 -1.700000
v -3.477419 0.705384 -1.700000
v -3.482806 0.704201 -1.700000
v -3.487630 0.702476 -1.700000
v -3.491890 0.700248 -1.700000
v -3.495585 0.697560 -1.700000
v -3.498714 0.694452 -1.700000
v -3.501277 0.690964 -1.700000
v -3.503272 0.687139 -1.700000
v -3.504698 0.683016 -1.700000
v -3.505554 0.678636 -1.700000
v -3.505840 0.674040 -1.700000
v -3.505592 0.669557 -1.700000
v -3.504861 0.665363 -1.700000
v -3.503666 0.661475 -1.700000
v -3.502024 0.657914 -1.700000
v -3.499954 0.654699 -1.700000
v -3.497475 0.651850 -1.700000
v -3.494605 0.649386 -1.700000
v -3.491363 0.647326 -1.700000
v -3.487767 0.645690 -1.700000
v -3.483835 0.644497 -1.700000
v -3.479587 0.643768 -1.700000
v -3.475040 0.643520 -1.700000
v -3.471540 0.643619 -1.700000
v -3.468038 0.643918 -1.700000
v -3.464531 0.644417 -1.700000
v -3.461019 0.645117 -1.700000
v -3.457500 0.646019 -1.700000
v -3.453970 0.647125 -1.700000
v -3.450429 0.648435 -1.700000
v -3.446874 0.649950 -1.700000
v -3.443304 0.651671 -1.700000
v -3.439716 0.653599 -1.700000
v -3.436109 0.655735 -1.700000
v -3.432480 0.658080 -1.700000
v -3.432480 0.628400 -1.700000
v -3.435910 0.626715 -1.700000
v -3.439337 0.625161 -1.700000
v -3.442761 0.623741 -1.700000
v -3.446179 0.622458 -1.700000
v -3.449589 0.621315 -1.700000
v -3.452990 0.620315 -1.700000
v -3.456379 0.619461 -1.700000
v -3.459754 0.618756 -1.700000
v -3.463114 0.618202 -1.700000
v -3.466456 0.617803 -1.700000
v -3.469779 0.617561 -1.700000
v -3.473080 0.617480 -1.700000
v -3.481676 0.617968 -1.700000
v -3.489789 0.619401 -1.700000
v -3.497370 0.621733 -1.700000
v -3.504368 0.624916 -1.700000
v -3.510731 0.628904 -1.700000
v -3.516410 0.633650 -1.700000
v -3.521354 0.639108 -1.700000
v -3.525513 0.645231 -1.700000
v -3.528835 0.651973 -1.700000
v -3.531271 0.659286 -1.700000
v -3.532769 0.667124 -1.700000
v -3.533280 0.675440 -1.700000
v -3.533104 0.680338 -1.700000
v -3.532570 0.685197 -1.700000
v -3.531670 0.689969 -1.700000
v -3.530397 0.694604 -1.700000
v -3.528743 0.699053 -1.700000
v -3.526700 0.703265 -1.700000
v -3.524261 0.707191 -1.700000
v -3.521416 0.710782 -1.700000
v -3.518160 0.713988 -1.700000
v -3.514484 0.716759 -1.700000
v -3.510380 0.719047 -1.700000
v -3.505840 0.720800 -1.700000
v -3.509966 0.723236 -1.700000
v -3.513672 0.725801 -1.700000
v -3.516970 0.728518 -1.700000
v -3.519871 0.731409 -1.700000
v -3.522387 0.734499 -1.700000
v -3.524530 0.737810 -1.700000
v -3.526311 0.741366 -1.700000
v -3.527742 0.745191 -1.700000
v -3.528835 0.749308 -1.700000
v -3.529601 0.753739 -1.700000
v -3.530052 0.758509 -1.700000
v -3.530200 0.763640 -1.700000
v -3.529745 0.770973 -1.700000
v -3.528404 0.777832 -1.700000
v -3.526210 0.784185 -1.700000
v -3.523200 0.790002 -1.700000
v -3.519408 0.795250 -1.700000
v -3.514870 0.799900 -1.700000
v -3.509620 0.803920 -1.700000
v -3.503693 0.807279 -1.700000
v -3.497125 0.809945 -1.700000
v -3.489950 0.811888 -1.700000
v -3.482203 0.813077 -1.700000
v -3.473920 0.813480 -1.700000
v -3.470418 0.813427 -1.700000
v -3.467042 0.813267 -1.700000
v -3.463779 0.812999 -1.700000
v -3.460615 0.812619 -1.700000
v -3.457536 0.812127 -1.700000
v -3.454530 0.811520 -1.700000
v -3.451582 0.810796 -1.700000
v -3.448679 0.809954 -1.700000
v -3.445806 0.808991 -1.700000
v -3.442952 0.807906 -1.700000
v -3.440101 0.806696 -1.700000
v -3.437240 0.805360 -1.700000
v -3.409800 0.810960 -1.700000
v -3.250200 0.810960 -1.700000
v -3.250200 0.786320 -1.700000
v -3.316280 0.786320 -1.700000
v -3.316280 0.620000 -1.700000
v -3.343720 0.620000 -1.700000
v -3.343720 0.786320 -1.700000
v -3.409800 0.786320 -1.700000
vn -0.0000 -0.0000 1.0000
vt 0.500000 0.000000
vt 0.506849 0.000000
vt 0.493151 0.000000
vt 0.486301 0.000000
vt 0.513699 0.000000
vt 0.520548 0.000000
vt 0.472603 0.000000
vt 0.479452 0.000000
vt 1.000000 0.000000
vt 0.000000 0.000000
vt 0.006849 0.000000
vt 0.013699 0.000000
vt 0.020548 0.000000
vt 0.993151 0.000000
vt 0.054795 0.000000
vt 0.952055 0.000000
vt 0.958904 0.000000
vt 0.554795 0.000000
vt 0.445205 0.000000
vt 0.547945 0.000000
vt 0.452055 0.000000
vt 0.541096 0.000000
vt 0.972603 0.000000
vt 0.041096 0.000000
vt 0.047945 0.000000
vt 0.965753 0.000000
vt 0.534247 0.000000
vt 0.458904 0.000000
vt 0.527397 0.000000
vt 0.465753 0.000000
vt 0.027397 0.000000
vt 0.986301 0.000000
vt 0.034247 0.000000
vt 0.979452 0.000000
vt 0.589041 0.000000
vt 0.424658 0.000000
vt 0.582192 0.000000
vt 0.575342 0.000000
vt 0.431507 0.000000
vt 0.568493 0.000000
vt 0.438356 0.000000
vt 0.246575 0.000000
vt 0.253425 0.000000
vt 0.260274 0.000000
vt 0.239726 0.000000
vt 0.938356 0.000000
vt 0.068493 0.000000
vt 0.075342 0.000000
vt 0.931507 0.000000
vt 0.082192 0.000000
vt 0.924658 0.000000
vt 0.595890 0.000000
vt 0.410959 0.000000
vt 0.417808 0.000000
vt 0.267123 0.000000
vt 0.226027 0.000000
vt 0.232877 0.000000
vt 0.602740 0.000000
vt 0.397260 0.000000
vt 0.404110 0.000000
vt 0.273973 0.000000
vt 0.219178 0.000000
vt 0.089041 0.000000
vt 0.095890 0.000000
vt 0.910959 0.000000
vt 0.917808 0.000000
vt 0.561644 0.000000
vt 0.061644 0.000000
vt 0.945205 0.000000
vt 0.390411 0.000000
vt 0.609589 0.000000
vt 0.616438 0.000000
vt 0.383562 0.000000
vt 0.287671 0.000000
vt 0.294521 0.000000
vt 0.753425 0.000000
vt 0.198630 0.000000
vt 0.205479 0.000000
vt 0.116438 0.000000
vt 0.123288 0.000000
vt 0.883562 0.000000
vt 0.890411 0.000000
vt 0.623288 0.000000
vt 0.376712 0.000000
vt 0.630137 0.000000
vt 0.369863 0.000000
vt 0.636986 0.000000
vt 0.363014 0.000000
vt 0.643836 0.000000
vt 0.356164 0.000000
vt 0.650685 0.000000
vt 0.349315 0.000000
vt 0.657534 0.000000
vt 0.342466 0.000000
vt 0.664384 0.000000
vt 0.335616 0.000000
vt 0.671233 0.000000
vt 0.328767 0.000000
vt 0.678082 0.000000
vt 0.684932 0.000000
vt 0.321918 0.000000
vt 0.691781 0.000000
vt 0.698630 0.000000
vt 0.315068 0.000000
vt 0.705479 0.000000
vt 0.712329 0.000000
vt 0.308219 0.000000
vt 0.719178 0.000000
vt 0.726027 0.000000
vt 0.301370 0.000000
vt 0.732877 0.000000
vt 0.739726 0.000000
vt 0.746575 0.000000
vt 0.760274 0.000000
vt 0.767123 0.000000
vt 0.191781 0.000000
vt 0.773973 0.000000
vt 0.780822 0.000000
vt 0.184932 0.000000
vt 0.787671 0.000000
vt 0.794521 0.000000
vt 0.178082 0.000000
vt 0.801370 0.000000
vt 0.808219 0.000000
vt 0.171233 0.000000
vt 0.815068 0.000000
vt 0.821918 0.000000
vt 0.164384 0.000000
vt 0.828767 0.000000
vt 0.835616 0.000000
vt 0.157534 0.000000
vt 0.842466 0.000000
vt 0.150685 0.000000
vt 0.849315 0.000000
vt 0.143836 0.000000
vt 0.856164 0.000000
vt 0.136986 0.000000
vt 0.863014 0.000000
vt 0.869863 0.000000
vt 0.130137 0.000000
vt 0.876712 0.000000
vt 0.280822 0.000000
vt 0.212329 0.000000
vt 0.109589 0.000000
vt 0.897260 0.000000
vt 0.102740 0.000000
vt 0.904110 0.000000
vt 0.142857 0.000000
vt 0.285714 0.000000
vt 0.428571 0.000000
vt 0.857143 0.000000
vt 0.571429 0.000000
vt 0.714286 0.000000
s 0
usemtl Table_3_Label_mat
f 1482/1759/406 1481/1761/406 1483/1760/406
f 1481/1761/406 1480/1762/406 1483/1760/406
f 1484/1763/406 1478/1765/406 1485/1764/406
f 1483/1760/406 1478/1765/406 1484/1763/406
f 1478/1765/406 1483/1760/406 1479/1766/406
f 1480/1762/406 1479/1766/406 1483/1760/406
f 1555/1767/406 1410/1769/406 1409/1768/406
f 1410/1769/406 1555/1767/406 1411/1770/406
f 1411/1770/406 1555/1767/406 1412/1771/406
f 1554/1772/406 1412/1771/406 1555/1767/406
f 1417/1773/406 1549/1775/406 1548/1774/406
f 1490/1776/406 1489/1778/406 1474/1777/406
f 1474/1777/406 1489/1778/406 1475/1779/406
f 1488/1780/406 1475/1779/406 1489/1778/406
f 1551/1781/406 1416/1783/406 1415/1782/406
f 1550/1784/406 1416/1783/406 1551/1781/406
f 1416/1783/406 1550/1784/406 1417/1773/406
f 1417/1773/406 1550/1784/406 1549/1775/406
f 1488/1780/406 1487/1785/406 1475/1779/406
f 1475/1779/406 1487/1785/406 1476/1786/406
f 1486/1787/406 1476/1786/406 1487/1785/406
f 1476/1786/406 1486/1787/406 1477/1788/406
f 1485/1764/406 1477/1788/406 1486/1787/406
f 1478/1765/406 1477/1788/406 1485/1764/406
f 1554/1772/406 1413/1789/406 1412/1771/406
f 1553/1790/406 1413/1789/406 1554/1772/406
f 1413/1789/406 1553/1790/406 1414/1791/406
f 1552/1792/406 1414/1791/406 1553/1790/406
f 1414/1791/406 1552/1792/406 1415/1782/406
f 1415/1782/406 1552/1792/406 1551/1781/406
f 1495/1793/406 1494/1795/406 1471/1794/406
f 1494/1795/406 1493/1796/406 1471/1794/406
f 1471/1794/406 1493/1796/406 1472/1797/406
f 1492/1798/406 1472/1797/406 1493/1796/406
f 1473/1799/406 1472/1797/406 1492/1798/406
f 1445/1800/406 1447/1802/406 1446/1801/406
f 1447/1802/406 1445/1800/406 1444/1803/406
f 1546/1804/406 1420/1806/406 1419/1805/406
f 1545/1807/406 1420/1806/406 1546/1804/406
f 1420/1806/406 1545/1807/406 1421/1808/406
f 1421/1808/406 1545/1807/406 1544/1809/406
f 1496/1810/406 1470/1812/406 1469/1811/406
f 1448/1813/406 1443/1815/406 1442/1814/406
f 1497/1816/406 1468/1818/406 1467/1817/406
f 1469/1811/406 1497/1816/406 1496/1810/406
f 1497/1816/406 1469/1811/406 1468/1818/406
f 1442/1814/406 1449/1819/406 1448/1813/406
f 1449/1819/406 1442/1814/406 1441/1820/406
f 1422/1821/406 1542/1823/406 1423/1822/406
f 1543/1824/406 1542/1823/406 1422/1821/406
f 1496/1810/406 1495/1793/406 1470/1812/406
f 1471/1794/406 1470/1812/406 1495/1793/406
f 1448/1813/406 1447/1802/406 1443/1815/406
f 1444/1803/406 1443/1815/406 1447/1802/406
f 1422/1821/406 1421/1808/406 1543/1824/406
f 1544/1809/406 1543/1824/406 1421/1808/406
f 1492/1798/406 1491/1825/406 1473/1799/406
f 1490/1776/406 1473/1799/406 1491/1825/406
f 1474/1777/406 1473/1799/406 1490/1776/406
f 1548/1774/406 1418/1826/406 1417/1773/406
f 1547/1827/406 1418/1826/406 1548/1774/406
f 1418/1826/406 1547/1827/406 1419/1805/406
f 1419/1805/406 1547/1827/406 1546/1804/406
f 1466/1828/406 1499/1830/406 1498/1829/406
f 1465/1831/406 1499/1830/406 1466/1828/406
f 1451/1832/406 1519/1834/406 1452/1833/406
f 1438/1835/406 1519/1834/406 1439/1836/406
f 1426/1837/406 1538/1839/406 1427/1838/406
f 1538/1839/406 1426/1837/406 1539/1840/406
f 1465/1831/406 1500/1841/406 1499/1830/406
f 1464/1842/406 1500/1841/406 1465/1831/406
f 1500/1841/406 1464/1842/406 1501/1843/406
f 1463/1844/406 1501/1843/406 1464/1842/406
f 1501/1843/406 1463/1844/406 1502/1845/406
f 1462/1846/406 1502/1845/406 1463/1844/406
f 1502/1845/406 1462/1846/406 1503/1847/406
f 1461/1848/406 1503/1847/406 1462/1846/406
f 1503/1847/406 1461/1848/406 1504/1849/406
f 1460/1850/406 1504/1849/406 1461/1848/406
f 1504/1849/406 1460/1850/406 1505/1851/406
f 1459/1852/406 1505/1851/406 1460/1850/406
f 1505/1851/406 1459/1852/406 1506/1853/406
f 1458/1854/406 1506/1853/406 1459/1852/406
f 1506/1853/406 1458/1854/406 1507/1855/406
f 1457/1856/406 1507/1855/406 1458/1854/406
f 1507/1855/406 1457/1856/406 1508/1857/406
f 1508/1857/406 1457/1856/406 1509/1858/406
f 1456/1859/406 1509/1858/406 1457/1856/406
f 1509/1858/406 1456/1859/406 1510/1860/406
f 1510/1860/406 1456/1859/406 1511/1861/406
f 1455/1862/406 1511/1861/406 1456/1859/406
f 1511/1861/406 1455/1862/406 1512/1863/406
f 1512/1863/406 1455/1862/406 1513/1864/406
f 1454/1865/406 1513/1864/406 1455/1862/406
f 1513/1864/406 1454/1865/406 1514/1866/406
f 1514/1866/406 1454/1865/406 1515/1867/406
f 1453/1868/406 1515/1867/406 1454/1865/406
f 1515/1867/406 1453/1868/406 1516/1869/406
f 1516/1869/406 1453/1868/406 1517/1870/406
f 1452/1833/406 1517/1870/406 1453/1868/406
f 1517/1870/406 1452/1833/406 1518/1871/406
f 1519/1834/406 1518/1871/406 1452/1833/406
f 1438/1835/406 1520/1872/406 1519/1834/406
f 1520/1872/406 1438/1835/406 1521/1873/406
f 1437/1874/406 1521/1873/406 1438/1835/406
f 1521/1873/406 1437/1874/406 1522/1875/406
f 1522/1875/406 1437/1874/406 1523/1876/406
f 1436/1877/406 1523/1876/406 1437/1874/406
f 1523/1876/406 1436/1877/406 1524/1878/406
f 1524/1878/406 1436/1877/406 1525/1879/406
f 1435/1880/406 1525/1879/406 1436/1877/406
f 1525/1879/406 1435/1880/406 1526/1881/406
f 1526/1881/406 1435/1880/406 1527/1882/406
f 1434/1883/406 1527/1882/406 1435/1880/406
f 1527/1882/406 1434/1883/406 1528/1884/406
f 1528/1884/406 1434/1883/406 1529/1885/406
f 1433/1886/406 1529/1885/406 1434/1883/406
f 1529/1885/406 1433/1886/406 1530/1887/406
f 1530/1887/406 1433/1886/406 1531/1888/406
f 1432/1889/406 1531/1888/406 1433/1886/406
f 1531/1888/406 1432/1889/406 1532/1890/406
f 1431/1891/406 1532/1890/406 1432/1889/406
f 1532/1890/406 1431/1891/406 1533/1892/406
f 1430/1893/406 1533/1892/406 1431/1891/406
f 1533/1892/406 1430/1893/406 1534/1894/406
f 1429/1895/406 1534/1894/406 1430/1893/406
f 1534/1894/406 1429/1895/406 1535/1896/406
f 1535/1896/406 1429/1895/406 1536/1897/406
f 1428/1898/406 1536/1897/406 1429/1895/406
f 1536/1897/406 1428/1898/406 1537/1899/406
f 1427/1838/406 1537/1899/406 1428/1898/406
f 1538/1839/406 1537/1899/406 1427/1838/406
f 1467/1817/406 1498/1829/406 1497/1816/406
f 1498/1829/406 1467/1817/406 1466/1828/406
f 1451/1832/406 1450/1900/406 1519/1834/406
f 1449/1819/406 1519/1834/406 1450/1900/406
f 1441/1820/406 1519/1834/406 1449/1819/406
f 1440/1901/406 1519/1834/406 1441/1820/406
f 1519/1834/406 1440/1901/406 1439/1836/406
f 1426/1837/406 1425/1902/406 1539/1840/406
f 1539/1840/406 1425/1902/406 1540/1903/406
f 1424/1904/406 1540/1903/406 1425/1902/406
f 1540/1903/406 1424/1904/406 1541/1905/406
f 1423/1822/406 1541/1905/406 1424/1904/406
f 1542/1823/406 1541/1905/406 1423/1822/406
f 1557/1906/406 1559/1908/406 1558/1907/406
f 1563/1767/406 1562/1909/406 1556/1768/406
f 1559/1908/406 1561/1911/406 1560/1910/406
f 1561/1911/406 1559/1908/406 1562/1909/406
f 1557/1906/406 1562/1909/406 1559/1908/406
f 1562/1909/406 1557/1906/406 1556/1768/406
o Table_4
v 2.775000 0.390000 2.625000
v 2.775000 0.510000 2.625000
v 2.775000 0.390000 1.575000
v 2.775000 0.510000 1.575000
v 3.825000 0.390000 2.625000
v 3.825000 0.510000 2.625000
v 3.825000 0.390000 1.575000
v 3.825000 0.510000 1.575000
vn -1.0000 -0.0000 -0.0000
vn -0.0000 -0.0000 -1.0000
vn 1.0000 -0.0000 -0.0000
vn -0.0000 -0.0000 1.0000
vn -0.0000 -1.0000 -0.0000
vn -0.0000 1.0000 -0.0000
vt 0.375000 0.000000
vt 0.625000 0.000000
vt 0.625000 0.250000
vt 0.375000 0.250000
vt 0.625000 0.500000
vt 0.375000 0.500000
vt 0.625000 0.750000
vt 0.375000 0.750000
vt 0.625000 1.000000
vt 0.375000 1.000000
vt 0.125000 0.500000
vt 0.125000 0.750000
vt 0.875000 0.500000
vt 0.875000 0.750000
s 0
usemtl Table_4_mat
f 1564/1912/407 1565/1913/407 1567/1914/407 1566/1915/407
f 1566/1915/408 1567/1914/408 1571/1916/408 1570/1917/408
f 1570/1917/409 1571/1916/409 1569/1918/409 1568/1919/409
f 1568/1919/410 1569/1918/410 1565/1920/410 1564/1921/410
f 1566/1922/411 1570/1917/411 1568/1919/411 1564/1923/411
f 1571/1916/412 1567/1924/412 1565/1925/412 1569/1918/412
o Table_4_Leg
v 3.300000 0.000000 2.020000
v 3.300000 0.440000 2.020000
v 3.315607 0.000000 2.021537
v 3.315607 0.440000 2.021537
v 3.330615 0.000000 2.026090
v 3.330615 0.440000 2.026090
v 3.344445 0.000000 2.033482
v 3.344445 0.440000 2.033482
v 3.356569 0.000000 2.043431
v 3.356569 0.440000 2.043431
v 3.366518 0.000000 2.055554
v 3.366518 0.440000 2.055554
v 3.373910 0.000000 2.069385
v 3.373910 0.440000 2.069385
v 3.378463 0.000000 2.084393
v 3.378463 0.440000 2.084393
v 3.380000 0.000000 2.100000
v 3.380000 0.440000 2.100000
v 3.378463 0.000000 2.115607
v 3.378463 0.440000 2.115607
v 3.373910 0.000000 2.130615
v 3.373910 0.440000 2.130615
v 3.366518 0.000000 2.144445
v 3.366518 0.440000 2.144445
v 3.356569 0.000000 2.156569
v 3.356569 0.440000 2.156569
v 3.344445 0.000000 2.166517
v 3.344445 0.440000 2.166517
v 3.330615 0.000000 2.173910
v 3.330615 0.440000 2.173910
v 3.315607 0.000000 2.178463
v 3.315607 0.440000 2.178463
v 3.300000 0.000000 2.180000
v 3.300000 0.440000 2.180000
v 3.284393 0.000000 2.178463
v 3.284393 0.440000 2.178463
v 3.269385 0.000000 2.173910
v 3.269385 0.440000 2.173910
v 3.255554 0.000000 2.166517
v 3.255554 0.440000 2.166517
v 3.243431 0.000000 2.156569
v 3.243431 0.440000 2.156569
v 3.233482 0.000000 2.144445
v 3.233482 0.440000 2.144445
v 3.226089 0.000000 2.130615
v 3.226089 0.440000 2.130615
v 3.221537 0.000000 2.115607
v 3.221537 0.440000 2.115607
v 3.220000 0.000000 2.100000
v 3.220000 0.440000 2.100000
v 3.221537 0.000000 2.084393
v 3.221537 0.440000 2.084393
v 3.226089 0.000000 2.069385
v 3.226089 0.440000 2.069385
v 3.233482 0.000000 2.055554
v 3.233482 0.440000 2.055554
v 3.243431 0.000000 2.043431
v 3.243431 0.440000 2.043431
v 3.255554 0.000000 2.033482
v 3.255554 0.440000 2.033482
v 3.269385 0.000000 2.026090
v 3.269385 0.440000 2.026090
v 3.284393 0.000000 2.021537
v 3.284393 0.440000 2.021537
vn 0.0980 -0.0000 -0.9952
vn 0.2903 -0.0000 -0.9569
vn 0.4714 -0.0000 -0.8819
vn 0.6344 -0.0000 -0.7730
vn 0.7730 -0.0000 -0.6344
vn 0.8819 -0.0000 -0.4714
vn 0.9569 -0.0000 -0.2903
vn 0.9952 -0.0000 -0.0980
vn 0.9952 -0.0000 0.0980
vn 0.9569 -0.0000 0.2903
vn 0.8819 -0.0000 0.4714
vn 0.7730 -0.0000 0.6344
vn 0.6344 -0.0000 0.7730
vn 0.4714 -0.0000 0.8819
vn 0.2903 -0.0000 0.9569
vn 0.0980 -0.0000 0.9952
vn -0.0980 -0.0000 0.9952
vn -0.2903 -0.0000 0.9569
vn -0.4714 -0.0000 0.8819
vn -0.6344 -0.0000 0.7730
vn -0.7730 -0.0000 0.6344
vn -0.8819 -0.0000 0.4714
vn -0.9569 -0.0000 0.2903
vn -0.9952 -0.0000 0.0980
vn -0.9952 -0.0000 -0.0980
vn -0.9569 -0.0000 -0.2903
vn -0.8819 -0.0000 -0.4714
vn -0.7730 -0.0000 -0.6344
vn -0.6344 -0.0000 -0.7730
vn -0.4714 -0.0000 -0.8819
vn -0.0000 1.0000 -0.0000
vn -0.2903 -0.0000 -0.9569
vn -0.0980 -0.0000 -0.9952
vn -0.0000 -1.0000 -0.0000
vt 1.000000 0.500000
vt 1.000000 1.000000
vt 0.968750 1.000000
vt 0.968750 0.500000
vt 0.937500 1.000000
vt 0.937500 0.500000
vt 0.906250 1.000000
vt 0.906250 0.500000
vt 0.875000 1.000000
vt 0.875000 0.500000
vt 0.843750 1.000000
vt 0.843750 0.500000
vt 0.812500 1.000000
vt 0.812500 0.500000
vt 0.781250 1.000000
vt 0.781250 0.500000
vt 0.750000 1.000000
vt 0.750000 0.500000
vt 0.718750 1.000000
vt 0.718750 0.500000
vt 0.687500 1.000000
vt 0.687500 0.500000
vt 0.656250 1.000000
vt 0.656250 0.500000
vt 0.625000 1.000000
vt 0.625000 0.500000
vt 0.593750 1.000000
vt 0.593750 0.500000
vt 0.562500 1.000000
vt 0.562500 0.500000
vt 0.531250 1.000000
vt 0.531250 0.500000
vt 0.500000 1.000000
vt 0.500000 0.500000
vt 0.468750 1.000000
vt 0.468750 0.500000
vt 0.437500 1.000000
vt 0.437500 0.500000
vt 0.406250 1.000000
vt 0.406250 0.500000
vt 0.375000 1.000000
vt 0.375000 0.500000
vt 0.343750 1.000000
vt 0.343750 0.500000
vt 0.312500 1.000000
vt 0.312500 0.500000
vt 0.281250 1.000000
vt 0.281250 0.500000
vt 0.250000 1.000000
vt 0.250000 0.500000
vt 0.218750 1.000000
vt 0.218750 0.500000
vt 0.187500 1.000000
vt 0.187500 0.500000
vt 0.156250 1.000000
vt 0.156250 0.500000
vt 0.125000 1.000000
vt 0.125000 0.500000
vt 0.093750 1.000000
vt 0.093750 0.500000
vt 0.062500 1.000000
vt 0.062500 0.500000
vt 0.296822 0.485388
vt 0.250000 0.490000
vt 0.203178 0.485388
vt 0.158156 0.471731
vt 0.116663 0.449553
vt 0.080294 0.419706
vt 0.050447 0.383337
vt 0.028269 0.341844
vt 0.014612 0.296822
vt 0.010000 0.250000
vt 0.014612 0.203178
vt 0.028269 0.158156
vt 0.050447 0.116663
vt 0.080294 0.080294
vt 0.116663 0.050447
vt 0.158156 0.028269
vt 0.203178 0.014612
vt 0.250000 0.010000
vt 0.296822 0.014612
vt 0.341844 0.028269
vt 0.383337 0.050447
vt 0.419706 0.080294
vt 0.449553 0.116663
vt 0.471731 0.158156
vt 0.485388 0.203178
vt 0.490000 0.250000
vt 0.485388 0.296822
vt 0.471731 0.341844
vt 0.449553 0.383337
vt 0.419706 0.419706
vt 0.383337 0.449553
vt 0.341844 0.471731
vt 0.031250 1.000000
vt 0.031250 0.500000
vt 0.000000 1.000000
vt 0.000000 0.500000
vt 0.750000 0.490000
vt 0.796822 0.485388
vt 0.841844 0.471731
vt 0.883337 0.449553
vt 0.919706 0.419706
vt 0.949553 0.383337
vt 0.971731 0.341844
vt 0.985388 0.296822
vt 0.990000 0.250000
vt 0.985388 0.203178
vt 0.971731 0.158156
vt 0.949553 0.116663
vt 0.919706 0.080294
vt 0.883337 0.050447
vt 0.841844 0.028269
vt 0.796822 0.014612
vt 0.750000 0.010000
vt 0.703178 0.014612
vt 0.658156 0.028269
vt 0.616663 0.050447
vt 0.580294 0.080294
vt 0.550447 0.116663
vt 0.528269 0.158156
vt 0.514612 0.203178
vt 0.510000 0.250000
vt 0.514612 0.296822
vt 0.528269 0.341844
vt 0.550447 0.383337
vt 0.580294 0.419706
vt 0.616663 0.449553
vt 0.658156 0.471731
vt 0.703178 0.485388
s 0
usemtl Table_4_Leg_mat
f 1572/1926/413 1573/1927/413 1575/1928/413 1574/1929/413
f 1574/1929/414 1575/1928/414 1577/1930/414 1576/1931/414
f 1576/1931/415 1577/1930/415 1579/1932/415 1578/1933/415
f 1578/1933/416 1579/1932/416 1581/1934/416 1580/1935/416
f 1580/1935/417 1581/1934/417 1583/1936/417 1582/1937/417
f 1582/1937/418 1583/1936/418 1585/1938/418 1584/1939/418
f 1584/1939/419 1585/1938/419 1587/1940/419 1586/1941/419
f 1586/1941/420 1587/1940/420 1589/1942/420 1588/1943/420
f 1588/1943/421 1589/1942/421 1591/1944/421 1590/1945/421
f 1590/1945/422 1591/1944/422 1593/1946/422 1592/1947/422
f 1592/1947/423 1593/1946/423 1595/1948/423 1594/1949/423
f 1594/1949/424 1595/1948/424 1597/1950/424 1596/1951/424
f 1596/1951/425 1597/1950/425 1599/1952/425 1598/1953/425
f 1598/1953/426 1599/1952/426 1601/1954/426 1600/1955/426
f 1600/1955/427 1601/1954/427 1603/1956/427 1602/1957/427
f 1602/1957/428 1603/1956/428 1605/1958/428 1604/1959/428
f 1604/1959/429 1605/1958/429 1607/1960/429 1606/1961/429
f 1606/1961/430 1607/1960/430 1609/1962/430 1608/1963/430
f 1608/1963/431 1609/1962/431 1611/1964/431 1610/1965/431
f 1610/1965/432 1611/1964/432 1613/1966/432 1612/1967/432
f 1612/1967/433 1613/1966/433 1615/1968/433 1614/1969/433
f 1614/1969/434 1615/1968/434 1617/1970/434 1616/1971/434
f 1616/1971/435 1617/1970/435 1619/1972/435 1618/1973/435
f 1618/1973/436 1619/1972/436 1621/1974/436 1620/1975/436
f 1620/1975/437 1621/1974/437 1623/1976/437 1622/1977/437
f 1622/1977/438 1623/1976/438 1625/1978/438 1624/1979/438
f 1624/1979/439 1625/1978/439 1627/1980/439 1626/1981/439
f 1626/1981/440 1627/1980/440 1629/1982/440 1628/1983/440
f 1628/1983/441 1629/1982/441 1631/1984/441 1630/1985/441
f 1630/1985/442 1631/1984/442 1633/1986/442 1632/1987/442
f 1575/1988/443 1573/1989/443 1635/1990/443 1633/1991/443 1631/1992/443 1629/1993/443 1627/1994/443 1625/1995/443 1623/1996/443 1621/1997/443 1619/1998/443 1617/1999/443 1615/2000/443 1613/2001/443 1611/2002/443 1609/2003/443 1607/2004/443 1605/2005/443 1603/2006/443 1601/2007/443 1599/2008/443 1597/2009/443 1595/2010/443 1593/2011/443 1591/2012/443 1589/2013/443 1587/2014/443 1585/2015/443 1583/2016/443 1581/2017/443 1579/2018/443 1577/2019/443
f 1632/1987/444 1633/1986/444 1635/2020/444 1634/2021/444
f 1634/2021/445 1635/2020/445 1573/2022/445 1572/2023/445
f 1572/2024/446 1574/2025/446 1576/2026/446 1578/2027/446 1580/2028/446 1582/2029/446 1584/2030/446 1586/2031/446 1588/2032/446 1590/2033/446 1592/2034/446 1594/2035/446 1596/2036/446 1598/2037/446 1600/2038/446 1602/2039/446 1604/2040/446 1606/2041/446 1608/2042/446 1610/2043/446 1612/2044/446 1614/2045/446 1616/2046/446 1618/2047/446 1620/2048/446 1622/2049/446 1624/2050/446 1626/2051/446 1628/2052/446 1630/2053/446 1632/2054/446 1634/2055/446
o Table_4_Chair_1_Seat
v 3.090000 0.160000 1.490000
v 3.090000 0.340000 1.490000
v 3.090000 0.160000 1.070000
v 3.090000 0.340000 1.070000
v 3.510000 0.160000 1.490000
v 3.510000 0.340000 1.490000
v 3.510000 0.160000 1.070000
v 3.510000 0.340000 1.070000
vn -1.0000 -0.0000 -0.0000
vn -0.0000 -0.0000 -1.0000
vn 1.0000 -0.0000 -0.0000
vn -0.0000 -0.0000 1.0000
vn -0.0000 -1.0000 -0.0000
vn -0.0000 1.0000 -0.0000
vt 0.375000 0.000000
vt 0.625000 0.000000
vt 0.625000 0.250000
vt 0.375000 0.250000
vt 0.625000 0.500000
vt 0.375000 0.500000
vt 0.625000 0.750000
vt 0.375000 0.750000
vt 0.625000 1.000000
vt 0.375000 1.000000
vt 0.125000 0.500000
vt 0.125000 0.750000
vt 0.875000 0.500000
vt 0.875000 0.750000
s 0
usemtl Table_4_Chair_1_Seat_mat
f 1636/2056/447 1637/2057/447 1639/2058/447 1638/2059/447
f 1638/2059/448 1639/2058/448 1643/2060/448 1642/2061/448
f 1642/2061/449 1643/2060/449 1641/2062/449 1640/2063/449
f 1640/2063/450 1641/2062/450 1637/2064/450 1636/2065/450
f 1638/2066/451 1642/2061/451 1640/2063/451 1636/2067/451
f 1643/2060/452 1639/2068/452 1637/2069/452 1641/2062/452
o Table_4_Chair_1_Back
v 3.090000 0.250000 1.090000
v 3.090000 0.850000 1.090000
v 3.090000 0.250000 1.010000
v 3.090000 0.850000 1.010000
v 3.510000 0.250000 1.090000
v 3.510000 0.850000 1.090000
v 3.510000 0.250000 1.010000
v 3.510000 0.850000 1.010000
vn -1.0000 -0.0000 -0.0000
vn -0.0000 -0.0000 -1.0000
vn 1.0000 -0.0000 -0.0000
vn -0.0000 -0.0000 1.0000
vn -0.0000 -1.0000 -0.0000
vn -0.0000 1.0000 -0.0000
vt 0.375000 0.000000
vt 0.625000 0.000000
vt 0.625000 0.250000
vt 0.375000 0.250000
vt 0.625000 0.500000
vt 0.375000 0.500000
vt 0.625000 0.750000
vt 0.375000 0.750000
vt 0.625000 1.000000
vt 0.375000 1.000000
vt 0.125000 0.500000
vt 0.125000 0.750000
vt 0.875000 0.500000
vt 0.875000 0.750000
s 0
usemtl Table_4_Chair_1_Back_mat
f 1644/2070/453 1645/2071/453 1647/2072/453 1646/2073/453
f 1646/2073/454 1647/2072/454 1651/2074/454 1650/2075/454
f 1650/2075/455 1651/2074/455 1649/2076/455 1648/2077/455
f 1648/2077/456 1649/2076/456 1645/2078/456 1644/2079/456
f 1646/2080/457 1650/2075/457 1648/2077/457 1644/2081/457
f 1651/2074/458 1647/2082/458 1645/2083/458 1649/2076/458
o Table_4_Chair_2_Seat
v 3.090000 0.160000 3.130000
v 3.090000 0.340000 3.130000
v 3.090000 0.160000 2.710000
v 3.090000 0.340000 2.710000
v 3.510000 0.160000 3.130000
v 3.510000 0.340000 3.130000
v 3.510000 0.160000 2.710000
v 3.510000 0.340000 2.710000
vn -1.0000 -0.0000 -0.0000
vn -0.0000 -0.0000 -1.0000
vn 1.0000 -0.0000 -0.0000
vn -0.0000 -0.0000 1.0000
vn -0.0000 -1.0000 -0.0000
vn -0.0000 1.0000 -0.0000
vt 0.375000 0.000000
vt 0.625000 0.000000
vt 0.625000 0.250000
vt 0.375000 0.250000
vt 0.625000 0.500000
vt 0.375000 0.500000
vt 0.625000 0.750000
vt 0.375000 0.750000
vt 0.625000 1.000000
vt 0.375000 1.000000
vt 0.125000 0.500000
vt 0.125000 0.750000
vt 0.875000 0.500000
vt 0.875000 0.750000
s 0
usemtl Table_4_Chair_2_Seat_mat
f 1652/2084/459 1653/2085/459 1655/2086/459 1654/2087/459
f 1654/2087/460 1655/2086/460 1659/2088/460 1658/2089/460
f 1658/2089/461 1659/2088/461 1657/2090/461 1656/2091/461
f 1656/2091/462 1657/2090/462 1653/2092/462 1652/2093/462
f 1654/2094/463 1658/2089/463 1656/2091/463 1652/2095/463
f 1659/2088/464 1655/2096/464 1653/2097/464 1657/2090/464
o Table_4_Chair_2_Back
v 3.090000 0.250000 3.190000
v 3.090000 0.850000 3.190000
v 3.090000 0.250000 3.110000
v 3.090000 0.850000 3.110000
v 3.510000 0.250000 3.190000
v 3.510000 0.850000 3.190000
v 3.510000 0.250000 3.110000
v 3.510000 0.850000 3.110000
vn -1.0000 -0.0000 -0.0000
vn -0.0000 -0.0000 -1.0000
vn 1.0000 -0.0000 -0.0000
vn -0.0000 -0.0000 1.0000
vn -0.0000 -1.0000 -0.0000
vn -0.0000 1.0000 -0.0000
vt 0.375000 0.000000
vt 0.625000 0.000000
vt 0.625000 0.250000
vt 0.375000 0.250000
vt 0.625000 0.500000
vt 0.375000 0.500000
vt 0.625000 0.750000
vt 0.375000 0.750000
vt 0.625000 1.000000
vt 0.375000 1.000000
vt 0.125000 0.500000
vt 0.125000 0.750000
vt 0.875000 0.500000
vt 0.875000 0.750000
s 0
usemtl Table_4_Chair_2_Back_mat
f 1660/2098/465 1661/2099/465 1663/2100/465 1662/2101/465
f 1662/2101/466 1663/2100/466 1667/2102/466 1666/2103/466
f 1666/2103/467 1667/2102/467 1665/2104/467 1664/2105/467
f 1664/2105/468 1665/2104/468 1661/2106/468 1660/2107/468
f 1662/2108/469 1666/2103/469 1664/2105/469 1660/2109/469
f 1667/2102/470 1663/2110/470 1661/2111/470 1665/2104/470
o Table_4_Chair_3_Seat
v 3.910000 0.160000 2.310000
v 3.910000 0.340000 2.310000
v 3.910000 0.160000 1.890000
v 3.910000 0.340000 1.890000
v 4.330000 0.160000 2.310000
v 4.330000 0.340000 2.310000
v 4.330000 0.160000 1.890000
v 4.330000 0.340000 1.890000
vn -1.0000 -0.0000 -0.0000
vn -0.0000 -0.0000 -1.0000
vn 1.0000 -0.0000 -0.0000
vn -0.0000 -0.0000 1.0000
vn -0.0000 -1.0000 -0.0000
vn -0.0000 1.0000 -0.0000
vt 0.375000 0.000000
vt 0.625000 0.000000
vt 0.625000 0.250000
vt 0.375000 0.250000
vt 0.625000 0.500000
vt 0.375000 0.500000
vt 0.625000 0.750000
vt 0.375000 0.750000
vt 0.625000 1.000000
vt 0.375000 1.000000
vt 0.125000 0.500000
vt 0.125000 0.750000
vt 0.875000 0.500000
vt 0.875000 0.750000
s 0
usemtl Table_4_Chair_3_Seat_mat
f 1668/2112/471 1669/2113/471 1671/2114/471 1670/2115/471
f 1670/2115/472 1671/2114/472 1675/2116/472 1674/2117/472
f 1674/2117/473 1675/2116/473 1673/2118/473 1672/2119/473
f 1672/2119/474 1673/2118/474 1669/2120/474 1668/2121/474
f 1670/2122/475 1674/2117/475 1672/2119/475 1668/2123/475
f 1675/2116/476 1671/2124/476 1669/2125/476 1673/2118/476
o Table_4_Chair_3_Back
v 4.310000 0.250000 2.310000
v 4.310000 0.850000 2.310000
v 4.310000 0.250000 1.890000
v 4.310000 0.850000 1.890000
v 4.390000 0.250000 2.310000
v 4.390000 0.850000 2.310000
v 4.390000 0.250000 1.890000
v 4.390000 0.850000 1.890000
vn -1.0000 -0.0000 -0.0000
vn -0.0000 -0.0000 -1.0000
vn 1.0000 -0.0000 -0.0000
vn -0.0000 -0.0000 1.0000
vn -0.0000 -1.0000 -0.0000
vn -0.0000 1.0000 -0.0000
vt 0.375000 0.000000
vt 0.625000 0.000000
vt 0.625000 0.250000
vt 0.375000 0.250000
vt 0.625000 0.500000
vt 0.375000 0.500000
vt 0.625000 0.750000
vt 0.375000 0.750000
vt 0.625000 1.000000
vt 0.375000 1.000000
vt 0.125000 0.500000
vt 0.125000 0.750000
vt 0.875000 0.500000
vt 0.875000 0.750000
s 0
usemtl Table_4_Chair_3_Back_mat
f 1676/2126/477 1677/2127/477 1679/2128/477 1678/2129/477
f 1678/2129/478 1679/2128/478 1683/2130/478 1682/2131/478
f 1682/2131/479 1683/2130/479 1681/2132/479 1680/2133/479
f 1680/2133/480 1681/2132/480 1677/2134/480 1676/2135/480
f 1678/2136/481 1682/2131/481 1680/2133/481 1676/2137/481
f 1683/2130/482 1679/2138/482 1677/2139/482 1681/2132/482
o Table_4_Chair_4_Seat
v 2.270000 0.160000 2.310000
v 2.270000 0.340000 2.310000
v 2.270000 0.160000 1.890000
v 2.270000 0.340000 1.890000
v 2.690000 0.160000 2.310000
v 2.690000 0.340000 2.310000
v 2.690000 0.160000 1.890000
v 2.690000 0.340000 1.890000
vn -1.0000 -0.0000 -0.0000
vn -0.0000 -0.0000 -1.0000
vn 1.0000 -0.0000 -0.0000
vn -0.0000 -0.0000 1.0000
vn -0.0000 -1.0000 -0.0000
vn -0.0000 1.0000 -0.0000
vt 0.375000 0.000000
vt 0.625000 0.000000
vt 0.625000 0.250000
vt 0.375000 0.250000
vt 0.625000 0.500000
vt 0.375000 0.500000
vt 0.625000 0.750000
vt 0.375000 0.750000
vt 0.625000 1.000000
vt 0.375000 1.000000
vt 0.125000 0.500000
vt 0.125000 0.750000
vt 0.875000 0.500000
vt 0.875000 0.750000
s 0
usemtl Table_4_Chair_4_Seat_mat
f 1684/2140/483 1685/2141/483 1687/2142/483 1686/2143/483
f 1686/2143/484 1687/2142/484 1691/2144/484 1690/2145/484
f 1690/2145/485 1691/2144/485 1689/2146/485 1688/2147/485
f 1688/2147/486 1689/2146/486 1685/2148/486 1684/2149/486
f 1686/2150/487 1690/2145/487 1688/2147/487 1684/2151/487
f 1691/2144/488 1687/2152/488 1685/2153/488 1689/2146/488
o Table_4_Chair_4_Back
v 2.210000 0.250000 2.310000
v 2.210000 0.850000 2.310000
v 2.210000 0.250000 1.890000
v 2.210000 0.850000 1.890000
v 2.290000 0.250000 2.310000
v 2.290000 0.850000 2.310000
v 2.290000 0.250000 1.890000
v 2.290000 0.850000 1.890000
vn -1.0000 -0.0000 -0.0000
vn -0.0000 -0.0000 -1.0000
vn 1.0000 -0.0000 -0.0000
vn -0.0000 -0.0000 1.0000
vn -0.0000 -1.0000 -0.0000
vn -0.0000 1.0000 -0.0000
vt 0.375000 0.000000
vt 0.625000 0.000000
vt 0.625000 0.250000
vt 0.375000 0.250000
vt 0.625000 0.500000
vt 0.375000 0.500000
vt 0.625000 0.750000
vt 0.375000 0.750000
vt 0.625000 1.000000
vt 0.375000 1.000000
vt 0.125000 0.500000
vt 0.125000 0.750000
vt 0.875000 0.500000
vt 0.875000 0.750000
s 0
usemtl Table_4_Chair_4_Back_mat
f 1692/2154/489 1693/2155/489 1695/2156/489 1694/2157/489
f 1694/2157/490 1695/2156/490 1699/2158/490 1698/2159/490
f 1698/2159/491 1699/2158/491 1697/2160/491 1696/2161/491
f 1696/2161/492 1697/2160/492 1693/2162/492 1692/2163/492
f 1694/2164/493 1698/2159/493 1696/2161/493 1692/2165/493
f 1699/2158/494 1695/2166/494 1693/2167/494 1697/2160/494
o Table_4_Call_Light
v 3.300000 0.540000 1.980000
v 3.300000 0.620000 1.980000
v 3.323411 0.540000 1.982306
v 3.323411 0.620000 1.982306
v 3.345922 0.540000 1.989134
v 3.345922 0.620000 1.989134
v 3.366668 0.540000 2.000224
v 3.366668 0.620000 2.000224
v 3.384853 0.540000 2.015147
v 3.384853 0.620000 2.015147
v 3.399776 0.540000 2.033331
v 3.399776 0.620000 2.033331
v 3.410866 0.540000 2.054078
v 3.410866 0.620000 2.054078
v 3.417694 0.540000 2.076589
v 3.417694 0.620000 2.076589
v 3.420000 0.540000 2.100000
v 3.420000 0.620000 2.100000
v 3.417694 0.540000 2.123411
v 3.417694 0.620000 2.123411
v 3.410866 0.540000 2.145922
v 3.410866 0.620000 2.145922
v 3.399776 0.540000 2.166668
v 3.399776 0.620000 2.166668
v 3.384853 0.540000 2.184853
v 3.384853 0.620000 2.184853
v 3.366668 0.540000 2.199776
v 3.366668 0.620000 2.199776
v 3.345922 0.540000 2.210865
v 3.345922 0.620000 2.210865
v 3.323411 0.540000 2.217694
v 3.323411 0.620000 2.217694
v 3.300000 0.540000 2.220000
v 3.300000 0.620000 2.220000
v 3.276589 0.540000 2.217694
v 3.276589 0.620000 2.217694
v 3.254078 0.540000 2.210865
v 3.254078 0.620000 2.210865
v 3.233331 0.540000 2.199776
v 3.233331 0.620000 2.199776
v 3.215147 0.540000 2.184853
v 3.215147 0.620000 2.184853
v 3.200224 0.540000 2.166668
v 3.200224 0.620000 2.166668
v 3.189134 0.540000 2.145922
v 3.189134 0.620000 2.145922
v 3.182306 0.540000 2.123411
v 3.182306 0.620000 2.123411
v 3.180000 0.540000 2.100000
v 3.180000 0.620000 2.100000
v 3.182306 0.540000 2.076589
v 3.182306 0.620000 2.076589
v 3.189134 0.540000 2.054078
v 3.189134 0.620000 2.054078
v 3.200224 0.540000 2.033331
v 3.200224 0.620000 2.033331
v 3.215147 0.540000 2.015147
v 3.215147 0.620000 2.015147
v 3.233331 0.540000 2.000224
v 3.233331 0.620000 2.000224
v 3.254078 0.540000 1.989134
v 3.254078 0.620000 1.989134
v 3.276589 0.540000 1.982306
v 3.276589 0.620000 1.982306
vn 0.0980 -0.0000 -0.9952
vn 0.2903 -0.0000 -0.9569
vn 0.4714 -0.0000 -0.8819
vn 0.6344 -0.0000 -0.7730
vn 0.7730 -0.0000 -0.6344
vn 0.8819 -0.0000 -0.4714
vn 0.9569 -0.0000 -0.2903
vn 0.9952 -0.0000 -0.0980
vn 0.9952 -0.0000 0.0980
vn 0.9569 -0.0000 0.2903
vn 0.8819 -0.0000 0.4714
vn 0.7730 -0.0000 0.6344
vn 0.6344 -0.0000 0.7730
vn 0.4714 -0.0000 0.8819
vn 0.2903 -0.0000 0.9569
vn 0.0980 -0.0000 0.9952
vn -0.0980 -0.0000 0.9952
vn -0.2903 -0.0000 0.9569
vn -0.4714 -0.0000 0.8819
vn -0.6344 -0.0000 0.7730
vn -0.7730 -0.0000 0.6344
vn -0.8819 -0.0000 0.4714
vn -0.9569 -0.0000 0.2903
vn -0.9952 -0.0000 0.0980
vn -0.9952 -0.0000 -0.0980
vn -0.9569 -0.0000 -0.2903
vn -0.8819 -0.0000 -0.4714
vn -0.7730 -0.0000 -0.6344
vn -0.6344 -0.0000 -0.7730
vn -0.4714 -0.0000 -0.8819
vn -0.0000 1.0000 -0.0000
vn -0.2903 -0.0000 -0.9569
vn -0.0980 -0.0000 -0.9952
vn -0.0000 -1.0000 -0.0000
vt 1.000000 0.500000
vt 1.000000 1.000000
vt 0.968750 1.000000
vt 0.968750 0.500000
vt 0.937500 1.000000
vt 0.937500 0.500000
vt 0.906250 1.000000
vt 0.906250 0.500000
vt 0.875000 1.000000
vt 0.875000 0.500000
vt 0.843750 1.000000
vt 0.843750 0.500000
vt 0.812500 1.000000
vt 0.812500 0.500000
vt 0.781250 1.000000
vt 0.781250 0.500000
vt 0.750000 1.000000
vt 0.750000 0.500000
vt 0.718750 1.000000
vt 0.718750 0.500000
vt 0.687500 1.000000
vt 0.687500 0.500000
vt 0.656250 1.000000
vt 0.656250 0.500000
vt 0.625000 1.000000
vt 0.625000 0.500000
vt 0.593750 1.000000
vt 0.593750 0.500000
vt 0.562500 1.000000
vt 0.562500 0.500000
vt 0.531250 1.000000
vt 0.531250 0.500000
vt 0.500000 1.000000
vt 0.500000 0.500000
vt 0.468750 1.000000
vt 0.468750 0.500000
vt 0.437500 1.000000
vt 0.437500 0.500000
vt 0.406250 1.000000
vt 0.406250 0.500000
vt 0.375000 1.000000
vt 0.375000 0.500000
vt 0.343750 1.000000
vt 0.343750 0.500000
vt 0.312500 1.000000
vt 0.312500 0.500000
vt 0.281250 1.000000
vt 0.281250 0.500000
vt 0.250000 1.000000
vt 0.250000 0.500000
vt 0.218750 1.000000
vt 0.218750 0.500000
vt 0.187500 1.000000
vt 0.187500 0.500000
vt 0.156250 1.000000
vt 0.156250 0.500000
vt 0.125000 1.000000
vt 0.125000 0.500000
vt 0.093750 1.000000
vt 0.093750 0.500000
vt 0.062500 1.000000
vt 0.062500 0.500000
vt 0.296822 0.485388
vt 0.250000 0.490000
vt 0.203178 0.485388
vt 0.158156 0.471731
vt 0.116663 0.449553
vt 0.080294 0.419706
vt 0.050447 0.383337
vt 0.028269 0.341844
vt 0.014612 0.296822
vt 0.010000 0.250000
vt 0.014612 0.203178
vt 0.028269 0.158156
vt 0.050447 0.116663
vt 0.080294 0.080294
vt 0.116663 0.050447
vt 0.158156 0.028269
vt 0.203178 0.014612
vt 0.250000 0.010000
vt 0.296822 0.014612
vt 0.341844 0.028269
vt 0.383337 0.050447
vt 0.419706 0.080294
vt 0.449553 0.116663
vt 0.471731 0.158156
vt 0.485388 0.203178
vt 0.490000 0.250000
vt 0.485388 0.296822
vt 0.471731 0.341844
vt 0.449553 0.383337
vt 0.419706 0.419706
vt 0.383337 0.449553
vt 0.341844 0.471731
vt 0.031250 1.000000
vt 0.031250 0.500000
vt 0.000000 1.000000
vt 0.000000 0.500000
vt 0.750000 0.490000
vt 0.796822 0.485388
vt 0.841844 0.471731
vt 0.883337 0.449553
vt 0.919706 0.419706
vt 0.949553 0.383337
vt 0.971731 0.341844
vt 0.985388 0.296822
vt 0.990000 0.250000
vt 0.985388 0.203178
vt 0.971731 0.158156
vt 0.949553 0.116663
vt 0.919706 0.080294
vt 0.883337 0.050447
vt 0.841844 0.028269
vt 0.796822 0.014612
vt 0.750000 0.010000
vt 0.703178 0.014612
vt 0.658156 0.028269
vt 0.616663 0.050447
vt 0.580294 0.080294
vt 0.550447 0.116663
vt 0.528269 0.158156
vt 0.514612 0.203178
vt 0.510000 0.250000
vt 0.514612 0.296822
vt 0.528269 0.341844
vt 0.550447 0.383337
vt 0.580294 0.419706
vt 0.616663 0.449553
vt 0.658156 0.471731
vt 0.703178 0.485388
s 0
usemtl Table_4_Call_Light_mat
f 1700/2168/495 1701/2169/495 1703/2170/495 1702/2171/495
f 1702/2171/496 1703/2170/496 1705/2172/496 1704/2173/496
f 1704/2173/497 1705/2172/497 1707/2174/497 1706/2175/497
f 1706/2175/498 1707/2174/498 1709/2176/498 1708/2177/498
f 1708/2177/499 1709/2176/499 1711/2178/499 1710/2179/499
f 1710/2179/500 1711/2178/500 1713/2180/500 1712/2181/500
f 1712/2181/501 1713/2180/501 1715/2182/501 1714/2183/501
f 1714/2183/502 1715/2182/502 1717/2184/502 1716/2185/502
f 1716/2185/503 1717/2184/503 1719/2186/503 1718/2187/503
f 1718/2187/504 1719/2186/504 1721/2188/504 1720/2189/504
f 1720/2189/505 1721/2188/505 1723/2190/505 1722/2191/505
f 1722/2191/506 1723/2190/506 1725/2192/506 1724/2193/506
f 1724/2193/507 1725/2192/507 1727/2194/507 1726/2195/507
f 1726/2195/508 1727/2194/508 1729/2196/508 1728/2197/508
f 1728/2197/509 1729/2196/509 1731/2198/509 1730/2199/509
f 1730/2199/510 1731/2198/510 1733/2200/510 1732/2201/510
f 1732/2201/511 1733/2200/511 1735/2202/511 1734/2203/511
f 1734/2203/512 1735/2202/512 1737/2204/512 1736/2205/512
f 1736/2205/513 1737/2204/513 1739/2206/513 1738/2207/513
f 1738/2207/514 1739/2206/514 1741/2208/514 1740/2209/514
f 1740/2209/515 1741/2208/515 1743/2210/515 1742/2211/515
f 1742/2211/516 1743/2210/516 1745/2212/516 1744/2213/516
f 1744/2213/517 1745/2212/517 1747/2214/517 1746/2215/517
f 1746/2215/518 1747/2214/518 1749/2216/518 1748/2217/518
f 1748/2217/519 1749/2216/519 1751/2218/519 1750/2219/519
f 1750/2219/520 1751/2218/520 1753/2220/520 1752/2221/520
f 1752/2221/521 1753/2220/521 1755/2222/521 1754/2223/521
f 1754/2223/522 1755/2222/522 1757/2224/522 1756/2225/522
f 1756/2225/523 1757/2224/523 1759/2226/523 1758/2227/523
f 1758/2227/524 1759/2226/524 1761/2228/524 1760/2229/524
f 1703/2230/525 1701/2231/525 1763/2232/525 1761/2233/525 1759/2234/525 1757/2235/525 1755/2236/525 1753/2237/525 1751/2238/525 1749/2239/525 1747/2240/525 1745/2241/525 1743/2242/525 1741/2243/525 1739/2244/525 1737/2245/525 1735/2246/525 1733/2247/525 1731/2248/525 1729/2249/525 1727/2250/525 1725/2251/525 1723/2252/525 1721/2253/525 1719/2254/525 1717/2255/525 1715/2256/525 1713/2257/525 1711/2258/525 1709/2259/525 1707/2260/525 1705/2261/525
f 1760/2229/526 1761/2228/526 1763/2262/526 1762/2263/526
f 1762/2263/527 1763/2262/527 1701/2264/527 1700/2265/527
f 1700/2266/528 1702/2267/528 1704/2268/528 1706/2269/528 1708/2270/528 1710/2271/528 1712/2272/528 1714/2273/528 1716/2274/528 1718/2275/528 1720/2276/528 1722/2277/528 1724/2278/528 1726/2279/528 1728/2280/528 1730/2281/528 1732/2282/528 1734/2283/528 1736/2284/528 1738/2285/528 1740/2286/528 1742/2287/528 1744/2288/528 1746/2289/528 1748/2290/528 1750/2291/528 1752/2292/528 1754/2293/528 1756/2294/528 1758/2295/528 1760/2296/528 1762/2297/528
o Table_4_Label
v 3.174000 0.813480 2.100000
v 3.185760 0.813480 2.100000
v 3.282360 0.695320 2.100000
v 3.282360 0.682720 2.100000
v 3.201440 0.682720 2.100000
v 3.201440 0.620000 2.100000
v 3.174000 0.620000 2.100000
v 3.174000 0.682720 2.100000
v 3.153560 0.682720 2.100000
v 3.153560 0.707360 2.100000
v 3.174000 0.707360 2.100000
v 3.202000 0.761680 2.100000
v 3.201440 0.761680 2.100000
v 3.201440 0.707360 2.100000
v 3.245680 0.707360 2.100000
v 3.290200 0.810960 2.100000
v 3.449800 0.810960 2.100000
v 3.449800 0.786320 2.100000
v 3.383720 0.786320 2.100000
v 3.383720 0.620000 2.100000
v 3.356280 0.620000 2.100000
v 3.356280 0.786320 2.100000
v 3.290200 0.786320 2.100000
vn -0.0000 -0.0000 1.0000
vt 0.142857 0.000000
vt 0.214286 0.000000
vt 1.000000 0.000000
vt 0.285714 0.000000
vt 0.928571 0.000000
vt 0.785714 0.000000
vt 0.571429 0.000000
vt 0.642857 0.000000
vt 0.714286 0.000000
vt 0.500000 0.000000
vt 0.071429 0.000000
vt 0.857143 0.000000
vt 0.000000 0.000000
vt 0.357143 0.000000
vt 0.428571 0.000000
s 0
usemtl Table_4_Label_mat
f 1766/2298/529 1778/2300/529 1767/2299/529
f 1778/2300/529 1768/2301/529 1767/2299/529
f 1768/2301/529 1778/2300/529 1777/2302/529
f 1766/2298/529 1775/2303/529 1778/2300/529
f 1772/2304/529 1774/2306/529 1773/2305/529
f 1772/2304/529 1771/2307/529 1774/2306/529
f 1765/2308/529 1764/2310/529 1776/2309/529
f 1768/2301/529 1770/2312/529 1769/2311/529
f 1770/2312/529 1768/2301/529 1771/2307/529
f 1777/2302/529 1771/2307/529 1768/2301/529
f 1771/2307/529 1777/2302/529 1774/2306/529
f 1774/2306/529 1777/2302/529 1776/2309/529
f 1776/2309/529 1775/2303/529 1765/2308/529
f 1766/2298/529 1765/2308/529 1775/2303/529
f 1776/2309/529 1764/2310/529 1774/2306/529
f 1780/2298/529 1782/2312/529 1781/2301/529
f 1786/2300/529 1785/2309/529 1779/2310/529
f 1782/2312/529 1784/2306/529 1783/2304/529
f 1784/2306/529 1782/2312/529 1785/2309/529
f 1780/2298/529 1785/2309/529 1782/2312/529
f 1785/2309/529 1780/2298/529 1779/2310/529
o Table_5
v 0.675000 0.390000 -0.175000
v 0.675000 0.510000 -0.175000
v 0.675000 0.390000 -1.225000
v 0.675000 0.510000 -1.225000
v 1.725000 0.390000 -0.175000
v 1.725000 0.510000 -0.175000
v 1.725000 0.390000 -1.225000
v 1.725000 0.510000 -1.225000
vn -1.0000 -0.0000 -0.0000
vn -0.0000 -0.0000 -1.0000
vn 1.0000 -0.0000 -0.0000
vn -0.0000 -0.0000 1.0000
vn -0.0000 -1.0000 -0.0000
vn -0.0000 1.0000 -0.0000
vt 0.375000 0.000000
vt 0.625000 0.000000
vt 0.625000 0.250000
vt 0.375000 0.250000
vt 0.625000 0.500000
vt 0.375000 0.500000
vt 0.625000 0.750000
vt 0.375000 0.750000
vt 0.625000 1.000000
vt 0.375000 1.000000
vt 0.125000 0.500000
vt 0.125000 0.750000
vt 0.875000 0.500000
vt 0.875000 0.750000
s 0
usemtl Table_5_mat
f 1787/2313/530 1788/2314/530 1790/2315/530 1789/2316/530
f 1789/2316/531 1790/2315/531 1794/2317/531 1793/2318/531
f 1793/2318/532 1794/2317/532 1792/2319/532 1791/2320/532
f 1791/2320/533 1792/2319/533 1788/2321/533 1787/2322/533
f 1789/2323/534 1793/2318/534 1791/2320/534 1787/2324/534
f 1794/2317/535 1790/2325/535 1788/2326/535 1792/2319/535
o Table_5_Leg
v 1.200000 0.000000 -0.780000
v 1.200000 0.440000 -0.780000
v 1.215607 0.000000 -0.778463
v 1.215607 0.440000 -0.778463
v 1.230615 0.000000 -0.773910
v 1.230615 0.440000 -0.773910
v 1.244446 0.000000 -0.766518
v 1.244446 0.440000 -0.766518
v 1.256569 0.000000 -0.756569
v 1.256569 0.440000 -0.756569
v 1.266518 0.000000 -0.744446
v 1.266518 0.440000 -0.744446
v 1.273910 0.000000 -0.730615
v 1.273910 0.440000 -0.730615
v 1.278463 0.000000 -0.715607
v 1.278463 0.440000 -0.715607
v 1.280000 0.000000 -0.700000
v 1.280000 0.440000 -0.700000
v 1.278463 0.000000 -0.684393
v 1.278463 0.440000 -0.684393
v 1.273910 0.000000 -0.669385
v 1.273910 0.440000 -0.669385
v 1.266518 0.000000 -0.655554
v 1.266518 0.440000 -0.655554
v 1.256569 0.000000 -0.643431
v 1.256569 0.440000 -0.643431
v 1.244446 0.000000 -0.633482
v 1.244446 0.440000 -0.633482
v 1.230615 0.000000 -0.626090
v 1.230615 0.440000 -0.626090
v 1.215607 0.000000 -0.621537
v 1.215607 0.440000 -0.621537
v 1.200000 0.000000 -0.620000
v 1.200000 0.440000 -0.620000
v 1.184393 0.000000 -0.621537
v 1.184393 0.440000 -0.621537
v 1.169385 0.000000 -0.626090
v 1.169385 0.440000 -0.626090
v 1.155554 0.000000 -0.633482
v 1.155554 0.440000 -0.633482
v 1.143432 0.000000 -0.643431
v 1.143432 0.440000 -0.643431
v 1.133482 0.000000 -0.655554
v 1.133482 0.440000 -0.655554
v 1.126090 0.000000 -0.669385
v 1.126090 0.440000 -0.669385
v 1.121537 0.000000 -0.684393
v 1.121537 0.440000 -0.684393
v 1.120000 0.000000 -0.700000
v 1.120000 0.440000 -0.700000
v 1.121537 0.000000 -0.715607
v 1.121537 0.440000 -0.715607
v 1.126090 0.000000 -0.730615
v 1.126090 0.440000 -0.730615
v 1.133482 0.000000 -0.744446
v 1.133482 0.440000 -0.744446
v 1.143432 0.000000 -0.756569
v 1.143432 0.440000 -0.756569
v 1.155554 0.000000 -0.766518
v 1.155554 0.440000 -0.766518
v 1.169385 0.000000 -0.773910
v 1.169385 0.440000 -0.773910
v 1.184393 0.000000 -0.778463
v 1.184393 0.440000 -0.778463
vn 0.0980 -0.0000 -0.9952
vn 0.2903 -0.0000 -0.9569
vn 0.4714 -0.0000 -0.8819
vn 0.6344 -0.0000 -0.7730
vn 0.7730 -0.0000 -0.6344
vn 0.8819 -0.0000 -0.4714
vn 0.9569 -0.0000 -0.2903
vn 0.9952 -0.0000 -0.0980
vn 0.9952 -0.0000 0.0980
vn 0.9569 -0.0000 0.2903
vn 0.8819 -0.0000 0.4714
vn 0.7730 -0.0000 0.6344
vn 0.6344 -0.0000 0.7730
vn 0.4714 -0.0000 0.8819
vn 0.2903 -0.0000 0.9569
vn 0.0980 -0.0000 0.9952
vn -0.0980 -0.0000 0.9952
vn -0.2903 -0.0000 0.9569
vn -0.4714 -0.0000 0.8819
vn -0.6344 -0.0000 0.7730
vn -0.7730 -0.0000 0.6344
vn -0.8819 -0.0000 0.4714
vn -0.9569 -0.0000 0.2903
vn -0.9952 -0.0000 0.0980
vn -0.9952 -0.0000 -0.0980
vn -0.9569 -0.0000 -0.2903
vn -0.8819 -0.0000 -0.4714
vn -0.7730 -0.0000 -0.6344
vn -0.6344 -0.0000 -0.7730
vn -0.4714 -0.0000 -0.8819
vn -0.0000 1.0000 -0.0000
vn -0.2903 -0.0000 -0.9569
vn -0.0980 -0.0000 -0.9952
vn -0.0000 -1.0000 -0.0000
vt 1.000000 0.500000
vt 1.000000 1.000000
vt 0.968750 1.000000
vt 0.968750 0.500000
vt 0.937500 1.000000
vt 0.937500 0.500000
vt 0.906250 1.000000
vt 0.906250 0.500000
vt 0.875000 1.000000
vt 0.875000 0.500000
vt 0.843750 1.000000
vt 0.843750 0.500000
vt 0.812500 1.000000
vt 0.812500 0.500000
vt 0.781250 1.000000
vt 0.781250 0.500000
vt 0.750000 1.000000
vt 0.750000 0.500000
vt 0.718750 1.000000
vt 0.718750 0.500000
vt 0.687500 1.000000
vt 0.687500 0.500000
vt 0.656250 1.000000
vt 0.656250 0.500000
vt 0.625000 1.000000
vt 0.625000 0.500000
vt 0.593750 1.000000
vt 0.593750 0.500000
vt 0.562500 1.000000
vt 0.562500 0.500000
vt 0.531250 1.000000
vt 0.531250 0.500000
vt 0.500000 1.000000
vt 0.500000 0.500000
vt 0.468750 1.000000
vt 0.468750 0.500000
vt 0.437500 1.000000
vt 0.437500 0.500000
vt 0.406250 1.000000
vt 0.406250 0.500000
vt 0.375000 1.000000
vt 0.375000 0.500000
vt 0.343750 1.000000
vt 0.343750 0.500000
vt 0.312500 1.000000
vt 0.312500 0.500000
vt 0.281250 1.000000
vt 0.281250 0.500000
vt 0.250000 1.000000
vt 0.250000 0.500000
vt 0.218750 1.000000
vt 0.218750 0.500000
vt 0.187500 1.000000
vt 0.187500 0.500000
vt 0.156250 1.000000
vt 0.156250 0.500000
vt 0.125000 1.000000
vt 0.125000 0.500000
vt 0.093750 1.000000
vt 0.093750 0.500000
vt 0.062500 1.000000
vt 0.062500 0.500000
vt 0.296822 0.485388
vt 0.250000 0.490000
vt 0.203178 0.485388
vt 0.158156 0.471731
vt 0.116663 0.449553
vt 0.080294 0.419706
vt 0.050447 0.383337
vt 0.028269 0.341844
vt 0.014612 0.296822
vt 0.010000 0.250000
vt 0.014612 0.203178
vt 0.028269 0.158156
vt 0.050447 0.116663
vt 0.080294 0.080294
vt 0.116663 0.050447
vt 0.158156 0.028269
vt 0.203178 0.014612
vt 0.250000 0.010000
vt 0.296822 0.014612
vt 0.341844 0.028269
vt 0.383337 0.050447
vt 0.419706 0.080294
vt 0.449553 0.116663
vt 0.471731 0.158156
vt 0.485388 0.203178
vt 0.490000 0.250000
vt 0.485388 0.296822
vt 0.471731 0.341844
vt 0.449553 0.383337
vt 0.419706 0.419706
vt 0.383337 0.449553
vt 0.341844 0.471731
vt 0.031250 1.000000
vt 0.031250 0.500000
vt 0.000000 1.000000
vt 0.000000 0.500000
vt 0.750000 0.490000
vt 0.796822 0.485388
vt 0.841844 0.471731
vt 0.883337 0.449553
vt 0.919706 0.419706
vt 0.949553 0.383337
vt 0.971731 0.341844
vt 0.985388 0.296822
vt 0.990000 0.250000
vt 0.985388 0.203178
vt 0.971731 0.158156
vt 0.949553 0.116663
vt 0.919706 0.080294
vt 0.883337 0.050447
vt 0.841844 0.028269
vt 0.796822 0.014612
vt 0.750000 0.010000
vt 0.703178 0.014612
vt 0.658156 0.028269
vt 0.616663 0.050447
vt 0.580294 0.080294
vt 0.550447 0.116663
vt 0.528269 0.158156
vt 0.514612 0.203178
vt 0.510000 0.250000
vt 0.514612 0.296822
vt 0.528269 0.341844
vt 0.550447 0.383337
vt 0.580294 0.419706
vt 0.616663 0.449553
vt 0.658156 0.471731
vt 0.703178 0.485388
s 0
usemtl Table_5_Leg_mat
f 1795/2327/536 1796/2328/536 1798/2329/536 1797/2330/536
f 1797/2330/537 1798/2329/537 1800/2331/537 1799/2332/537
f 1799/2332/538 1800/2331/538 1802/2333/538 1801/2334/538
f 1801/2334/539 1802/2333/539 1804/2335/539 1803/2336/539
f 1803/2336/540 1804/2335/540 1806/2337/540 1805/2338/540
f 1805/2338/541 1806/2337/541 1808/2339/541 1807/2340/541
f 1807/2340/542 1808/2339/542 1810/2341/542 1809/2342/542
f 1809/2342/543 1810/2341/543 1812/2343/543 1811/2344/543
f 1811/2344/544 1812/2343/544 1814/2345/544 1813/2346/544
f 1813/2346/545 1814/2345/545 1816/2347/545 1815/2348/545
f 1815/2348/546 1816/2347/546 1818/2349/546 1817/2350/546
f 1817/2350/547 1818/2349/547 1820/2351/547 1819/2352/547
f 1819/2352/548 1820/2351/548 1822/2353/548 1821/2354/548
f 1821/2354/549 1822/2353/549 1824/2355/549 1823/2356/549
f 1823/2356/550 1824/2355/550 1826/2357/550 1825/2358/550
f 1825/2358/551 1826/2357/551 1828/2359/551 1827/2360/551
f 1827/2360/552 1828/2359/552 1830/2361/552 1829/2362/552
f 1829/2362/553 1830/2361/553 1832/2363/553 1831/2364/553
f 1831/2364/554 1832/2363/554 1834/2365/554 1833/2366/554
f 1833/2366/555 1834/2365/555 1836/2367/555 1835/2368/555
f 1835/2368/556 1836/2367/556 1838/2369/556 1837/2370/556
f 1837/2370/557 1838/2369/557 1840/2371/557 1839/2372/557
f 1839/2372/558 1840/2371/558 1842/2373/558 1841/2374/558
f 1841/2374/559 1842/2373/559 1844/2375/559 1843/2376/559
f 1843/2376/560 1844/2375/560 1846/2377/560 1845/2378/560
f 1845/2378/561 1846/2377/561 1848/2379/561 1847/2380/561
f 1847/2380/562 1848/2379/562 1850/2381/562 1849/2382/562
f 1849/2382/563 1850/2381/563 1852/2383/563 1851/2384/563
f 1851/2384/564 1852/2383/564 1854/2385/564 1853/2386/564
f 1853/2386/565 1854/2385/565 1856/2387/565 1855/2388/565
f 1798/2389/566 1796/2390/566 1858/2391/566 1856/2392/566 1854/2393/566 1852/2394/566 1850/2395/566 1848/2396/566 1846/2397/566 1844/2398/566 1842/2399/566 1840/2400/566 1838/2401/566 1836/2402/566 1834/2403/566 1832/2404/566 1830/2405/566 1828/2406/566 1826/2407/566 1824/2408/566 1822/2409/566 1820/2410/566 1818/2411/566 1816/2412/566 1814/2413/566 1812/2414/566 1810/2415/566 1808/2416/566 1806/2417/566 1804/2418/566 1802/2419/566 1800/2420/566
f 1855/2388/567 1856/2387/567 1858/2421/567 1857/2422/567
f 1857/2422/568 1858/2421/568 1796/2423/568 1795/2424/568
f 1795/2425/569 1797/2426/569 1799/2427/569 1801/2428/569 1803/2429/569 1805/2430/569 1807/2431/569 1809/2432/569 1811/2433/569 1813/2434/569 1815/2435/569 1817/2436/569 1819/2437/569 1821/2438/569 1823/2439/569 1825/2440/569 1827/2441/569 1829/2442/569 1831/2443/569 1833/2444/569 1835/2445/569 1837/2446/569 1839/2447/569 1841/2448/569 1843/2449/569 1845/2450/569 1847/2451/569 1849/2452/569 1851/2453/569 1853/2454/569 1855/2455/569 1857/2456/569
o Table_5_Chair_1_Seat
v 0.990000 0.160000 -1.310000
v 0.990000 0.340000 -1.310000
v 0.990000 0.160000 -1.730000
v 0.990000 0.340000 -1.730000
v 1.410000 0.160000 -1.310000
v 1.410000 0.340000 -1.310000
v 1.410000 0.160000 -1.730000
v 1.410000 0.340000 -1.730000
vn -1.0000 -0.0000 -0.0000
vn -0.0000 -0.0000 -1.0000
vn 1.0000 -0.0000 -0.0000
vn -0.0000 -0.0000 1.0000
vn -0.0000 -1.0000 -0.0000
vn -0.0000 1.0000 -0.0000
vt 0.375000 0.000000
vt 0.625000 0.000000
vt 0.625000 0.250000
vt 0.375000 0.250000
vt 0.625000 0.500000
vt 0.375000 0.500000
vt 0.625000 0.750000
vt 0.375000 0.750000
vt 0.625000 1.000000
vt 0.375000 1.000000
vt 0.125000 0.500000
vt 0.125000 0.750000
vt 0.875000 0.500000
vt 0.875000 0.750000
s 0
usemtl Table_5_Chair_1_Seat_mat
f 1859/2457/570 1860/2458/570 1862/2459/570 1861/2460/570
f 1861/2460/571 1862/2459/571 1866/2461/571 1865/2462/571
f 1865/2462/572 1866/2461/572 1864/2463/572 1863/2464/572
f 1863/2464/573 1864/2463/573 1860/2465/573 1859/2466/573
f 1861/2467/574 1865/2462/574 1863/2464/574 1859/2468/574
f 1866/2461/575 1862/2469/575 1860/2470/575 1864/2463/575
o Table_5_Chair_1_Back
v 0.990000 0.250000 -1.710000
v 0.990000 0.850000 -1.710000
v 0.990000 0.250000 -1.790000
v 0.990000 0.850000 -1.790000
v 1.410000 0.250000 -1.710000
v 1.410000 0.850000 -1.710000
v 1.410000 0.250000 -1.790000
v 1.410000 0.850000 -1.790000
vn -1.0000 -0.0000 -0.0000
vn -0.0000 -0.0000 -1.0000
vn 1.0000 -0.0000 -0.0000
vn -0.0000 -0.0000 1.0000
vn -0.0000 -1.0000 -0.0000
vn -0.0000 1.0000 -0.0000
vt 0.375000 0.000000
vt 0.625000 0.000000
vt 0.625000 0.250000
vt 0.375000 0.250000
vt 0.625000 0.500000
vt 0.375000 0.500000
vt 0.625000 0.750000
vt 0.375000 0.750000
vt 0.625000 1.000000
vt 0.375000 1.000000
vt 0.125000 0.500000
vt 0.125000 0.750000
vt 0.875000 0.500000
vt 0.875000 0.750000
s 0
usemtl Table_5_Chair_1_Back_mat
f 1867/2471/576 1868/2472/576 1870/2473/576 1869/2474/576
f 1869/2474/577 1870/2473/577 1874/2475/577 1873/2476/577
f 1873/2476/578 1874/2475/578 1872/2477/578 1871/2478/578
f 1871/2478/579 1872/2477/579 1868/2479/579 1867/2480/579
f 1869/2481/580 1873/2476/580 1871/2478/580 1867/2482/580
f 1874/2475/581 1870/2483/581 1868/2484/581 1872/2477/581
o Table_5_Chair_2_Seat
v 0.990000 0.160000 0.330000
v 0.990000 0.340000 0.330000
v 0.990000 0.160000 -0.090000
v 0.990000 0.340000 -0.090000
v 1.410000 0.160000 0.330000
v 1.410000 0.340000 0.330000
v 1.410000 0.160000 -0.090000
v 1.410000 0.340000 -0.090000
vn -1.0000 -0.0000 -0.0000
vn -0.0000 -0.0000 -1.0000
vn 1.0000 -0.0000 -0.0000
vn -0.0000 -0.0000 1.0000
vn -0.0000 -1.0000 -0.0000
vn -0.0000 1.0000 -0.0000
vt 0.375000 0.000000
vt 0.625000 0.000000
vt 0.625000 0.250000
vt 0.375000 0.250000
vt 0.625000 0.500000
vt 0.375000 0.500000
vt 0.625000 0.750000
vt 0.375000 0.750000
vt 0.625000 1.000000
vt 0.375000 1.000000
vt 0.125000 0.500000
vt 0.125000 0.750000
vt 0.875000 0.500000
vt 0.875000 0.750000
s 0
usemtl Table_5_Chair_2_Seat_mat
f 1875/2485/582 1876/2486/582 1878/2487/582 1877/2488/582
f 1877/2488/583 1878/2487/583 1882/2489/583 1881/2490/583
f 1881/2490/584 1882/2489/584 1880/2491/584 1879/2492/584
f 1879/2492/585 1880/2491/585 1876/2493/585 1875/2494/585
f 1877/2495/586 1881/2490/586 1879/2492/586 1875/2496/586
f 1882/2489/587 1878/2497/587 1876/2498/587 1880/2491/587
o Table_5_Chair_2_Back
v 0.990000 0.250000 0.390000
v 0.990000 0.850000 0.390000
v 0.990000 0.250000 0.310000
v 0.990000 0.850000 0.310000
v 1.410000 0.250000 0.390000
v 1.410000 0.850000 0.390000
v 1.410000 0.250000 0.310000
v 1.410000 0.850000 0.310000
vn -1.0000 -0.0000 -0.0000
vn -0.0000 -0.0000 -1.0000
vn 1.0000 -0.0000 -0.0000
vn -0.0000 -0.0000 1.0000
vn -0.0000 -1.0000 -0.0000
vn -0.0000 1.0000 -0.0000
vt 0.375000 0.000000
vt 0.625000 0.000000
vt 0.625000 0.250000
vt 0.375000 0.250000
vt 0.625000 0.500000
vt 0.375000 0.500000
vt 0.625000 0.750000
vt 0.375000 0.750000
vt 0.625000 1.000000
vt 0.375000 1.000000
vt 0.125000 0.500000
vt 0.125000 0.750000
vt 0.875000 0.500000
vt 0.875000 0.750000
s 0
usemtl Table_5_Chair_2_Back_mat
f 1883/2499/588 1884/2500/588 1886/2501/588 1885/2502/588
f 1885/2502/589 1886/2501/589 1890/2503/589 1889/2504/589
f 1889/2504/590 1890/2503/590 1888/2505/590 1887/2506/590
f 1887/2506/591 1888/2505/591 1884/2507/591 1883/2508/591
f 1885/2509/592 1889/2504/592 1887/2506/592 1883/2510/592
f 1890/2503/593 1886/2511/593 1884/2512/593 1888/2505/593
o Table_5_Chair_3_Seat
v 1.810000 0.160000 -0.490000
v 1.810000 0.340000 -0.490000
v 1.810000 0.160000 -0.910000
v 1.810000 0.340000 -0.910000
v 2.230000 0.160000 -0.490000
v 2.230000 0.340000 -0.490000
v 2.230000 0.160000 -0.910000
v 2.230000 0.340000 -0.910000
vn -1.0000 -0.0000 -0.0000
vn -0.0000 -0.0000 -1.0000
vn 1.0000 -0.0000 -0.0000
vn -0.0000 -0.0000 1.0000
vn -0.0000 -1.0000 -0.0000
vn -0.0000 1.0000 -0.0000
vt 0.375000 0.000000
vt 0.625000 0.000000
vt 0.625000 0.250000
vt 0.375000 0.250000
vt 0.625000 0.500000
vt 0.375000 0.500000
vt 0.625000 0.750000
vt 0.375000 0.750000
vt 0.625000 1.000000
vt 0.375000 1.000000
vt 0.125000 0.500000
vt 0.125000 0.750000
vt 0.875000 0.500000
vt 0.875000 0.750000
s 0
usemtl Table_5_Chair_3_Seat_mat
f 1891/2513/594 1892/2514/594 1894/2515/594 1893/2516/594
f 1893/2516/595 1894/2515/595 1898/2517/595 1897/2518/595
f 1897/2518/596 1898/2517/596 1896/2519/596 1895/2520/596
f 1895/2520/597 1896/2519/597 1892/2521/597 1891/2522/597
f 1893/2523/598 1897/2518/598 1895/2520/598 1891/2524/598
f 1898/2517/599 1894/2525/599 1892/2526/599 1896/2519/599
o Table_5_Chair_3_Back
v 2.210000 0.250000 -0.490000
v 2.210000 0.850000 -0.490000
v 2.210000 0.250000 -0.910000
v 2.210000 0.850000 -0.910000
v 2.290000 0.250000 -0.490000
v 2.290000 0.850000 -0.490000
v 2.290000 0.250000 -0.910000
v 2.290000 0.850000 -0.910000
vn -1.0000 -0.0000 -0.0000
vn -0.0000 -0.0000 -1.0000
vn 1.0000 -0.0000 -0.0000
vn -0.0000 -0.0000 1.0000
vn -0.0000 -1.0000 -0.0000
vn -0.0000 1.0000 -0.0000
vt 0.375000 0.000000
vt 0.625000 0.000000
vt 0.625000 0.250000
vt 0.375000 0.250000
vt 0.625000 0.500000
vt 0.375000 0.500000
vt 0.625000 0.750000
vt 0.375000 0.750000
vt 0.625000 1.000000
vt 0.375000 1.000000
vt 0.125000 0.500000
vt 0.125000 0.750000
vt 0.875000 0.500000
vt 0.875000 0.750000
s 0
usemtl Table_5_Chair_3_Back_mat
f 1899/2527/600 1900/2528/600 1902/2529/600 1901/2530/600
f 1901/2530/601 1902/2529/601 1906/2531/601 1905/2532/601
f 1905/2532/602 1906/2531/602 1904/2533/602 1903/2534/602
f 1903/2534/603 1904/2533/603 1900/2535/603 1899/2536/603
f 1901/2537/604 1905/2532/604 1903/2534/604 1899/2538/604
f 1906/2531/605 1902/2539/605 1900/2540/605 1904/2533/605
o Table_5_Chair_4_Seat
v 0.170000 0.160000 -0.490000
v 0.170000 0.340000 -0.490000
v 0.170000 0.160000 -0.910000
v 0.170000 0.340000 -0.910000
v 0.590000 0.160000 -0.490000
v 0.590000 0.340000 -0.490000
v 0.590000 0.160000 -0.910000
v 0.590000 0.340000 -0.910000
vn -1.0000 -0.0000 -0.0000
vn -0.0000 -0.0000 -1.0000
vn 1.0000 -0.0000 -0.0000
vn -0.0000 -0.0000 1.0000
vn -0.0000 -1.0000 -0.0000
vn -0.0000 1.0000 -0.0000
vt 0.375000 0.000000
vt 0.625000 0.000000
vt 0.625000 0.250000
vt 0.375000 0.250000
vt 0.625000 0.500000
vt 0.375000 0.500000
vt 0.625000 0.750000
vt 0.375000 0.750000
vt 0.625000 1.000000
vt 0.375000 1.000000
vt 0.125000 0.500000
vt 0.125000 0.750000
vt 0.875000 0.500000
vt 0.875000 0.750000
s 0
usemtl Table_5_Chair_4_Seat_mat
f 1907/2541/606 1908/2542/606 1910/2543/606 1909/2544/606
f 1909/2544/607 1910/2543/607 1914/2545/607 1913/2546/607
f 1913/2546/608 1914/2545/608 1912/2547/608 1911/2548/608
f 1911/2548/609 1912/2547/609 1908/2549/609 1907/2550/609
f 1909/2551/610 1913/2546/610 1911/2548/610 1907/2552/610
f 1914/2545/611 1910/2553/611 1908/2554/611 1912/2547/611
o Table_5_Chair_4_Back
v 0.110000 0.250000 -0.490000
v 0.110000 0.850000 -0.490000
v 0.110000 0.250000 -0.910000
v 0.110000 0.850000 -0.910000
v 0.190000 0.250000 -0.490000
v 0.190000 0.850000 -0.490000
v 0.190000 0.250000 -0.910000
v 0.190000 0.850000 -0.910000
vn -1.0000 -0.0000 -0.0000
vn -0.0000 -0.0000 -1.0000
vn 1.0000 -0.0000 -0.0000
vn -0.0000 -0.0000 1.0000
vn -0.0000 -1.0000 -0.0000
vn -0.0000 1.0000 -0.0000
vt 0.375000 0.000000
vt 0.625000 0.000000
vt 0.625000 0.250000
vt 0.375000 0.250000
vt 0.625000 0.500000
vt 0.375000 0.500000
vt 0.625000 0.750000
vt 0.375000 0.750000
vt 0.625000 1.000000
vt 0.375000 1.000000
vt 0.125000 0.500000
vt 0.125000 0.750000
vt 0.875000 0.500000
vt 0.875000 0.750000
s 0
usemtl Table_5_Chair_4_Back_mat
f 1915/2555/612 1916/2556/612 1918/2557/612 1917/2558/612
f 1917/2558/613 1918/2557/613 1922/2559/613 1921/2560/613
f 1921/2560/614 1922/2559/614 1920/2561/614 1919/2562/614
f 1919/2562/615 1920/2561/615 1916/2563/615 1915/2564/615
f 1917/2565/616 1921/2560/616 1919/2562/616 1915/2566/616
f 1922/2559/617 1918/2567/617 1916/2568/617 1920/2561/617
o Table_5_Call_Light
v 1.200000 0.540000 -0.820000
v 1.200000 0.620000 -0.820000
v 1.223411 0.540000 -0.817694
v 1.223411 0.620000 -0.817694
v 1.245922 0.540000 -0.810866
v 1.245922 0.620000 -0.810866
v 1.266668 0.540000 -0.799776
v 1.266668 0.620000 -0.799776
v 1.284853 0.540000 -0.784853
v 1.284853 0.620000 -0.784853
v 1.299776 0.540000 -0.766668
v 1.299776 0.620000 -0.766668
v 1.310866 0.540000 -0.745922
v 1.310866 0.620000 -0.745922
v 1.317694 0.540000 -0.723411
v 1.317694 0.620000 -0.723411
v 1.320000 0.540000 -0.700000
v 1.320000 0.620000 -0.700000
v 1.317694 0.540000 -0.676589
v 1.317694 0.620000 -0.676589
v 1.310866 0.540000 -0.654078
v 1.310866 0.620000 -0.654078
v 1.299776 0.540000 -0.633332
v 1.299776 0.620000 -0.633332
v 1.284853 0.540000 -0.615147
v 1.284853 0.620000 -0.615147
v 1.266668 0.540000 -0.600224
v 1.266668 0.620000 -0.600224
v 1.245922 0.540000 -0.589134
v 1.245922 0.620000 -0.589134
v 1.223411 0.540000 -0.582306
v 1.223411 0.620000 -0.582306
v 1.200000 0.540000 -0.580000
v 1.200000 0.620000 -0.580000
v 1.176589 0.540000 -0.582306
v 1.176589 0.620000 -0.582306
v 1.154078 0.540000 -0.589134
v 1.154078 0.620000 -0.589134
v 1.133332 0.540000 -0.600224
v 1.133332 0.620000 -0.600224
v 1.115147 0.540000 -0.615147
v 1.115147 0.620000 -0.615147
v 1.100224 0.540000 -0.633332
v 1.100224 0.620000 -0.633332
v 1.089134 0.540000 -0.654078
v 1.089134 0.620000 -0.654078
v 1.082306 0.540000 -0.676589
v 1.082306 0.620000 -0.676589
v 1.080000 0.540000 -0.700000
v 1.080000 0.620000 -0.700000
v 1.082306 0.540000 -0.723411
v 1.082306 0.620000 -0.723411
v 1.089134 0.540000 -0.745922
v 1.089134 0.620000 -0.745922
v 1.100224 0.540000 -0.766668
v 1.100224 0.620000 -0.766668
v 1.115147 0.540000 -0.784853
v 1.115147 0.620000 -0.784853
v 1.133332 0.540000 -0.799776
v 1.133332 0.620000 -0.799776
v 1.154078 0.540000 -0.810866
v 1.154078 0.620000 -0.810866
v 1.176589 0.540000 -0.817694
v 1.176589 0.620000 -0.817694
vn 0.0980 -0.0000 -0.9952
vn 0.2903 -0.0000 -0.9569
vn 0.4714 -0.0000 -0.8819
vn 0.6344 -0.0000 -0.7730
vn 0.7730 -0.0000 -0.6344
vn 0.8819 -0.0000 -0.4714
vn 0.9569 -0.0000 -0.2903
vn 0.9952 -0.0000 -0.0980
vn 0.9952 -0.0000 0.0980
vn 0.9569 -0.0000 0.2903
vn 0.8819 -0.0000 0.4714
vn 0.7730 -0.0000 0.6344
vn 0.6344 -0.0000 0.7730
vn 0.4714 -0.0000 0.8819
vn 0.2903 -0.0000 0.9569
vn 0.0980 -0.0000 0.9952
vn -0.0980 -0.0000 0.9952
vn -0.2903 -0.0000 0.9569
vn -0.4714 -0.0000 0.8819
vn -0.6344 -0.0000 0.7730
vn -0.7730 -0.0000 0.6344
vn -0.8819 -0.0000 0.4714
vn -0.9569 -0.0000 0.2903
vn -0.9952 -0.0000 0.0980
vn -0.9952 -0.0000 -0.0980
vn -0.9569 -0.0000 -0.2903
vn -0.8819 -0.0000 -0.4714
vn -0.7730 -0.0000 -0.6344
vn -0.6344 -0.0000 -0.7730
vn -0.4714 -0.0000 -0.8819
vn -0.0000 1.0000 -0.0000
vn -0.2903 -0.0000 -0.9569
vn -0.0980 -0.0000 -0.9952
vn -0.0000 -1.0000 -0.0000
vt 1.000000 0.500000
vt 1.000000 1.000000
vt 0.968750 1.000000
vt 0.968750 0.500000
vt 0.937500 1.000000
vt 0.937500 0.500000
vt 0.906250 1.000000
vt 0.906250 0.500000
vt 0.875000 1.000000
vt 0.875000 0.500000
vt 0.843750 1.000000
vt 0.843750 0.500000
vt 0.812500 1.000000
vt 0.812500 0.500000
vt 0.781250 1.000000
vt 0.781250 0.500000
vt 0.750000 1.000000
vt 0.750000 0.500000
vt 0.718750 1.000000
vt 0.718750 0.500000
vt 0.687500 1.000000
vt 0.687500 0.500000
vt 0.656250 1.000000
vt 0.656250 0.500000
vt 0.625000 1.000000
vt 0.625000 0.500000
vt 0.593750 1.000000
vt 0.593750 0.500000
vt 0.562500 1.000000
vt 0.562500 0.500000
vt 0.531250 1.000000
vt 0.531250 0.500000
vt 0.500000 1.000000
vt 0.500000 0.500000
vt 0.468750 1.000000
vt 0.468750 0.500000
vt 0.437500 1.000000
vt 0.437500 0.500000
vt 0.406250 1.000000
vt 0.406250 0.500000
vt 0.375000 1.000000
vt 0.375000 0.500000
vt 0.343750 1.000000
vt 0.343750 0.500000
vt 0.312500 1.000000
vt 0.312500 0.500000
vt 0.281250 1.000000
vt 0.281250 0.500000
vt 0.250000 1.000000
vt 0.250000 0.500000
vt 0.218750 1.000000
vt 0.218750 0.500000
vt 0.187500 1.000000
vt 0.187500 0.500000
vt 0.156250 1.000000
vt 0.156250 0.500000
vt 0.125000 1.000000
vt 0.125000 0.500000
vt 0.093750 1.000000
vt 0.093750 0.500000
vt 0.062500 1.000000
vt 0.062500 0.500000
vt 0.296822 0.485388
vt 0.250000 0.490000
vt 0.203178 0.485388
vt 0.158156 0.471731
vt 0.116663 0.449553
vt 0.080294 0.419706
vt 0.050447 0.383337
vt 0.028269 0.341844
vt 0.014612 0.296822
vt 0.010000 0.250000
vt 0.014612 0.203178
vt 0.028269 0.158156
vt 0.050447 0.116663
vt 0.080294 0.080294
vt 0.116663 0.050447
vt 0.158156 0.028269
vt 0.203178 0.014612
vt 0.250000 0.010000
vt 0.296822 0.014612
vt 0.341844 0.028269
vt 0.383337 0.050447
vt 0.419706 0.080294
vt 0.449553 0.116663
vt 0.471731 0.158156
vt 0.485388 0.203178
vt 0.490000 0.250000
vt 0.485388 0.296822
vt 0.471731 0.341844
vt 0.449553 0.383337
vt 0.419706 0.419706
vt 0.383337 0.449553
vt 0.341844 0.471731
vt 0.031250 1.000000
vt 0.031250 0.500000
vt 0.000000 1.000000
vt 0.000000 0.500000
vt 0.750000 0.490000
vt 0.796822 0.485388
vt 0.841844 0.471731
vt 0.883337 0.449553
vt 0.919706 0.419706
vt 0.949553 0.383337
vt 0.971731 0.341844
vt 0.985388 0.296822
vt 0.990000 0.250000
vt 0.985388 0.203178
vt 0.971731 0.158156
vt 0.949553 0.116663
vt 0.919706 0.080294
vt 0.883337 0.050447
vt 0.841844 0.028269
vt 0.796822 0.014612
vt 0.750000 0.010000
vt 0.703178 0.014612
vt 0.658156 0.028269
vt 0.616663 0.050447
vt 0.580294 0.080294
vt 0.550447 0.116663
vt 0.528269 0.158156
vt 0.514612 0.203178
vt 0.510000 0.250000
vt 0.514612 0.296822
vt 0.528269 0.341844
vt 0.550447 0.383337
vt 0.580294 0.419706
vt 0.616663 0.449553
vt 0.658156 0.471731
vt 0.703178 0.485388
s 0
usemtl Table_5_Call_Light_mat
f 1923/2569/618 1924/2570/618 1926/2571/618 1925/2572/618
f 1925/2572/619 1926/2571/619 1928/2573/619 1927/2574/619
f 1927/2574/620 1928/2573/620 1930/2575/620 1929/2576/620
f 1929/2576/621 1930/2575/621 1932/2577/621 1931/2578/621
f 1931/2578/622 1932/2577/622 1934/2579/622 1933/2580/622
f 1933/2580/623 1934/2579/623 1936/2581/623 1935/2582/623
f 1935/2582/624 1936/2581/624 1938/2583/624 1937/2584/624
f 1937/2584/625 1938/2583/625 1940/2585/625 1939/2586/625
f 1939/2586/626 1940/2585/626 1942/2587/626 1941/2588/626
f 1941/2588/627 1942/2587/627 1944/2589/627 1943/2590/627
f 1943/2590/628 1944/2589/628 1946/2591/628 1945/2592/628
f 1945/2592/629 1946/2591/629 1948/2593/629 1947/2594/629
f 1947/2594/630 1948/2593/630 1950/2595/630 1949/2596/630
f 1949/2596/631 1950/2595/631 1952/2597/631 1951/2598/631
f 1951/2598/632 1952/2597/632 1954/2599/632 1953/2600/632
f 1953/2600/633 1954/2599/633 1956/2601/633 1955/2602/633
f 1955/2602/634 1956/2601/634 1958/2603/634 1957/2604/634
f 1957/2604/635 1958/2603/635 1960/2605/635 1959/2606/635
f 1959/2606/636 1960/2605/636 1962/2607/636 1961/2608/636
f 1961/2608/637 1962/2607/637 1964/2609/637 1963/2610/637
f 1963/2610/638 1964/2609/638 1966/2611/638 1965/2612/638
f 1965/2612/639 1966/2611/639 1968/2613/639 1967/2614/639
f 1967/2614/640 1968/2613/640 1970/2615/640 1969/2616/640
f 1969/2616/641 1970/2615/641 1972/2617/641 1971/2618/641
f 1971/2618/642 1972/2617/642 1974/2619/642 1973/2620/642
f 1973/2620/643 1974/2619/643 1976/2621/643 1975/2622/643
f 1975/2622/644 1976/2621/644 1978/2623/644 1977/2624/644
f 1977/2624/645 1978/2623/645 1980/2625/645 1979/2626/645
f 1979/2626/646 1980/2625/646 1982/2627/646 1981/2628/646
f 1981/2628/647 1982/2627/647 1984/2629/647 1983/2630/647
f 1926/2631/648 1924/2632/648 1986/2633/648 1984/2634/648 1982/2635/648 1980/2636/648 1978/2637/648 1976/2638/648 1974/2639/648 1972/2640/648 1970/2641/648 1968/2642/648 1966/2643/648 1964/2644/648 1962/2645/648 1960/2646/648 1958/2647/648 1956/2648/648 1954/2649/648 1952/2650/648 1950/2651/648 1948/2652/648 1946/2653/648 1944/2654/648 1942/2655/648 1940/2656/648 1938/2657/648 1936/2658/648 1934/2659/648 1932/2660/648 1930/2661/648 1928/2662/648
f 1983/2630/649 1984/2629/649 1986/2663/649 1985/2664/649
f 1985/2664/650 1986/2663/650 1924/2665/650 1923/2666/650
f 1923/2667/651 1925/2668/651 1927/2669/651 1929/2670/651 1931/2671/651 1933/2672/651 1935/2673/651 1937/2674/651 1939/2675/651 1941/2676/651 1943/2677/651 1945/2678/651 1947/2679/651 1949/2680/651 1951/2681/651 1953/2682/651 1955/2683/651 1957/2684/651 1959/2685/651 1961/2686/651 1963/2687/651 1965/2688/651 1967/2689/651 1969/2690/651 1971/2691/651 1973/2692/651 1975/2693/651 1977/2694/651 1979/2695/651 1981/2696/651 1983/2697/651 1985/2698/651
o Table_5_Label
v 1.072320 0.810960 -0.700000
v 1.157160 0.810960 -0.700000
v 1.157160 0.711560 -0.700000
v 1.147020 0.713482 -0.700000
v 1.137620 0.714263 -0.700000
v 1.128985 0.713988 -0.700000
v 1.121144 0.712742 -0.700000
v 1.114123 0.710610 -0.700000
v 1.107950 0.707675 -0.700000
v 1.102652 0.704023 -0.700000
v 1.098256 0.699738 -0.700000
v 1.094790 0.694904 -0.700000
v 1.092280 0.689607 -0.700000
v 1.090755 0.683931 -0.700000
v 1.090240 0.677960 -0.700000
v 1.090605 0.673341 -0.700000
v 1.091667 0.668895 -0.700000
v 1.093377 0.664664 -0.700000
v 1.095685 0.660693 -0.700000
v 1.098540 0.657026 -0.700000
v 1.101895 0.653705 -0.700000
v 1.105699 0.650775 -0.700000
v 1.109902 0.648280 -0.700000
v 1.114456 0.646263 -0.700000
v 1.119310 0.644768 -0.700000
v 1.124414 0.643839 -0.700000
v 1.129720 0.643520 -0.700000
v 1.133220 0.643619 -0.700000
v 1.136719 0.643915 -0.700000
v 1.140216 0.644408 -0.700000
v 1.143710 0.645096 -0.700000
v 1.147200 0.645979 -0.700000
v 1.150685 0.647055 -0.700000
v 1.154164 0.648324 -0.700000
v 1.157637 0.649784 -0.700000
v 1.161102 0.651434 -0.700000
v 1.164558 0.653275 -0.700000
v 1.168004 0.655303 -0.700000
v 1.171440 0.657520 -0.700000
v 1.171440 0.629240 -0.700000
v 1.167376 0.627244 -0.700000
v 1.163429 0.625452 -0.700000
v 1.159575 0.623859 -0.700000
v 1.155791 0.622458 -0.700000
v 1.152054 0.621243 -0.700000
v 1.148340 0.620210 -0.700000
v 1.144626 0.619352 -0.700000
v 1.140889 0.618662 -0.700000
v 1.137105 0.618136 -0.700000
v 1.133251 0.617768 -0.700000
v 1.129304 0.617551 -0.700000
v 1.125240 0.617480 -0.700000
v 1.116424 0.618007 -0.700000
v 1.108073 0.619551 -0.700000
v 1.100246 0.622056 -0.700000
v 1.092999 0.625465 -0.700000
v 1.086389 0.629722 -0.700000
v 1.080475 0.634770 -0.700000
v 1.075313 0.640553 -0.700000
v 1.070961 0.647015 -0.700000
v 1.067477 0.654099 -0.700000
v 1.064917 0.661749 -0.700000
v 1.063339 0.669908 -0.700000
v 1.062800 0.678520 -0.700000
v 1.063343 0.687158 -0.700000
v 1.064949 0.695384 -0.700000
v 1.067586 0.703121 -0.700000
v 1.071221 0.710295 -0.700000
v 1.075820 0.716831 -0.700000
v 1.081350 0.722655 -0.700000
v 1.087779 0.727691 -0.700000
v 1.095073 0.731865 -0.700000
v 1.103199 0.735102 -0.700000
v 1.112124 0.737327 -0.700000
v 1.121816 0.738464 -0.700000
v 1.132240 0.738440 -0.700000
v 1.132240 0.786320 -0.700000
v 1.072320 0.786320 -0.700000
v 1.190200 0.810960 -0.700000
v 1.349800 0.810960 -0.700000
v 1.349800 0.786320 -0.700000
v 1.283720 0.786320 -0.700000
v 1.283720 0.620000 -0.700000
v 1.256280 0.620000 -0.700000
v 1.256280 0.786320 -0.700000
v 1.190200 0.786320 -0.700000
vn -0.0000 -0.0000 1.0000
vt 0.493506 0.000000
vt 0.506494 0.000000
vt 0.480519 0.000000
vt 0.519481 0.000000
vt 0.441558 0.000000
vt 0.454545 0.000000
vt 0.467532 0.000000
vt 0.558442 0.000000
vt 0.571429 0.000000
vt 0.402597 0.000000
vt 0.415584 0.000000
vt 0.545455 0.000000
vt 0.428571 0.000000
vt 0.532468 0.000000
vt 0.636364 0.000000
vt 0.350649 0.000000
vt 0.623377 0.000000
vt 0.363636 0.000000
vt 0.610390 0.000000
vt 0.376623 0.000000
vt 0.337662 0.000000
vt 0.649351 0.000000
vt 0.662338 0.000000
vt 0.324675 0.000000
vt 0.675325 0.000000
vt 0.311688 0.000000
vt 0.077922 0.000000
vt 0.961039 0.000000
vt 0.064935 0.000000
vt 0.974026 0.000000
vt 0.051948 0.000000
vt 0.597403 0.000000
vt 0.584416 0.000000
vt 0.389610 0.000000
vt 0.038961 0.000000
vt 0.025974 0.000000
vt 0.012987 0.000000
vt 0.987013 0.000000
vt 0.103896 0.000000
vt 0.935065 0.000000
vt 0.090909 0.000000
vt 0.948052 0.000000
vt 0.701299 0.000000
vt 0.714286 0.000000
vt 0.285714 0.000000
vt 0.272727 0.000000
vt 0.922078 0.000000
vt 0.792208 0.000000
vt 0.805195 0.000000
vt 0.194805 0.000000
vt 0.181818 0.000000
vt 0.818182 0.000000
vt 0.831169 0.000000
vt 0.168831 0.000000
vt 0.844156 0.000000
vt 0.727273 0.000000
vt 0.259740 0.000000
vt 0.740260 0.000000
vt 0.246753 0.000000
vt 0.753247 0.000000
vt 0.233766 0.000000
vt 0.766234 0.000000
vt 0.220779 0.000000
vt 0.779221 0.000000
vt 0.207792 0.000000
vt 0.155844 0.000000
vt 0.857143 0.000000
vt 0.142857 0.000000
vt 0.870130 0.000000
vt 0.883117 0.000000
vt 0.129870 0.000000
vt 0.896104 0.000000
vt 0.116883 0.000000
vt 0.909091 0.000000
vt 0.688312 0.000000
vt 0.298701 0.000000
vt 1.000000 0.000000
vt 0.000000 0.000000
s 0
usemtl Table_5_Label_mat
f 2025/2699/652 2024/2701/652 2026/2700/652
f 2026/2700/652 2021/2703/652 2027/2702/652
f 2021/2703/652 2026/2700/652 2022/2704/652
f 2022/2704/652 2026/2700/652 2023/2705/652
f 2024/2701/652 2023/2705/652 2026/2700/652
f 2030/2706/652 2018/2708/652 2031/2707/652
f 2018/2708/652 2030/2706/652 2019/2709/652
f 2030/2706/652 2029/2710/652 2019/2709/652
f 2019/2709/652 2029/2710/652 2020/2711/652
f 2028/2712/652 2020/2711/652 2029/2710/652
f 2027/2702/652 2020/2711/652 2028/2712/652
f 2021/2703/652 2020/2711/652 2027/2702/652
f 2036/2713/652 2035/2715/652 2014/2714/652
f 2014/2714/652 2035/2715/652 2015/2716/652
f 2034/2717/652 2015/2716/652 2035/2715/652
f 2016/2718/652 2015/2716/652 2034/2717/652
f 2013/2719/652 2038/2721/652 2037/2720/652
f 2038/2721/652 2013/2719/652 2012/2722/652
f 2012/2722/652 2039/2723/652 2038/2721/652
f 2039/2723/652 2012/2722/652 2011/2724/652
f 1993/2725/652 1992/2727/652 2061/2726/652
f 2037/2720/652 2036/2713/652 2013/2719/652
f 2014/2714/652 2013/2719/652 2036/2713/652
f 2062/2728/652 1992/2727/652 1991/2729/652
f 1992/2727/652 2062/2728/652 2061/2726/652
f 2034/2717/652 2033/2730/652 2016/2718/652
f 2032/2731/652 2016/2718/652 2033/2730/652
f 2016/2718/652 2032/2731/652 2017/2732/652
f 2031/2707/652 2017/2732/652 2032/2731/652
f 2018/2708/652 2017/2732/652 2031/2707/652
f 1991/2729/652 1990/2733/652 2062/2728/652
f 1989/2734/652 2062/2728/652 1990/2733/652
f 1988/2735/652 2062/2728/652 1989/2734/652
f 2062/2728/652 1988/2735/652 2063/2736/652
f 1995/2737/652 1994/2739/652 2059/2738/652
f 2060/2740/652 2059/2738/652 1994/2739/652
f 2041/2741/652 2009/2743/652 2042/2742/652
f 2008/2744/652 2042/2742/652 2009/2743/652
f 2059/2738/652 2058/2745/652 1995/2737/652
f 2048/2746/652 2002/2748/652 2049/2747/652
f 2001/2749/652 2049/2747/652 2002/2748/652
f 2049/2747/652 2001/2749/652 2050/2750/652
f 2050/2750/652 2001/2749/652 2051/2751/652
f 2000/2752/652 2051/2751/652 2001/2749/652
f 2051/2751/652 2000/2752/652 2052/2753/652
f 2008/2744/652 2043/2754/652 2042/2742/652
f 2007/2755/652 2043/2754/652 2008/2744/652
f 2043/2754/652 2007/2755/652 2044/2756/652
f 2006/2757/652 2044/2756/652 2007/2755/652
f 2044/2756/652 2006/2757/652 2045/2758/652
f 2005/2759/652 2045/2758/652 2006/2757/652
f 2045/2758/652 2005/2759/652 2046/2760/652
f 2004/2761/652 2046/2760/652 2005/2759/652
f 2046/2760/652 2004/2761/652 2047/2762/652
f 2003/2763/652 2047/2762/652 2004/2761/652
f 2047/2762/652 2003/2763/652 2048/2746/652
f 2048/2746/652 2003/2763/652 2002/2748/652
f 2000/2752/652 1999/2764/652 2052/2753/652
f 2052/2753/652 1999/2764/652 2053/2765/652
f 1998/2766/652 2053/2765/652 1999/2764/652
f 2053/2765/652 1998/2766/652 2054/2767/652
f 2054/2767/652 1998/2766/652 2055/2768/652
f 1997/2769/652 2055/2768/652 1998/2766/652
f 2055/2768/652 1997/2769/652 2056/2770/652
f 1996/2771/652 2056/2770/652 1997/2769/652
f 2056/2770/652 1996/2771/652 2057/2772/652
f 1995/2737/652 2057/2772/652 1996/2771/652
f 2058/2745/652 2057/2772/652 1995/2737/652
f 2011/2724/652 2040/2773/652 2039/2723/652
f 2010/2774/652 2040/2773/652 2011/2724/652
f 2040/2773/652 2010/2774/652 2041/2741/652
f 2041/2741/652 2010/2774/652 2009/2743/652
f 1994/2739/652 1993/2725/652 2060/2740/652
f 2061/2726/652 2060/2740/652 1993/2725/652
f 2064/2775/652 2063/2736/652 1987/2776/652
f 1988/2735/652 1987/2776/652 2063/2736/652
f 2066/2766/652 2068/2711/652 2067/2743/652
f 2072/2775/652 2071/2765/652 2065/2776/652
f 2068/2711/652 2070/2742/652 2069/2707/652
f 2070/2742/652 2068/2711/652 2071/2765/652
f 2066/2766/652 2071/2765/652 2068/2711/652
f 2071/2765/652 2066/2766/652 2065/2776/652
o Table_6
v 3.075000 0.390000 -2.275000
v 3.075000 0.510000 -2.275000
v 3.075000 0.390000 -3.325000
v 3.075000 0.510000 -3.325000
v 4.125000 0.390000 -2.275000
v 4.125000 0.510000 -2.275000
v 4.125000 0.390000 -3.325000
v 4.125000 0.510000 -3.325000
vn -1.0000 -0.0000 -0.0000
vn -0.0000 -0.0000 -1.0000
vn 1.0000 -0.0000 -0.0000
vn -0.0000 -0.0000 1.0000
vn -0.0000 -1.0000 -0.0000
vn -0.0000 1.0000 -0.0000
vt 0.375000 0.000000
vt 0.625000 0.000000
vt 0.625000 0.250000
vt 0.375000 0.250000
vt 0.625000 0.500000
vt 0.375000 0.500000
vt 0.625000 0.750000
vt 0.375000 0.750000
vt 0.625000 1.000000
vt 0.375000 1.000000
vt 0.125000 0.500000
vt 0.125000 0.750000
vt 0.875000 0.500000
vt 0.875000 0.750000
s 0
usemtl Table_6_mat
f 2073/2777/653 2074/2778/653 2076/2779/653 2075/2780/653
f 2075/2780/654 2076/2779/654 2080/2781/654 2079/2782/654
f 2079/2782/655 2080/2781/655 2078/2783/655 2077/2784/655
f 2077/2784/656 2078/2783/656 2074/2785/656 2073/2786/656
f 2075/2787/657 2079/2782/657 2077/2784/657 2073/2788/657
f 2080/2781/658 2076/2789/658 2074/2790/658 2078/2783/658
o Table_6_Leg
v 3.600000 0.000000 -2.880000
v 3.600000 0.440000 -2.880000
v 3.615607 0.000000 -2.878463
v 3.615607 0.440000 -2.878463
v 3.630615 0.000000 -2.873910
v 3.630615 0.440000 -2.873910
v 3.644445 0.000000 -2.866518
v 3.644445 0.440000 -2.866518
v 3.656569 0.000000 -2.856569
v 3.656569 0.440000 -2.856569
v 3.666517 0.000000 -2.844445
v 3.666517 0.440000 -2.844445
v 3.673910 0.000000 -2.830615
v 3.673910 0.440000 -2.830615
v 3.678463 0.000000 -2.815607
v 3.678463 0.440000 -2.815607
v 3.680000 0.000000 -2.800000
v 3.680000 0.440000 -2.800000
v 3.678463 0.000000 -2.784393
v 3.678463 0.440000 -2.784393
v 3.673910 0.000000 -2.769385
v 3.673910 0.440000 -2.769385
v 3.666517 0.000000 -2.755554
v 3.666517 0.440000 -2.755554
v 3.656569 0.000000 -2.743431
v 3.656569 0.440000 -2.743431
v 3.644445 0.000000 -2.733482
v 3.644445 0.440000 -2.733482
v 3.630615 0.000000 -2.726089
v 3.630615 0.440000 -2.726089
v 3.615607 0.000000 -2.721537
v 3.615607 0.440000 -2.721537
v 3.600000 0.000000 -2.720000
v 3.600000 0.440000 -2.720000
v 3.584393 0.000000 -2.721537
v 3.584393 0.440000 -2.721537
v 3.569385 0.000000 -2.726089
v 3.569385 0.440000 -2.726089
v 3.555554 0.000000 -2.733482
v 3.555554 0.440000 -2.733482
v 3.543431 0.000000 -2.743431
v 3.543431 0.440000 -2.743431
v 3.533482 0.000000 -2.755554
v 3.533482 0.440000 -2.755554
v 3.526090 0.000000 -2.769385
v 3.526090 0.440000 -2.769385
v 3.521537 0.000000 -2.784393
v 3.521537 0.440000 -2.784393
v 3.520000 0.000000 -2.800000
v 3.520000 0.440000 -2.800000
v 3.521537 0.000000 -2.815607
v 3.521537 0.440000 -2.815607
v 3.526090 0.000000 -2.830615
v 3.526090 0.440000 -2.830615
v 3.533482 0.000000 -2.844445
v 3.533482 0.440000 -2.844445
v 3.543431 0.000000 -2.856569
v 3.543431 0.440000 -2.856569
v 3.555554 0.000000 -2.866518
v 3.555554 0.440000 -2.866518
v 3.569385 0.000000 -2.873910
v 3.569385 0.440000 -2.873910
v 3.584393 0.000000 -2.878463
v 3.584393 0.440000 -2.878463
vn 0.0980 -0.0000 -0.9952
vn 0.2903 -0.0000 -0.9569
vn 0.4714 -0.0000 -0.8819
vn 0.6344 -0.0000 -0.7730
vn 0.7730 -0.0000 -0.6344
vn 0.8819 -0.0000 -0.4714
vn 0.9569 -0.0000 -0.2903
vn 0.9952 -0.0000 -0.0980
vn 0.9952 -0.0000 0.0980
vn 0.9569 -0.0000 0.2903
vn 0.8819 -0.0000 0.4714
vn 0.7730 -0.0000 0.6344
vn 0.6344 -0.0000 0.7730
vn 0.4714 -0.0000 0.8819
vn 0.2903 -0.0000 0.9569
vn 0.0980 -0.0000 0.9952
vn -0.0980 -0.0000 0.9952
vn -0.2903 -0.0000 0.9569
vn -0.4714 -0.0000 0.8819
vn -0.6344 -0.0000 0.7730
vn -0.7730 -0.0000 0.6344
vn -0.8819 -0.0000 0.4714
vn -0.9569 -0.0000 0.2903
vn -0.9952 -0.0000 0.0980
vn -0.9952 -0.0000 -0.0980
vn -0.9569 -0.0000 -0.2903
vn -0.8819 -0.0000 -0.4714
vn -0.7730 -0.0000 -0.6344
vn -0.6344 -0.0000 -0.7730
vn -0.4714 -0.0000 -0.8819
vn -0.0000 1.0000 -0.0000
vn -0.2903 -0.0000 -0.9569
vn -0.0980 -0.0000 -0.9952
vn -0.0000 -1.0000 -0.0000
vt 1.000000 0.500000
vt 1.000000 1.000000
vt 0.968750 1.000000
vt 0.968750 0.500000
vt 0.937500 1.000000
vt 0.937500 0.500000
vt 0.906250 1.000000
vt 0.906250 0.500000
vt 0.875000 1.000000
vt 0.875000 0.500000
vt 0.843750 1.000000
vt 0.843750 0.500000
vt 0.812500 1.000000
vt 0.812500 0.500000
vt 0.781250 1.000000
vt 0.781250 0.500000
vt 0.750000 1.000000
vt 0.750000 0.500000
vt 0.718750 1.000000
vt 0.718750 0.500000
vt 0.687500 1.000000
vt 0.687500 0.500000
vt 0.656250 1.000000
vt 0.656250 0.500000
vt 0.625000 1.000000
vt 0.625000 0.500000
vt 0.593750 1.000000
vt 0.593750 0.500000
vt 0.562500 1.000000
vt 0.562500 0.500000
vt 0.531250 1.000000
vt 0.531250 0.500000
vt 0.500000 1.000000
vt 0.500000 0.500000
vt 0.468750 1.000000
vt 0.468750 0.500000
vt 0.437500 1.000000
vt 0.437500 0.500000
vt 0.406250 1.000000
vt 0.406250 0.500000
vt 0.375000 1.000000
vt 0.375000 0.500000
vt 0.343750 1.000000
vt 0.343750 0.500000
vt 0.312500 1.000000
vt 0.312500 0.500000
vt 0.281250 1.000000
vt 0.281250 0.500000
vt 0.250000 1.000000
vt 0.250000 0.500000
vt 0.218750 1.000000
vt 0.218750 0.500000
vt 0.187500 1.000000
vt 0.187500 0.500000
vt 0.156250 1.000000
vt 0.156250 0.500000
vt 0.125000 1.000000
vt 0.125000 0.500000
vt 0.093750 1.000000
vt 0.093750 0.500000
vt 0.062500 1.000000
vt 0.062500 0.500000
vt 0.296822 0.485388
vt 0.250000 0.490000
vt 0.203178 0.485388
vt 0.158156 0.471731
vt 0.116663 0.449553
vt 0.080294 0.419706
vt 0.050447 0.383337
vt 0.028269 0.341844
vt 0.014612 0.296822
vt 0.010000 0.250000
vt 0.014612 0.203178
vt 0.028269 0.158156
vt 0.050447 0.116663
vt 0.080294 0.080294
vt 0.116663 0.050447
vt 0.158156 0.028269
vt 0.203178 0.014612
vt 0.250000 0.010000
vt 0.296822 0.014612
vt 0.341844 0.028269
vt 0.383337 0.050447
vt 0.419706 0.080294
vt 0.449553 0.116663
vt 0.471731 0.158156
vt 0.485388 0.203178
vt 0.490000 0.250000
vt 0.485388 0.296822
vt 0.471731 0.341844
vt 0.449553 0.383337
vt 0.419706 0.419706
vt 0.383337 0.449553
vt 0.341844 0.471731
vt 0.031250 1.000000
vt 0.031250 0.500000
vt 0.000000 1.000000
vt 0.000000 0.500000
vt 0.750000 0.490000
vt 0.796822 0.485388
vt 0.841844 0.471731
vt 0.883337 0.449553
vt 0.919706 0.419706
vt 0.949553 0.383337
vt 0.971731 0.341844
vt 0.985388 0.296822
vt 0.990000 0.250000
vt 0.985388 0.203178
vt 0.971731 0.158156
vt 0.949553 0.116663
vt 0.919706 0.080294
vt 0.883337 0.050447
vt 0.841844 0.028269
vt 0.796822 0.014612
vt 0.750000 0.010000
vt 0.703178 0.014612
vt 0.658156 0.028269
vt 0.616663 0.050447
vt 0.580294 0.080294
vt 0.550447 0.116663
vt 0.528269 0.158156
vt 0.514612 0.203178
vt 0.510000 0.250000
vt 0.514612 0.296822
vt 0.528269 0.341844
vt 0.550447 0.383337
vt 0.580294 0.419706
vt 0.616663 0.449553
vt 0.658156 0.471731
vt 0.703178 0.485388
s 0
usemtl Table_6_Leg_mat
f 2081/2791/659 2082/2792/659 2084/2793/659 2083/2794/659
f 2083/2794/660 2084/2793/660 2086/2795/660 2085/2796/660
f 2085/2796/661 2086/2795/661 2088/2797/661 2087/2798/661
f 2087/2798/662 2088/2797/662 2090/2799/662 2089/2800/662
f 2089/2800/663 2090/2799/663 2092/2801/663 2091/2802/663
f 2091/2802/664 2092/2801/664 2094/2803/664 2093/2804/664
f 2093/2804/665 2094/2803/665 2096/2805/665 2095/2806/665
f 2095/2806/666 2096/2805/666 2098/2807/666 2097/2808/666
f 2097/2808/667 2098/2807/667 2100/2809/667 2099/2810/667
f 2099/2810/668 2100/2809/668 2102/2811/668 2101/2812/668
f 2101/2812/669 2102/2811/669 2104/2813/669 2103/2814/669
f 2103/2814/670 2104/2813/670 2106/2815/670 2105/2816/670
f 2105/2816/671 2106/2815/671 2108/2817/671 2107/2818/671
f 2107/2818/672 2108/2817/672 2110/2819/672 2109/2820/672
f 2109/2820/673 2110/2819/673 2112/2821/673 2111/2822/673
f 2111/2822/674 2112/2821/674 2114/2823/674 2113/2824/674
f 2113/2824/675 2114/2823/675 2116/2825/675 2115/2826/675
f 2115/2826/676 2116/2825/676 2118/2827/676 2117/2828/676
f 2117/2828/677 2118/2827/677 2120/2829/677 2119/2830/677
f 2119/2830/678 2120/2829/678 2122/2831/678 2121/2832/678
f 2121/2832/679 2122/2831/679 2124/2833/679 2123/2834/679
f 2123/2834/680 2124/2833/680 2126/2835/680 2125/2836/680
f 2125/2836/681 2126/2835/681 2128/2837/681 2127/2838/681
f 2127/2838/682 2128/2837/682 2130/2839/682 2129/2840/682
f 2129/2840/683 2130/2839/683 2132/2841/683 2131/2842/683
f 2131/2842/684 2132/2841/684 2134/2843/684 2133/2844/684
f 2133/2844/685 2134/2843/685 2136/2845/685 2135/2846/685
f 2135/2846/686 2136/2845/686 2138/2847/686 2137/2848/686
f 2137/2848/687 2138/2847/687 2140/2849/687 2139/2850/687
f 2139/2850/688 2140/2849/688 2142/2851/688 2141/2852/688
f 2084/2853/689 2082/2854/689 2144/2855/689 2142/2856/689 2140/2857/689 2138/2858/689 2136/2859/689 2134/2860/689 2132/2861/689 2130/2862/689 2128/2863/689 2126/2864/689 2124/2865/689 2122/2866/689 2120/2867/689 2118/2868/689 2116/2869/689 2114/2870/689 2112/2871/689 2110/2872/689 2108/2873/689 2106/2874/689 2104/2875/689 2102/2876/689 2100/2877/689 2098/2878/689 2096/2879/689 2094/2880/689 2092/2881/689 2090/2882/689 2088/2883/689 2086/2884/689
f 2141/2852/690 2142/2851/690 2144/2885/690 2143/2886/690
f 2143/2886/691 2144/2885/691 2082/2887/691 2081/2888/691
f 2081/2889/692 2083/2890/692 2085/2891/692 2087/2892/692 2089/2893/692 2091/2894/692 2093/2895/692 2095/2896/692 2097/2897/692 2099/2898/692 2101/2899/692 2103/2900/692 2105/2901/692 2107/2902/692 2109/2903/692 2111/2904/692 2113/2905/692 2115/2906/692 2117/2907/692 2119/2908/692 2121/2909/692 2123/2910/692 2125/2911/692 2127/2912/692 2129/2913/692 2131/2914/692 2133/2915/692 2135/2916/692 2137/2917/692 2139/2918/692 2141/2919/692 2143/2920/692
o Table_6_Chair_1_Seat
v 3.390000 0.160000 -3.410000
v 3.390000 0.340000 -3.410000
v 3.390000 0.160000 -3.830000
v 3.390000 0.340000 -3.830000
v 3.810000 0.160000 -3.410000
v 3.810000 0.340000 -3.410000
v 3.810000 0.160000 -3.830000
v 3.810000 0.340000 -3.830000
vn -1.0000 -0.0000 -0.0000
vn -0.0000 -0.0000 -1.0000
vn 1.0000 -0.0000 -0.0000
vn -0.0000 -0.0000 1.0000
vn -0.0000 -1.0000 -0.0000
vn -0.0000 1.0000 -0.0000
vt 0.375000 0.000000
vt 0.625000 0.000000
vt 0.625000 0.250000
vt 0.375000 0.250000
vt 0.625000 0.500000
vt 0.375000 0.500000
vt 0.625000 0.750000
vt 0.375000 0.750000
vt 0.625000 1.000000
vt 0.375000 1.000000
vt 0.125000 0.500000
vt 0.125000 0.750000
vt 0.875000 0.500000
vt 0.875000 0.750000
s 0
usemtl Table_6_Chair_1_Seat_mat
f 2145/2921/693 2146/2922/693 2148/2923/693 2147/2924/693
f 2147/2924/694 2148/2923/694 2152/2925/694 2151/2926/694
f 2151/2926/695 2152/2925/695 2150/2927/695 2149/2928/695
f 2149/2928/696 2150/2927/696 2146/2929/696 2145/2930/696
f 2147/2931/697 2151/2926/697 2149/2928/697 2145/2932/697
f 2152/2925/698 2148/2933/698 2146/2934/698 2150/2927/698
o Table_6_Chair_1_Back
v 3.390000 0.250000 -3.810000
v 3.390000 0.850000 -3.810000
v 3.390000 0.250000 -3.890000
v 3.390000 0.850000 -3.890000
v 3.810000 0.250000 -3.810000
v 3.810000 0.850000 -3.810000
v 3.810000 0.250000 -3.890000
v 3.810000 0.850000 -3.890000
vn -1.0000 -0.0000 -0.0000
vn -0.0000 -0.0000 -1.0000
vn 1.0000 -0.0000 -0.0000
vn -0.0000 -0.0000 1.0000
vn -0.0000 -1.0000 -0.0000
vn -0.0000 1.0000 -0.0000
vt 0.375000 0.000000
vt 0.625000 0.000000
vt 0.625000 0.250000
vt 0.375000 0.250000
vt 0.625000 0.500000
vt 0.375000 0.500000
vt 0.625000 0.750000
vt 0.375000 0.750000
vt 0.625000 1.000000
vt 0.375000 1.000000
vt 0.125000 0.500000
vt 0.125000 0.750000
vt 0.875000 0.500000
vt 0.875000 0.750000
s 0
usemtl Table_6_Chair_1_Back_mat
f 2153/2935/699 2154/2936/699 2156/2937/699 2155/2938/699
f 2155/2938/700 2156/2937/700 2160/2939/700 2159/2940/700
f 2159/2940/701 2160/2939/701 2158/2941/701 2157/2942/701
f 2157/2942/702 2158/2941/702 2154/2943/702 2153/2944/702
f 2155/2945/703 2159/2940/703 2157/2942/703 2153/2946/703
f 2160/2939/704 2156/2947/704 2154/2948/704 2158/2941/704
o Table_6_Chair_2_Seat
v 3.390000 0.160000 -1.770000
v 3.390000 0.340000 -1.770000
v 3.390000 0.160000 -2.190000
v 3.390000 0.340000 -2.190000
v 3.810000 0.160000 -1.770000
v 3.810000 0.340000 -1.770000
v 3.810000 0.160000 -2.190000
v 3.810000 0.340000 -2.190000
vn -1.0000 -0.0000 -0.0000
vn -0.0000 -0.0000 -1.0000
vn 1.0000 -0.0000 -0.0000
vn -0.0000 -0.0000 1.0000
vn -0.0000 -1.0000 -0.0000
vn -0.0000 1.0000 -0.0000
vt 0.375000 0.000000
vt 0.625000 0.000000
vt 0.625000 0.250000
vt 0.375000 0.250000
vt 0.625000 0.500000
vt 0.375000 0.500000
vt 0.625000 0.750000
vt 0.375000 0.750000
vt 0.625000 1.000000
vt 0.375000 1.000000
vt 0.125000 0.500000
vt 0.125000 0.750000
vt 0.875000 0.500000
vt 0.875000 0.750000
s 0
usemtl Table_6_Chair_2_Seat_mat
f 2161/2949/705 2162/2950/705 2164/2951/705 2163/2952/705
f 2163/2952/706 2164/2951/706 2168/2953/706 2167/2954/706
f 2167/2954/707 2168/2953/707 2166/2955/707 2165/2956/707
f 2165/2956/708 2166/2955/708 2162/2957/708 2161/2958/708
f 2163/2959/709 2167/2954/709 2165/2956/709 2161/2960/709
f 2168/2953/710 2164/2961/710 2162/2962/710 2166/2955/710
o Table_6_Chair_2_Back
v 3.390000 0.250000 -1.710000
v 3.390000 0.850000 -1.710000
v 3.390000 0.250000 -1.790000
v 3.390000 0.850000 -1.790000
v 3.810000 0.250000 -1.710000
v 3.810000 0.850000 -1.710000
v 3.810000 0.250000 -1.790000
v 3.810000 0.850000 -1.790000
vn -1.0000 -0.0000 -0.0000
vn -0.0000 -0.0000 -1.0000
vn 1.0000 -0.0000 -0.0000
vn -0.0000 -0.0000 1.0000
vn -0.0000 -1.0000 -0.0000
vn -0.0000 1.0000 -0.0000
vt 0.375000 0.000000
vt 0.625000 0.000000
vt 0.625000 0.250000
vt 0.375000 0.250000
vt 0.625000 0.500000
vt 0.375000 0.500000
vt 0.625000 0.750000
vt 0.375000 0.750000
vt 0.625000 1.000000
vt 0.375000 1.000000
vt 0.125000 0.500000
vt 0.125000 0.750000
vt 0.875000 0.500000
vt 0.875000 0.750000
s 0
usemtl Table_6_Chair_2_Back_mat
f 2169/2963/711 2170/2964/711 2172/2965/711 2171/2966/711
f 2171/2966/712 2172/2965/712 2176/2967/712 2175/2968/712
f 2175/2968/713 2176/2967/713 2174/2969/713 2173/2970/713
f 2173/2970/714 2174/2969/714 2170/2971/714 2169/2972/714
f 2171/2973/715 2175/2968/715 2173/2970/715 2169/2974/715
f 2176/2967/716 2172/2975/716 2170/2976/716 2174/2969/716
o Table_6_Chair_3_Seat
v 4.210000 0.160000 -2.590000
v 4.210000 0.340000 -2.590000
v 4.210000 0.160000 -3.010000
v 4.210000 0.340000 -3.010000
v 4.630000 0.160000 -2.590000
v 4.630000 0.340000 -2.590000
v 4.630000 0.160000 -3.010000
v 4.630000 0.340000 -3.010000
vn -1.0000 -0.0000 -0.0000
vn -0.0000 -0.0000 -1.0000
vn 1.0000 -0.0000 -0.0000
vn -0.0000 -0.0000 1.0000
vn -0.0000 -1.0000 -0.0000
vn -0.0000 1.0000 -0.0000
vt 0.375000 0.000000
vt 0.625000 0.000000
vt 0.625000 0.250000
vt 0.375000 0.250000
vt 0.625000 0.500000
vt 0.375000 0.500000
vt 0.625000 0.750000
vt 0.375000 0.750000
vt 0.625000 1.000000
vt 0.375000 1.000000
vt 0.125000 0.500000
vt 0.125000 0.750000
vt 0.875000 0.500000
vt 0.875000 0.750000
s 0
usemtl Table_6_Chair_3_Seat_mat
f 2177/2977/717 2178/2978/717 2180/2979/717 2179/2980/717
f 2179/2980/718 2180/2979/718 2184/2981/718 2183/2982/718
f 2183/2982/719 2184/2981/719 2182/2983/719 2181/2984/719
f 2181/2984/720 2182/2983/720 2178/2985/720 2177/2986/720
f 2179/2987/721 2183/2982/721 2181/2984/721 2177/2988/721
f 2184/2981/722 2180/2989/722 2178/2990/722 2182/2983/722
o Table_6_Chair_3_Back
v 4.610000 0.250000 -2.590000
v 4.610000 0.850000 -2.590000
v 4.610000 0.250000 -3.010000
v 4.610000 0.850000 -3.010000
v 4.690000 0.250000 -2.590000
v 4.690000 0.850000 -2.590000
v 4.690000 0.250000 -3.010000
v 4.690000 0.850000 -3.010000
vn -1.0000 -0.0000 -0.0000
vn -0.0000 -0.0000 -1.0000
vn 1.0000 -0.0000 -0.0000
vn -0.0000 -0.0000 1.0000
vn -0.0000 -1.0000 -0.0000
vn -0.0000 1.0000 -0.0000
vt 0.375000 0.000000
vt 0.625000 0.000000
vt 0.625000 0.250000
vt 0.375000 0.250000
vt 0.625000 0.500000
vt 0.375000 0.500000
vt 0.625000 0.750000
vt 0.375000 0.750000
vt 0.625000 1.000000
vt 0.375000 1.000000
vt 0.125000 0.500000
vt 0.125000 0.750000
vt 0.875000 0.500000
vt 0.875000 0.750000
s 0
usemtl Table_6_Chair_3_Back_mat
f 2185/2991/723 2186/2992/723 2188/2993/723 2187/2994/723
f 2187/2994/724 2188/2993/724 2192/2995/724 2191/2996/724
f 2191/2996/725 2192/2995/725 2190/2997/725 2189/2998/725
f 2189/2998/726 2190/2997/726 2186/2999/726 2185/3000/726
f 2187/3001/727 2191/2996/727 2189/2998/727 2185/3002/727
f 2192/2995/728 2188/3003/728 2186/3004/728 2190/2997/728
o Table_6_Chair_4_Seat
v 2.570000 0.160000 -2.590000
v 2.570000 0.340000 -2.590000
v 2.570000 0.160000 -3.010000
v 2.570000 0.340000 -3.010000
v 2.990000 0.160000 -2.590000
v 2.990000 0.340000 -2.590000
v 2.990000 0.160000 -3.010000
v 2.990000 0.340000 -3.010000
vn -1.0000 -0.0000 -0.0000
vn -0.0000 -0.0000 -1.0000
vn 1.0000 -0.0000 -0.0000
vn -0.0000 -0.0000 1.0000
vn -0.0000 -1.0000 -0.0000
vn -0.0000 1.0000 -0.0000
vt 0.375000 0.000000
vt 0.625000 0.000000
vt 0.625000 0.250000
vt 0.375000 0.250000
vt 0.625000 0.500000
vt 0.375000 0.500000
vt 0.625000 0.750000
vt 0.375000 0.750000
vt 0.625000 1.000000
vt 0.375000 1.000000
vt 0.125000 0.500000
vt 0.125000 0.750000
vt 0.875000 0.500000
vt 0.875000 0.750000
s 0
usemtl Table_6_Chair_4_Seat_mat
f 2193/3005/729 2194/3006/729 2196/3007/729 2195/3008/729
f 2195/3008/730 2196/3007/730 2200/3009/730 2199/3010/730
f 2199/3010/731 2200/3009/731 2198/3011/731 2197/3012/731
f 2197/3012/732 2198/3011/732 2194/3013/732 2193/3014/732
f 2195/3015/733 2199/3010/733 2197/3012/733 2193/3016/733
f 2200/3009/734 2196/3017/734 2194/3018/734 2198/3011/734
o Table_6_Chair_4_Back
v 2.510000 0.250000 -2.590000
v 2.510000 0.850000 -2.590000
v 2.510000 0.250000 -3.010000
v 2.510000 0.850000 -3.010000
v 2.590000 0.250000 -2.590000
v 2.590000 0.850000 -2.590000
v 2.590000 0.250000 -3.010000
v 2.590000 0.850000 -3.010000
vn -1.0000 -0.0000 -0.0000
vn -0.0000 -0.0000 -1.0000
vn 1.0000 -0.0000 -0.0000
vn -0.0000 -0.0000 1.0000
vn -0.0000 -1.0000 -0.0000
vn -0.0000 1.0000 -0.0000
vt 0.375000 0.000000
vt 0.625000 0.000000
vt 0.625000 0.250000
vt 0.375000 0.250000
vt 0.625000 0.500000
vt 0.375000 0.500000
vt 0.625000 0.750000
vt 0.375000 0.750000
vt 0.625000 1.000000
vt 0.375000 1.000000
vt 0.125000 0.500000
vt 0.125000 0.750000
vt 0.875000 0.500000
vt 0.875000 0.750000
s 0
usemtl Table_6_Chair_4_Back_mat
f 2201/3019/735 2202/3020/735 2204/3021/735 2203/3022/735
f 2203/3022/736 2204/3021/736 2208/3023/736 2207/3024/736
f 2207/3024/737 2208/3023/737 2206/3025/737 2205/3026/737
f 2205/3026/738 2206/3025/738 2202/3027/738 2201/3028/738
f 2203/3029/739 2207/3024/739 2205/3026/739 2201/3030/739
f 2208/3023/740 2204/3031/740 2202/3032/740 2206/3025/740
o Table_6_Call_Light
v 3.600000 0.540000 -2.920000
v 3.600000 0.620000 -2.920000
v 3.623411 0.540000 -2.917694
v 3.623411 0.620000 -2.917694
v 3.645922 0.540000 -2.910866
v 3.645922 0.620000 -2.910866
v 3.666668 0.540000 -2.899776
v 3.666668 0.620000 -2.899776
v 3.684853 0.540000 -2.884853
v 3.684853 0.620000 -2.884853
v 3.699776 0.540000 -2.866668
v 3.699776 0.620000 -2.866668
v 3.710865 0.540000 -2.845922
v 3.710865 0.620000 -2.845922
v 3.717694 0.540000 -2.823411
v 3.717694 0.620000 -2.823411
v 3.720000 0.540000 -2.800000
v 3.720000 0.620000 -2.800000
v 3.717694 0.540000 -2.776589
v 3.717694 0.620000 -2.776589
v 3.710865 0.540000 -2.754078
v 3.710865 0.620000 -2.754078
v 3.699776 0.540000 -2.733331
v 3.699776 0.620000 -2.733331
v 3.684853 0.540000 -2.715147
v 3.684853 0.620000 -2.715147
v 3.666668 0.540000 -2.700224
v 3.666668 0.620000 -2.700224
v 3.645922 0.540000 -2.689134
v 3.645922 0.620000 -2.689134
v 3.623411 0.540000 -2.682306
v 3.623411 0.620000 -2.682306
v 3.600000 0.540000 -2.680000
v 3.600000 0.620000 -2.680000
v 3.576589 0.540000 -2.682306
v 3.576589 0.620000 -2.682306
v 3.554078 0.540000 -2.689134
v 3.554078 0.620000 -2.689134
v 3.533331 0.540000 -2.700224
v 3.533331 0.620000 -2.700224
v 3.515147 0.540000 -2.715147
v 3.515147 0.620000 -2.715147
v 3.500224 0.540000 -2.733331
v 3.500224 0.620000 -2.733331
v 3.489134 0.540000 -2.754078
v 3.489134 0.620000 -2.754078
v 3.482306 0.540000 -2.776589
v 3.482306 0.620000 -2.776589
v 3.480000 0.540000 -2.800000
v 3.480000 0.620000 -2.800000
v 3.482306 0.540000 -2.823411
v 3.482306 0.620000 -2.823411
v 3.489134 0.540000 -2.845922
v 3.489134 0.620000 -2.845922
v 3.500224 0.540000 -2.866668
v 3.500224 0.620000 -2.866668
v 3.515147 0.540000 -2.884853
v 3.515147 0.620000 -2.884853
v 3.533331 0.540000 -2.899776
v 3.533331 0.620000 -2.899776
v 3.554078 0.540000 -2.910866
v 3.554078 0.620000 -2.910866
v 3.576589 0.540000 -2.917694
v 3.576589 0.620000 -2.917694
vn 0.0980 -0.0000 -0.9952
vn 0.2903 -0.0000 -0.9569
vn 0.4714 -0.0000 -0.8819
vn 0.6344 -0.0000 -0.7730
vn 0.7730 -0.0000 -0.6344
vn 0.8819 -0.0000 -0.4714
vn 0.9569 -0.0000 -0.2903
vn 0.9952 -0.0000 -0.0980
vn 0.9952 -0.0000 0.0980
vn 0.9569 -0.0000 0.2903
vn 0.8819 -0.0000 0.4714
vn 0.7730 -0.0000 0.6344
vn 0.6344 -0.0000 0.7730
vn 0.4714 -0.0000 0.8819
vn 0.2903 -0.0000 0.9569
vn 0.0980 -0.0000 0.9952
vn -0.0980 -0.0000 0.9952
vn -0.2903 -0.0000 0.9569
vn -0.4714 -0.0000 0.8819
vn -0.6344 -0.0000 0.7730
vn -0.7730 -0.0000 0.6344
vn -0.8819 -0.0000 0.4714
vn -0.9569 -0.0000 0.2903
vn -0.9952 -0.0000 0.0980
vn -0.9952 -0.0000 -0.0980
vn -0.9569 -0.0000 -0.2903
vn -0.8819 -0.0000 -0.4714
vn -0.7730 -0.0000 -0.6344
vn -0.6344 -0.0000 -0.7730
vn -0.4714 -0.0000 -0.8819
vn -0.0000 1.0000 -0.0000
vn -0.2903 -0.0000 -0.9569
vn -0.0980 -0.0000 -0.9952
vn -0.0000 -1.0000 -0.0000
vt 1.000000 0.500000
vt 1.000000 1.000000
vt 0.968750 1.000000
vt 0.968750 0.500000
vt 0.937500 1.000000
vt 0.937500 0.500000
vt 0.906250 1.000000
vt 0.906250 0.500000
vt 0.875000 1.000000
vt 0.875000 0.500000
vt 0.843750 1.000000
vt 0.843750 0.500000
vt 0.812500 1.000000
vt 0.812500 0.500000
vt 0.781250 1.000000
vt 0.781250 0.500000
vt 0.750000 1.000000
vt 0.750000 0.500000
vt 0.718750 1.000000
vt 0.718750 0.500000
vt 0.687500 1.000000
vt 0.687500 0.500000
vt 0.656250 1.000000
vt 0.656250 0.500000
vt 0.625000 1.000000
vt 0.625000 0.500000
vt 0.593750 1.000000
vt 0.593750 0.500000
vt 0.562500 1.000000
vt 0.562500 0.500000
vt 0.531250 1.000000
vt 0.531250 0.500000
vt 0.500000 1.000000
vt 0.500000 0.500000
vt 0.468750 1.000000
vt 0.468750 0.500000
vt 0.437500 1.000000
vt 0.437500 0.500000
vt 0.406250 1.000000
vt 0.406250 0.500000
vt 0.375000 1.000000
vt 0.375000 0.500000
vt 0.343750 1.000000
vt 0.343750 0.500000
vt 0.312500 1.000000
vt 0.312500 0.500000
vt 0.281250 1.000000
vt 0.281250 0.500000
vt 0.250000 1.000000
vt 0.250000 0.500000
vt 0.218750 1.000000
vt 0.218750 0.500000
vt 0.187500 1.000000
vt 0.187500 0.500000
vt 0.156250 1.000000
vt 0.156250 0.500000
vt 0.125000 1.000000
vt 0.125000 0.500000
vt 0.093750 1.000000
vt 0.093750 0.500000
vt 0.062500 1.000000
vt 0.062500 0.500000
vt 0.296822 0.485388
vt 0.250000 0.490000
vt 0.203178 0.485388
vt 0.158156 0.471731
vt 0.116663 0.449553
vt 0.080294 0.419706
vt 0.050447 0.383337
vt 0.028269 0.341844
vt 0.014612 0.296822
vt 0.010000 0.250000
vt 0.014612 0.203178
vt 0.028269 0.158156
vt 0.050447 0.116663
vt 0.080294 0.080294
vt 0.116663 0.050447
vt 0.158156 0.028269
vt 0.203178 0.014612
vt 0.250000 0.010000
vt 0.296822 0.014612
vt 0.341844 0.028269
vt 0.383337 0.050447
vt 0.419706 0.080294
vt 0.449553 0.116663
vt 0.471731 0.158156
vt 0.485388 0.203178
vt 0.490000 0.250000
vt 0.485388 0.296822
vt 0.471731 0.341844
vt 0.449553 0.383337
vt 0.419706 0.419706
vt 0.383337 0.449553
vt 0.341844 0.471731
vt 0.031250 1.000000
vt 0.031250 0.500000
vt 0.000000 1.000000
vt 0.000000 0.500000
vt 0.750000 0.490000
vt 0.796822 0.485388
vt 0.841844 0.471731
vt 0.883337 0.449553
vt 0.919706 0.419706
vt 0.949553 0.383337
vt 0.971731 0.341844
vt 0.985388 0.296822
vt 0.990000 0.250000
vt 0.985388 0.203178
vt 0.971731 0.158156
vt 0.949553 0.116663
vt 0.919706 0.080294
vt 0.883337 0.050447
vt 0.841844 0.028269
vt 0.796822 0.014612
vt 0.750000 0.010000
vt 0.703178 0.014612
vt 0.658156 0.028269
vt 0.616663 0.050447
vt 0.580294 0.080294
vt 0.550447 0.116663
vt 0.528269 0.158156
vt 0.514612 0.203178
vt 0.510000 0.250000
vt 0.514612 0.296822
vt 0.528269 0.341844
vt 0.550447 0.383337
vt 0.580294 0.419706
vt 0.616663 0.449553
vt 0.658156 0.471731
vt 0.703178 0.485388
s 0
usemtl Table_6_Call_Light_mat
f 2209/3033/741 2210/3034/741 2212/3035/741 2211/3036/741
f 2211/3036/742 2212/3035/742 2214/3037/742 2213/3038/742
f 2213/3038/743 2214/3037/743 2216/3039/743 2215/3040/743
f 2215/3040/744 2216/3039/744 2218/3041/744 2217/3042/744
f 2217/3042/745 2218/3041/745 2220/3043/745 2219/3044/745
f 2219/3044/746 2220/3043/746 2222/3045/746 2221/3046/746
f 2221/3046/747 2222/3045/747 2224/3047/747 2223/3048/747
f 2223/3048/748 2224/3047/748 2226/3049/748 2225/3050/748
f 2225/3050/749 2226/3049/749 2228/3051/749 2227/3052/749
f 2227/3052/750 2228/3051/750 2230/3053/750 2229/3054/750
f 2229/3054/751 2230/3053/751 2232/3055/751 2231/3056/751
f 2231/3056/752 2232/3055/752 2234/3057/752 2233/3058/752
f 2233/3058/753 2234/3057/753 2236/3059/753 2235/3060/753
f 2235/3060/754 2236/3059/754 2238/3061/754 2237/3062/754
f 2237/3062/755 2238/3061/755 2240/3063/755 2239/3064/755
f 2239/3064/756 2240/3063/756 2242/3065/756 2241/3066/756
f 2241/3066/757 2242/3065/757 2244/3067/757 2243/3068/757
f 2243/3068/758 2244/3067/758 2246/3069/758 2245/3070/758
f 2245/3070/759 2246/3069/759 2248/3071/759 2247/3072/759
f 2247/3072/760 2248/3071/760 2250/3073/760 2249/3074/760
f 2249/3074/761 2250/3073/761 2252/3075/761 2251/3076/761
f 2251/3076/762 2252/3075/762 2254/3077/762 2253/3078/762
f 2253/3078/763 2254/3077/763 2256/3079/763 2255/3080/763
f 2255/3080/764 2256/3079/764 2258/3081/764 2257/3082/764
f 2257/3082/765 2258/3081/765 2260/3083/765 2259/3084/765
f 2259/3084/766 2260/3083/766 2262/3085/766 2261/3086/766
f 2261/3086/767 2262/3085/767 2264/3087/767 2263/3088/767
f 2263/3088/768 2264/3087/768 2266/3089/768 2265/3090/768
f 2265/3090/769 2266/3089/769 2268/3091/769 2267/3092/769
f 2267/3092/770 2268/3091/770 2270/3093/770 2269/3094/770
f 2212/3095/771 2210/3096/771 2272/3097/771 2270/3098/771 2268/3099/771 2266/3100/771 2264/3101/771 2262/3102/771 2260/3103/771 2258/3104/771 2256/3105/771 2254/3106/771 2252/3107/771 2250/3108/771 2248/3109/771 2246/3110/771 2244/3111/771 2242/3112/771 2240/3113/771 2238/3114/771 2236/3115/771 2234/3116/771 2232/3117/771 2230/3118/771 2228/3119/771 2226/3120/771 2224/3121/771 2222/3122/771 2220/3123/771 2218/3124/771 2216/3125/771 2214/3126/771
f 2269/3094/772 2270/3093/772 2272/3127/772 2271/3128/772
f 2271/3128/773 2272/3127/773 2210/3129/773 2209/3130/773
f 2209/3131/774 2211/3132/774 2213/3133/774 2215/3134/774 2217/3135/774 2219/3136/774 2221/3137/774 2223/3138/774 2225/3139/774 2227/3140/774 2229/3141/774 2231/3142/774 2233/3143/774 2235/3144/774 2237/3145/774 2239/3146/774 2241/3147/774 2243/3148/774 2245/3149/774 2247/3150/774 2249/3151/774 2251/3152/774 2253/3153/774 2255/3154/774 2257/3155/774 2259/3156/774 2261/3157/774 2263/3158/774 2265/3159/774 2267/3160/774 2269/3161/774 2271/3162/774
o Table_6_Label
v 3.496680 0.813480 -2.800000
v 3.508595 0.804930 -2.800000
v 3.519551 0.795834 -2.800000
v 3.529532 0.786237 -2.800000
v 3.538524 0.776188 -2.800000
v 3.546514 0.765735 -2.800000
v 3.553485 0.754925 -2.800000
v 3.559424 0.743806 -2.800000
v 3.564316 0.732425 -2.800000
v 3.568146 0.720831 -2.800000
v 3.570899 0.709070 -2.800000
v 3.572562 0.697190 -2.800000
v 3.573120 0.685240 -2.800000
v 3.572608 0.675437 -2.800000
v 3.571104 0.666221 -2.800000
v 3.568653 0.657642 -2.800000
v 3.565301 0.649753 -2.800000
v 3.561093 0.642602 -2.800000
v 3.556075 0.636240 -2.800000
v 3.550293 0.630718 -2.800000
v 3.543792 0.626087 -2.800000
v 3.536619 0.622397 -2.800000
v 3.528819 0.619699 -2.800000
v 3.520437 0.618043 -2.800000
v 3.511520 0.617480 -2.800000
v 3.504001 0.618010 -2.800000
v 3.496754 0.619553 -2.800000
v 3.489851 0.622034 -2.800000
v 3.483364 0.625382 -2.800000
v 3.477368 0.629523 -2.800000
v 3.471935 0.634385 -2.800000
v 3.467138 0.639894 -2.800000
v 3.463049 0.645978 -2.800000
v 3.459742 0.652563 -2.800000
v 3.457289 0.659577 -2.800000
v 3.455764 0.666947 -2.800000
v 3.455240 0.674600 -2.800000
v 3.455709 0.682343 -2.800000
v 3.457082 0.689714 -2.800000
v 3.459304 0.696654 -2.800000
v 3.462323 0.703108 -2.800000
v 3.466084 0.709018 -2.800000
v 3.470535 0.714325 -2.800000
v 3.475621 0.718973 -2.800000
v 3.481290 0.722905 -2.800000
v 3.487488 0.726063 -2.800000
v 3.494161 0.728390 -2.800000
v 3.501256 0.729828 -2.800000
v 3.508720 0.730320 -2.800000
v 3.511812 0.730241 -2.800000
v 3.514789 0.730011 -2.800000
v 3.517654 0.729646 -2.800000
v 3.520407 0.729159 -2.800000
v 3.523052 0.728562 -2.800000
v 3.525590 0.727870 -2.800000
v 3.528023 0.727096 -2.800000
v 3.530353 0.726255 -2.800000
v 3.532581 0.725359 -2.800000
v 3.534711 0.724422 -2.800000
v 3.536743 0.723458 -2.800000
v 3.538680 0.722480 -2.800000
v 3.536395 0.729146 -2.800000
v 3.533489 0.735812 -2.800000
v 3.530009 0.742434 -2.800000
v 3.525997 0.748966 -2.800000
v 3.521499 0.755361 -2.800000
v 3.516560 0.761575 -2.800000
v 3.511224 0.767561 -2.800000
v 3.505536 0.773274 -2.800000
v 3.499541 0.778668 -2.800000
v 3.493284 0.783698 -2.800000
v 3.486808 0.788317 -2.800000
v 3.480160 0.792480 -2.800000
v 3.544560 0.694200 -2.800000
v 3.541660 0.696045 -2.800000
v 3.538956 0.697669 -2.800000
v 3.536409 0.699082 -2.800000
v 3.533982 0.700298 -2.800000
v 3.531637 0.701326 -2.800000
v 3.529335 0.702180 -2.800000
v 3.527039 0.702870 -2.800000
v 3.524711 0.703409 -2.800000
v 3.522313 0.703808 -2.800000
v 3.519807 0.704078 -2.800000
v 3.517155 0.704231 -2.800000
v 3.514320 0.704280 -2.800000
v 3.509874 0.704022 -2.800000
v 3.505657 0.703269 -2.800000
v 3.501698 0.702049 -2.800000
v 3.498028 0.700391 -2.800000
v 3.494677 0.698325 -2.800000
v 3.491675 0.695880 -2.800000
v 3.489052 0.693085 -2.800000
v 3.486838 0.689969 -2.800000
v 3.485064 0.686561 -2.800000
v 3.483760 0.682891 -2.800000
v 3.482955 0.678988 -2.800000
v 3.482680 0.674880 -2.800000
v 3.482933 0.670322 -2.800000
v 3.483677 0.666043 -2.800000
v 3.484889 0.662066 -2.800000
v 3.486548 0.658412 -2.800000
v 3.488631 0.655104 -2.800000
v 3.491115 0.652165 -2.800000
v 3.493978 0.649617 -2.800000
v 3.497198 0.647482 -2.800000
v 3.500753 0.645782 -2.800000
v 3.504620 0.644540 -2.800000
v 3.508776 0.643779 -2.800000
v 3.513200 0.643520 -2.800000
v 3.518132 0.643918 -2.800000
v 3.522931 0.645096 -2.800000
v 3.527511 0.647029 -2.800000
v 3.531784 0.649690 -2.800000
v 3.535664 0.653056 -2.800000
v 3.539065 0.657100 -2.800000
v 3.541900 0.661797 -2.800000
v 3.544083 0.667123 -2.800000
v 3.545527 0.673051 -2.800000
v 3.546145 0.679557 -2.800000
v 3.545852 0.686615 -2.800000
v 3.590200 0.810960 -2.800000
v 3.749800 0.810960 -2.800000
v 3.749800 0.786320 -2.800000
v 3.683720 0.786320 -2.800000
v 3.683720 0.620000 -2.800000
v 3.656280 0.620000 -2.800000
v 3.656280 0.786320 -2.800000
v 3.590200 0.786320 -2.800000
vn -0.0000 -0.0000 1.0000
vt 0.625000 0.000000
vt 0.500000 0.000000
vt 0.616667 0.000000
vt 0.633333 0.000000
vt 0.141667 0.000000
vt 0.150000 0.000000
vt 0.958333 0.000000
vt 0.966667 0.000000
vt 0.133333 0.000000
vt 0.125000 0.000000
vt 0.975000 0.000000
vt 0.116667 0.000000
vt 0.983333 0.000000
vt 0.108333 0.000000
vt 0.991667 0.000000
vt 0.100000 0.000000
vt 1.000000 0.000000
vt 0.091667 0.000000
vt 0.608333 0.000000
vt 0.083333 0.000000
vt 0.075000 0.000000
vt 0.066667 0.000000
vt 0.700000 0.000000
vt 0.425000 0.000000
vt 0.433333 0.000000
vt 0.450000 0.000000
vt 0.683333 0.000000
vt 0.691667 0.000000
vt 0.441667 0.000000
vt 0.191667 0.000000
vt 0.916667 0.000000
vt 0.183333 0.000000
vt 0.925000 0.000000
vt 0.475000 0.000000
vt 0.483333 0.000000
vt 0.666667 0.000000
vt 0.675000 0.000000
vt 0.466667 0.000000
vt 0.458333 0.000000
vt 0.175000 0.000000
vt 0.933333 0.000000
vt 0.166667 0.000000
vt 0.941667 0.000000
vt 0.158333 0.000000
vt 0.950000 0.000000
vt 0.641667 0.000000
vt 0.650000 0.000000
vt 0.658333 0.000000
vt 0.491667 0.000000
vt 0.508333 0.000000
vt 0.058333 0.000000
vt 0.516667 0.000000
vt 0.050000 0.000000
vt 0.525000 0.000000
vt 0.533333 0.000000
vt 0.041667 0.000000
vt 0.541667 0.000000
vt 0.033333 0.000000
vt 0.416667 0.000000
vt 0.708333 0.000000
vt 0.408333 0.000000
vt 0.208333 0.000000
vt 0.891667 0.000000
vt 0.900000 0.000000
vt 0.200000 0.000000
vt 0.908333 0.000000
vt 0.716667 0.000000
vt 0.400000 0.000000
vt 0.883333 0.000000
vt 0.216667 0.000000
vt 0.225000 0.000000
vt 0.875000 0.000000
vt 0.733333 0.000000
vt 0.383333 0.000000
vt 0.725000 0.000000
vt 0.391667 0.000000
vt 0.575000 0.000000
vt 0.583333 0.000000
vt 0.008333 0.000000
vt 0.250000 0.000000
vt 0.258333 0.000000
vt 0.850000 0.000000
vt 0.841667 0.000000
vt 0.266667 0.000000
vt 0.833333 0.000000
vt 0.275000 0.000000
vt 0.825000 0.000000
vt 0.283333 0.000000
vt 0.816667 0.000000
vt 0.291667 0.000000
vt 0.300000 0.000000
vt 0.808333 0.000000
vt 0.308333 0.000000
vt 0.800000 0.000000
vt 0.316667 0.000000
vt 0.791667 0.000000
vt 0.325000 0.000000
vt 0.783333 0.000000
vt 0.333333 0.000000
vt 0.775000 0.000000
vt 0.341667 0.000000
vt 0.766667 0.000000
vt 0.350000 0.000000
vt 0.233333 0.000000
vt 0.866667 0.000000
vt 0.241667 0.000000
vt 0.858333 0.000000
vt 0.758333 0.000000
vt 0.358333 0.000000
vt 0.750000 0.000000
vt 0.366667 0.000000
vt 0.741667 0.000000
vt 0.375000 0.000000
vt 0.591667 0.000000
vt 0.000000 0.000000
vt 0.600000 0.000000
vt 0.550000 0.000000
vt 0.025000 0.000000
vt 0.558333 0.000000
vt 0.566667 0.000000
vt 0.016667 0.000000
vt 0.142857 0.000000
vt 0.285714 0.000000
vt 0.428571 0.000000
vt 0.857143 0.000000
vt 0.571429 0.000000
vt 0.714286 0.000000
s 0
usemtl Table_6_Label_mat
f 2348/3163/775 2347/3165/775 2333/3164/775
f 2333/3164/775 2349/3166/775 2348/3163/775
f 2290/3167/775 2388/3169/775 2291/3168/775
f 2388/3169/775 2290/3167/775 2389/3170/775
f 2289/3171/775 2389/3170/775 2290/3167/775
f 2288/3172/775 2389/3170/775 2289/3171/775
f 2389/3170/775 2288/3172/775 2390/3173/775
f 2287/3174/775 2390/3173/775 2288/3172/775
f 2390/3173/775 2287/3174/775 2391/3175/775
f 2286/3176/775 2391/3175/775 2287/3174/775
f 2391/3175/775 2286/3176/775 2392/3177/775
f 2285/3178/775 2392/3177/775 2286/3176/775
f 2392/3177/775 2285/3178/775 2393/3179/775
f 2284/3180/775 2393/3179/775 2285/3178/775
f 2393/3179/775 2284/3180/775 2346/3181/775
f 2283/3182/775 2346/3181/775 2284/3180/775
f 2346/3181/775 2283/3182/775 2347/3165/775
f 2347/3165/775 2283/3182/775 2333/3164/775
f 2282/3183/775 2333/3164/775 2283/3182/775
f 2281/3184/775 2333/3164/775 2282/3183/775
f 2357/3185/775 2325/3187/775 2324/3186/775
f 2327/3188/775 2356/3190/775 2355/3189/775
f 2326/3191/775 2356/3190/775 2327/3188/775
f 2356/3190/775 2326/3191/775 2357/3185/775
f 2357/3185/775 2326/3191/775 2325/3187/775
f 2296/3192/775 2295/3194/775 2383/3193/775
f 2383/3193/775 2295/3194/775 2384/3195/775
f 2330/3196/775 2353/3198/775 2331/3197/775
f 2353/3198/775 2330/3196/775 2354/3199/775
f 2329/3200/775 2354/3199/775 2330/3196/775
f 2354/3199/775 2329/3200/775 2355/3189/775
f 2328/3201/775 2355/3189/775 2329/3200/775
f 2355/3189/775 2328/3201/775 2327/3188/775
f 2295/3194/775 2294/3202/775 2384/3195/775
f 2384/3195/775 2294/3202/775 2385/3203/775
f 2293/3204/775 2385/3203/775 2294/3202/775
f 2385/3203/775 2293/3204/775 2386/3205/775
f 2292/3206/775 2386/3205/775 2293/3204/775
f 2386/3205/775 2292/3206/775 2387/3207/775
f 2291/3168/775 2387/3207/775 2292/3206/775
f 2388/3169/775 2387/3207/775 2291/3168/775
f 2333/3164/775 2350/3208/775 2349/3166/775
f 2350/3208/775 2333/3164/775 2351/3209/775
f 2351/3209/775 2333/3164/775 2352/3210/775
f 2332/3211/775 2352/3210/775 2333/3164/775
f 2352/3210/775 2332/3211/775 2353/3198/775
f 2353/3198/775 2332/3211/775 2331/3197/775
f 2281/3184/775 2334/3212/775 2333/3164/775
f 2280/3213/775 2334/3212/775 2281/3184/775
f 2334/3212/775 2280/3213/775 2335/3214/775
f 2279/3215/775 2335/3214/775 2280/3213/775
f 2335/3214/775 2279/3215/775 2336/3216/775
f 2336/3216/775 2279/3215/775 2337/3217/775
f 2278/3218/775 2337/3217/775 2279/3215/775
f 2337/3217/775 2278/3218/775 2338/3219/775
f 2277/3220/775 2338/3219/775 2278/3218/775
f 2323/3221/775 2322/3223/775 2358/3222/775
f 2298/3224/775 2381/3226/775 2380/3225/775
f 2298/3224/775 2297/3227/775 2381/3226/775
f 2382/3228/775 2381/3226/775 2297/3227/775
f 2322/3223/775 2359/3229/775 2358/3222/775
f 2359/3229/775 2322/3223/775 2321/3230/775
f 2379/3231/775 2300/3233/775 2299/3232/775
f 2378/3234/775 2300/3233/775 2379/3231/775
f 2380/3225/775 2299/3232/775 2298/3224/775
f 2299/3232/775 2380/3225/775 2379/3231/775
f 2361/3235/775 2360/3237/775 2319/3236/775
f 2319/3236/775 2360/3237/775 2320/3238/775
f 2359/3229/775 2320/3238/775 2360/3237/775
f 2321/3230/775 2320/3238/775 2359/3229/775
f 2342/3239/775 2274/3241/775 2343/3240/775
f 2303/3242/775 2375/3244/775 2304/3243/775
f 2374/3245/775 2304/3243/775 2375/3244/775
f 2304/3243/775 2374/3245/775 2305/3246/775
f 2373/3247/775 2305/3246/775 2374/3245/775
f 2305/3246/775 2373/3247/775 2306/3248/775
f 2372/3249/775 2306/3248/775 2373/3247/775
f 2306/3248/775 2372/3249/775 2307/3250/775
f 2371/3251/775 2307/3250/775 2372/3249/775
f 2307/3250/775 2371/3251/775 2308/3252/775
f 2308/3252/775 2371/3251/775 2309/3253/775
f 2370/3254/775 2309/3253/775 2371/3251/775
f 2309/3253/775 2370/3254/775 2310/3255/775
f 2369/3256/775 2310/3255/775 2370/3254/775
f 2310/3255/775 2369/3256/775 2311/3257/775
f 2368/3258/775 2311/3257/775 2369/3256/775
f 2311/3257/775 2368/3258/775 2312/3259/775
f 2367/3260/775 2312/3259/775 2368/3258/775
f 2312/3259/775 2367/3260/775 2313/3261/775
f 2366/3262/775 2313/3261/775 2367/3260/775
f 2313/3261/775 2366/3262/775 2314/3263/775
f 2365/3264/775 2314/3263/775 2366/3262/775
f 2314/3263/775 2365/3264/775 2315/3265/775
f 2378/3234/775 2301/3266/775 2300/3233/775
f 2377/3267/775 2301/3266/775 2378/3234/775
f 2301/3266/775 2377/3267/775 2302/3268/775
f 2376/3269/775 2302/3268/775 2377/3267/775
f 2302/3268/775 2376/3269/775 2303/3242/775
f 2303/3242/775 2376/3269/775 2375/3244/775
f 2365/3264/775 2364/3270/775 2315/3265/775
f 2315/3265/775 2364/3270/775 2316/3271/775
f 2363/3272/775 2316/3271/775 2364/3270/775
f 2316/3271/775 2363/3272/775 2317/3273/775
f 2362/3274/775 2317/3273/775 2363/3272/775
f 2317/3273/775 2362/3274/775 2318/3275/775
f 2361/3235/775 2318/3275/775 2362/3274/775
f 2319/3236/775 2318/3275/775 2361/3235/775
f 2274/3241/775 2344/3276/775 2343/3240/775
f 2273/3277/775 2344/3276/775 2274/3241/775
f 2344/3276/775 2273/3277/775 2345/3278/775
f 2297/3227/775 2296/3192/775 2382/3228/775
f 2383/3193/775 2382/3228/775 2296/3192/775
f 2324/3186/775 2358/3222/775 2357/3185/775
f 2358/3222/775 2324/3186/775 2323/3221/775
f 2277/3220/775 2339/3279/775 2338/3219/775
f 2276/3280/775 2339/3279/775 2277/3220/775
f 2339/3279/775 2276/3280/775 2340/3281/775
f 2340/3281/775 2276/3280/775 2341/3282/775
f 2275/3283/775 2341/3282/775 2276/3280/775
f 2341/3282/775 2275/3283/775 2342/3239/775
f 2342/3239/775 2275/3283/775 2274/3241/775
f 2395/3284/775 2397/3286/775 2396/3285/775
f 2401/3179/775 2400/3287/775 2394/3277/775
f 2397/3286/775 2399/3289/775 2398/3288/775
f 2399/3289/775 2397/3286/775 2400/3287/775
f 2395/3284/775 2400/3287/775 2397/3286/775
f 2400/3287/775 2395/3284/775 2394/3277/775
o Corner_Plant_1_Pot
v -4.800000 0.000000 -4.220000
v -4.800000 0.360000 -4.220000
v -4.757081 0.000000 -4.215773
v -4.757081 0.360000 -4.215773
v -4.715810 0.000000 -4.203253
v -4.715810 0.360000 -4.203253
v -4.677775 0.000000 -4.182923
v -4.677775 0.360000 -4.182923
v -4.644437 0.000000 -4.155563
v -4.644437 0.360000 -4.155563
v -4.617077 0.000000 -4.122225
v -4.617077 0.360000 -4.122225
v -4.596747 0.000000 -4.084190
v -4.596747 0.360000 -4.084190
v -4.584228 0.000000 -4.042920
v -4.584228 0.360000 -4.042920
v -4.580000 0.000000 -4.000000
v -4.580000 0.360000 -4.000000
v -4.584228 0.000000 -3.957080
v -4.584228 0.360000 -3.957080
v -4.596747 0.000000 -3.915810
v -4.596747 0.360000 -3.915810
v -4.617077 0.000000 -3.877774
v -4.617077 0.360000 -3.877774
v -4.644437 0.000000 -3.844436
v -4.644437 0.360000 -3.844436
v -4.677775 0.000000 -3.817077
v -4.677775 0.360000 -3.817077
v -4.715810 0.000000 -3.796746
v -4.715810 0.360000 -3.796746
v -4.757081 0.000000 -3.784227
v -4.757081 0.360000 -3.784227
v -4.800000 0.000000 -3.780000
v -4.800000 0.360000 -3.780000
v -4.842920 0.000000 -3.784227
v -4.842920 0.360000 -3.784227
v -4.884191 0.000000 -3.796746
v -4.884191 0.360000 -3.796746
v -4.922225 0.000000 -3.817077
v -4.922225 0.360000 -3.817077
v -4.955564 0.000000 -3.844436
v -4.955564 0.360000 -3.844436
v -4.982924 0.000000 -3.877774
v -4.982924 0.360000 -3.877774
v -5.003253 0.000000 -3.915810
v -5.003253 0.360000 -3.915810
v -5.015773 0.000000 -3.957080
v -5.015773 0.360000 -3.957080
v -5.020000 0.000000 -4.000000
v -5.020000 0.360000 -4.000000
v -5.015773 0.000000 -4.042920
v -5.015773 0.360000 -4.042920
v -5.003253 0.000000 -4.084190
v -5.003253 0.360000 -4.084190
v -4.982924 0.000000 -4.122225
v -4.982924 0.360000 -4.122225
v -4.955564 0.000000 -4.155563
v -4.955564 0.360000 -4.155563
v -4.922225 0.000000 -4.182923
v -4.922225 0.360000 -4.182923
v -4.884191 0.000000 -4.203253
v -4.884191 0.360000 -4.203253
v -4.842920 0.000000 -4.215773
v -4.842920 0.360000 -4.215773
vn 0.0980 -0.0000 -0.9952
vn 0.2903 -0.0000 -0.9569
vn 0.4714 -0.0000 -0.8819
vn 0.6344 -0.0000 -0.7730
vn 0.7730 -0.0000 -0.6344
vn 0.8819 -0.0000 -0.4714
vn 0.9569 -0.0000 -0.2903
vn 0.9952 -0.0000 -0.0980
vn 0.9952 -0.0000 0.0980
vn 0.9569 -0.0000 0.2903
vn 0.8819 -0.0000 0.4714
vn 0.7730 -0.0000 0.6344
vn 0.6344 -0.0000 0.7730
vn 0.4714 -0.0000 0.8819
vn 0.2903 -0.0000 0.9569
vn 0.0980 -0.0000 0.9952
vn -0.0980 -0.0000 0.9952
vn -0.2903 -0.0000 0.9569
vn -0.4714 -0.0000 0.8819
vn -0.6344 -0.0000 0.7730
vn -0.7730 -0.0000 0.6344
vn -0.8819 -0.0000 0.4714
vn -0.9569 -0.0000 0.2903
vn -0.9952 -0.0000 0.0980
vn -0.9952 -0.0000 -0.0980
vn -0.9569 -0.0000 -0.2903
vn -0.8819 -0.0000 -0.4714
vn -0.7730 -0.0000 -0.6344
vn -0.6344 -0.0000 -0.7730
vn -0.4714 -0.0000 -0.8819
vn -0.0000 1.0000 -0.0000
vn -0.2903 -0.0000 -0.9569
vn -0.0980 -0.0000 -0.9952
vn -0.0000 -1.0000 -0.0000
vt 1.000000 0.500000
vt 1.000000 1.000000
vt 0.968750 1.000000
vt 0.968750 0.500000
vt 0.937500 1.000000
vt 0.937500 0.500000
vt 0.906250 1.000000
vt 0.906250 0.500000
vt 0.875000 1.000000
vt 0.875000 0.500000
vt 0.843750 1.000000
vt 0.843750 0.500000
vt 0.812500 1.000000
vt 0.812500 0.500000
vt 0.781250 1.000000
vt 0.781250 0.500000
vt 0.750000 1.000000
vt 0.750000 0.500000
vt 0.718750 1.000000
vt 0.718750 0.500000
vt 0.687500 1.000000
vt 0.687500 0.500000
vt 0.656250 1.000000
vt 0.656250 0.500000
vt 0.625000 1.000000
vt 0.625000 0.500000
vt 0.593750 1.000000
vt 0.593750 0.500000
vt 0.562500 1.000000
vt 0.562500 0.500000
vt 0.531250 1.000000
vt 0.531250 0.500000
vt 0.500000 1.000000
vt 0.500000 0.500000
vt 0.468750 1.000000
vt 0.468750 0.500000
vt 0.437500 1.000000
vt 0.437500 0.500000
vt 0.406250 1.000000
vt 0.406250 0.500000
vt 0.375000 1.000000
vt 0.375000 0.500000
vt 0.343750 1.000000
vt 0.343750 0.500000
vt 0.312500 1.000000
vt 0.312500 0.500000
vt 0.281250 1.000000
vt 0.281250 0.500000
vt 0.250000 1.000000
vt 0.250000 0.500000
vt 0.218750 1.000000
vt 0.218750 0.500000
vt 0.187500 1.000000
vt 0.187500 0.500000
vt 0.156250 1.000000
vt 0.156250 0.500000
vt 0.125000 1.000000
vt 0.125000 0.500000
vt 0.093750 1.000000
vt 0.093750 0.500000
vt 0.062500 1.000000
vt 0.062500 0.500000
vt 0.296822 0.485388
vt 0.250000 0.490000
vt 0.203178 0.485388
vt 0.158156 0.471731
vt 0.116663 0.449553
vt 0.080294 0.419706
vt 0.050447 0.383337
vt 0.028269 0.341844
vt 0.014612 0.296822
vt 0.010000 0.250000
vt 0.014612 0.203178
vt 0.028269 0.158156
vt 0.050447 0.116663
vt 0.080294 0.080294
vt 0.116663 0.050447
vt 0.158156 0.028269
vt 0.203178 0.014612
vt 0.250000 0.010000
vt 0.296822 0.014612
vt 0.341844 0.028269
vt 0.383337 0.050447
vt 0.419706 0.080294
vt 0.449553 0.116663
vt 0.471731 0.158156
vt 0.485388 0.203178
vt 0.490000 0.250000
vt 0.485388 0.296822
vt 0.471731 0.341844
vt 0.449553 0.383337
vt 0.419706 0.419706
vt 0.383337 0.449553
vt 0.341844 0.471731
vt 0.031250 1.000000
vt 0.031250 0.500000
vt 0.000000 1.000000
vt 0.000000 0.500000
vt 0.750000 0.490000
vt 0.796822 0.485388
vt 0.841844 0.471731
vt 0.883337 0.449553
vt 0.919706 0.419706
vt 0.949553 0.383337
vt 0.971731 0.341844
vt 0.985388 0.296822
vt 0.990000 0.250000
vt 0.985388 0.203178
vt 0.971731 0.158156
vt 0.949553 0.116663
vt 0.919706 0.080294
vt 0.883337 0.050447
vt 0.841844 0.028269
vt 0.796822 0.014612
vt 0.750000 0.010000
vt 0.703178 0.014612
vt 0.658156 0.028269
vt 0.616663 0.050447
vt 0.580294 0.080294
vt 0.550447 0.116663
vt 0.528269 0.158156
vt 0.514612 0.203178
vt 0.510000 0.250000
vt 0.514612 0.296822
vt 0.528269 0.341844
vt 0.550447 0.383337
vt 0.580294 0.419706
vt 0.616663 0.449553
vt 0.658156 0.471731
vt 0.703178 0.485388
s 0
usemtl Corner_Plant_1_Pot_mat
f 2402/3290/776 2403/3291/776 2405/3292/776 2404/3293/776
f 2404/3293/777 2405/3292/777 2407/3294/777 2406/3295/777
f 2406/3295/778 2407/3294/778 2409/3296/778 2408/3297/778
f 2408/3297/779 2409/3296/779 2411/3298/779 2410/3299/779
f 2410/3299/780 2411/3298/780 2413/3300/780 2412/3301/780
f 2412/3301/781 2413/3300/781 2415/3302/781 2414/3303/781
f 2414/3303/782 2415/3302/782 2417/3304/782 2416/3305/782
f 2416/3305/783 2417/3304/783 2419/3306/783 2418/3307/783
f 2418/3307/784 2419/3306/784 2421/3308/784 2420/3309/784
f 2420/3309/785 2421/3308/785 2423/3310/785 2422/3311/785
f 2422/3311/786 2423/3310/786 2425/3312/786 2424/3313/786
f 2424/3313/787 2425/3312/787 2427/3314/787 2426/3315/787
f 2426/3315/788 2427/3314/788 2429/3316/788 2428/3317/788
f 2428/3317/789 2429/3316/789 2431/3318/789 2430/3319/789
f 2430/3319/790 2431/3318/790 2433/3320/790 2432/3321/790
f 2432/3321/791 2433/3320/791 2435/3322/791 2434/3323/791
f 2434/3323/792 2435/3322/792 2437/3324/792 2436/3325/792
f 2436/3325/793 2437/3324/793 2439/3326/793 2438/3327/793
f 2438/3327/794 2439/3326/794 2441/3328/794 2440/3329/794
f 2440/3329/795 2441/3328/795 2443/3330/795 2442/3331/795
f 2442/3331/796 2443/3330/796 2445/3332/796 2444/3333/796
f 2444/3333/797 2445/3332/797 2447/3334/797 2446/3335/797
f 2446/3335/798 2447/3334/798 2449/3336/798 2448/3337/798
f 2448/3337/799 2449/3336/799 2451/3338/799 2450/3339/799
f 2450/3339/800 2451/3338/800 2453/3340/800 2452/3341/800
f 2452/3341/801 2453/3340/801 2455/3342/801 2454/3343/801
f 2454/3343/802 2455/3342/802 2457/3344/802 2456/3345/802
f 2456/3345/803 2457/3344/803 2459/3346/803 2458/3347/803
f 2458/3347/804 2459/3346/804 2461/3348/804 2460/3349/804
f 2460/3349/805 2461/3348/805 2463/3350/805 2462/3351/805
f 2405/3352/806 2403/3353/806 2465/3354/806 2463/3355/806 2461/3356/806 2459/3357/806 2457/3358/806 2455/3359/806 2453/3360/806 2451/3361/806 2449/3362/806 2447/3363/806 2445/3364/806 2443/3365/806 2441/3366/806 2439/3367/806 2437/3368/806 2435/3369/806 2433/3370/806 2431/3371/806 2429/3372/806 2427/3373/806 2425/3374/806 2423/3375/806 2421/3376/806 2419/3377/806 2417/3378/806 2415/3379/806 2413/3380/806 2411/3381/806 2409/3382/806 2407/3383/806
f 2462/3351/807 2463/3350/807 2465/3384/807 2464/3385/807
f 2464/3385/808 2465/3384/808 2403/3386/808 2402/3387/808
f 2402/3388/809 2404/3389/809 2406/3390/809 2408/3391/809 2410/3392/809 2412/3393/809 2414/3394/809 2416/3395/809 2418/3396/809 2420/3397/809 2422/3398/809 2424/3399/809 2426/3400/809 2428/3401/809 2430/3402/809 2432/3403/809 2434/3404/809 2436/3405/809 2438/3406/809 2440/3407/809 2442/3408/809 2444/3409/809 2446/3410/809 2448/3411/809 2450/3412/809 2452/3413/809 2454/3414/809 2456/3415/809 2458/3416/809 2460/3417/809 2462/3418/809 2464/3419/809
o Corner_Plant_1_Leaves
v -4.800000 0.345000 -4.350000
v -4.800000 0.895000 -4.350000
v -4.666061 0.345000 -4.323358
v -4.666061 0.895000 -4.323358
v -4.552513 0.345000 -4.247488
v -4.552513 0.895000 -4.247488
v -4.476643 0.345000 -4.133939
v -4.476643 0.895000 -4.133939
v -4.450000 0.345000 -4.000000
v -4.450000 0.895000 -4.000000
v -4.476643 0.345000 -3.866061
v -4.476643 0.895000 -3.866061
v -4.552513 0.345000 -3.752513
v -4.552513 0.895000 -3.752513
v -4.666061 0.345000 -3.676642
v -4.666061 0.895000 -3.676642
v -4.800000 0.345000 -3.650000
v -4.800000 0.895000 -3.650000
v -4.933939 0.345000 -3.676642
v -4.933939 0.895000 -3.676642
v -5.047488 0.345000 -3.752513
v -5.047488 0.895000 -3.752513
v -5.123358 0.345000 -3.866061
v -5.123358 0.895000 -3.866061
v -5.150000 0.345000 -4.000000
v -5.150000 0.895000 -4.000000
v -5.123358 0.345000 -4.133939
v -5.123358 0.895000 -4.133939
v -5.047488 0.345000 -4.247488
v -5.047488 0.895000 -4.247488
v -4.933939 0.345000 -4.323358
v -4.933939 0.895000 -4.323358
vn 0.1951 -0.0000 -0.9808
vn 0.5556 -0.0000 -0.8315
vn 0.8315 -0.0000 -0.5556
vn 0.9808 -0.0000 -0.1951
vn 0.9808 -0.0000 0.1951
vn 0.8315 -0.0000 0.5556
vn 0.5556 -0.0000 0.8315
vn 0.1951 -0.0000 0.9808
vn -0.1951 -0.0000 0.9808
vn -0.5556 -0.0000 0.8315
vn -0.8315 -0.0000 0.5556
vn -0.9808 -0.0000 0.1951
vn -0.9808 -0.0000 -0.1951
vn -0.8315 -0.0000 -0.5556
vn -0.0000 1.0000 -0.0000
vn -0.5556 -0.0000 -0.8315
vn -0.1951 -0.0000 -0.9808
vn -0.0000 -1.0000 -0.0000
vt 1.000000 0.500000
vt 1.000000 1.000000
vt 0.937500 1.000000
vt 0.937500 0.500000
vt 0.875000 1.000000
vt 0.875000 0.500000
vt 0.812500 1.000000
vt 0.812500 0.500000
vt 0.750000 1.000000
vt 0.750000 0.500000
vt 0.687500 1.000000
vt 0.687500 0.500000
vt 0.625000 1.000000
vt 0.625000 0.500000
vt 0.562500 1.000000
vt 0.562500 0.500000
vt 0.500000 1.000000
vt 0.500000 0.500000
vt 0.437500 1.000000
vt 0.437500 0.500000
vt 0.375000 1.000000
vt 0.375000 0.500000
vt 0.312500 1.000000
vt 0.312500 0.500000
vt 0.250000 1.000000
vt 0.250000 0.500000
vt 0.187500 1.000000
vt 0.187500 0.500000
vt 0.125000 1.000000
vt 0.125000 0.500000
vt 0.341844 0.471731
vt 0.250000 0.490000
vt 0.158156 0.471731
vt 0.080294 0.419706
vt 0.028269 0.341844
vt 0.010000 0.250000
vt 0.028269 0.158156
vt 0.080294 0.080294
vt 0.158156 0.028269
vt 0.250000 0.010000
vt 0.341844 0.028269
vt 0.419706 0.080294
vt 0.471731 0.158156
vt 0.490000 0.250000
vt 0.471731 0.341844
vt 0.419706 0.419706
vt 0.062500 1.000000
vt 0.062500 0.500000
vt 0.000000 1.000000
vt 0.000000 0.500000
vt 0.750000 0.490000
vt 0.841844 0.471731
vt 0.919706 0.419706
vt 0.971731 0.341844
vt 0.990000 0.250000
vt 0.971731 0.158156
vt 0.919706 0.080294
vt 0.841844 0.028269
vt 0.750000 0.010000
vt 0.658156 0.028269
vt 0.580294 0.080294
vt 0.528269 0.158156
vt 0.510000 0.250000
vt 0.528269 0.341844
vt 0.580294 0.419706
vt 0.658156 0.471731
s 0
usemtl Corner_Plant_1_Leaves_mat
f 2466/3420/810 2467/3421/810 2469/3422/810 2468/3423/810
f 2468/3423/811 2469/3422/811 2471/3424/811 2470/3425/811
f 2470/3425/812 2471/3424/812 2473/3426/812 2472/3427/812
f 2472/3427/813 2473/3426/813 2475/3428/813 2474/3429/813
f 2474/3429/814 2475/3428/814 2477/3430/814 2476/3431/814
f 2476/3431/815 2477/3430/815 2479/3432/815 2478/3433/815
f 2478/3433/816 2479/3432/816 2481/3434/816 2480/3435/816
f 2480/3435/817 2481/3434/817 2483/3436/817 2482/3437/817
f 2482/3437/818 2483/3436/818 2485/3438/818 2484/3439/818
f 2484/3439/819 2485/3438/819 2487/3440/819 2486/3441/819
f 2486/3441/820 2487/3440/820 2489/3442/820 2488/3443/820
f 2488/3443/821 2489/3442/821 2491/3444/821 2490/3445/821
f 2490/3445/822 2491/3444/822 2493/3446/822 2492/3447/822
f 2492/3447/823 2493/3446/823 2495/3448/823 2494/3449/823
f 2469/3450/824 2467/3451/824 2497/3452/824 2495/3453/824 2493/3454/824 2491/3455/824 2489/3456/824 2487/3457/824 2485/3458/824 2483/3459/824 2481/3460/824 2479/3461/824 2477/3462/824 2475/3463/824 2473/3464/824 2471/3465/824
f 2494/3449/825 2495/3448/825 2497/3466/825 2496/3467/825
f 2496/3467/826 2497/3466/826 2467/3468/826 2466/3469/826
f 2466/3470/827 2468/3471/827 2470/3472/827 2472/3473/827 2474/3474/827 2476/3475/827 2478/3476/827 2480/3477/827 2482/3478/827 2484/3479/827 2486/3480/827 2488/3481/827 2490/3482/827 2492/3483/827 2494/3484/827 2496/3485/827
o Corner_Plant_2_Pot
v 4.800000 0.000000 -4.220000
v 4.800000 0.360000 -4.220000
v 4.842920 0.000000 -4.215773
v 4.842920 0.360000 -4.215773
v 4.884191 0.000000 -4.203253
v 4.884191 0.360000 -4.203253
v 4.922225 0.000000 -4.182923
v 4.922225 0.360000 -4.182923
v 4.955564 0.000000 -4.155563
v 4.955564 0.360000 -4.155563
v 4.982924 0.000000 -4.122225
v 4.982924 0.360000 -4.122225
v 5.003253 0.000000 -4.084190
v 5.003253 0.360000 -4.084190
v 5.015773 0.000000 -4.042920
v 5.015773 0.360000 -4.042920
v 5.020000 0.000000 -4.000000
v 5.020000 0.360000 -4.000000
v 5.015773 0.000000 -3.957080
v 5.015773 0.360000 -3.957080
v 5.003253 0.000000 -3.915810
v 5.003253 0.360000 -3.915810
v 4.982924 0.000000 -3.877774
v 4.982924 0.360000 -3.877774
v 4.955564 0.000000 -3.844436
v 4.955564 0.360000 -3.844436
v 4.922225 0.000000 -3.817077
v 4.922225 0.360000 -3.817077
v 4.884191 0.000000 -3.796746
v 4.884191 0.360000 -3.796746
v 4.842920 0.000000 -3.784227
v 4.842920 0.360000 -3.784227
v 4.800000 0.000000 -3.780000
v 4.800000 0.360000 -3.780000
v 4.757081 0.000000 -3.784227
v 4.757081 0.360000 -3.784227
v 4.715810 0.000000 -3.796746
v 4.715810 0.360000 -3.796746
v 4.677775 0.000000 -3.817077
v 4.677775 0.360000 -3.817077
v 4.644437 0.000000 -3.844436
v 4.644437 0.360000 -3.844436
v 4.617077 0.000000 -3.877774
v 4.617077 0.360000 -3.877774
v 4.596747 0.000000 -3.915810
v 4.596747 0.360000 -3.915810
v 4.584228 0.000000 -3.957080
v 4.584228 0.360000 -3.957080
v 4.580000 0.000000 -4.000000
v 4.580000 0.360000 -4.000000
v 4.584228 0.000000 -4.042920
v 4.584228 0.360000 -4.042920
v 4.596747 0.000000 -4.084190
v 4.596747 0.360000 -4.084190
v 4.617077 0.000000 -4.122225
v 4.617077 0.360000 -4.122225
v 4.644437 0.000000 -4.155563
v 4.644437 0.360000 -4.155563
v 4.677775 0.000000 -4.182923
v 4.677775 0.360000 -4.182923
v 4.715810 0.000000 -4.203253
v 4.715810 0.360000 -4.203253
v 4.757081 0.000000 -4.215773
v 4.757081 0.360000 -4.215773
vn 0.0980 -0.0000 -0.9952
vn 0.2903 -0.0000 -0.9569
vn 0.4714 -0.0000 -0.8819
vn 0.6344 -0.0000 -0.7730
vn 0.7730 -0.0000 -0.6344
vn 0.8819 -0.0000 -0.4714
vn 0.9569 -0.0000 -0.2903
vn 0.9952 -0.0000 -0.0980
vn 0.9952 -0.0000 0.0980
vn 0.9569 -0.0000 0.2903
vn 0.8819 -0.0000 0.4714
vn 0.7730 -0.0000 0.6344
vn 0.6344 -0.0000 0.7730
vn 0.4714 -0.0000 0.8819
vn 0.2903 -0.0000 0.9569
vn 0.0980 -0.0000 0.9952
vn -0.0980 -0.0000 0.9952
vn -0.2903 -0.0000 0.9569
vn -0.4714 -0.0000 0.8819
vn -0.6344 -0.0000 0.7730
vn -0.7730 -0.0000 0.6344
vn -0.8819 -0.0000 0.4714
vn -0.9569 -0.0000 0.2903
vn -0.9952 -0.0000 0.0980
vn -0.9952 -0.0000 -0.0980
vn -0.9569 -0.0000 -0.2903
vn -0.8819 -0.0000 -0.4714
vn -0.7730 -0.0000 -0.6344
vn -0.6344 -0.0000 -0.7730
vn -0.4714 -0.0000 -0.8819
vn -0.0000 1.0000 -0.0000
vn -0.2903 -0.0000 -0.9569
vn -0.0980 -0.0000 -0.9952
vn -0.0000 -1.0000 -0.0000
vt 1.000000 0.500000
vt 1.000000 1.000000
vt 0.968750 1.000000
vt 0.968750 0.500000
vt 0.937500 1.000000
vt 0.937500 0.500000
vt 0.906250 1.000000
vt 0.906250 0.500000
vt 0.875000 1.000000
vt 0.875000 0.500000
vt 0.843750 1.000000
vt 0.843750 0.500000
vt 0.812500 1.000000
vt 0.812500 0.500000
vt 0.781250 1.000000
vt 0.781250 0.500000
vt 0.750000 1.000000
vt 0.750000 0.500000
vt 0.718750 1.000000
vt 0.718750 0.500000
vt 0.687500 1.000000
vt 0.687500 0.500000
vt 0.656250 1.000000
vt 0.656250 0.500000
vt 0.625000 1.000000
vt 0.625000 0.500000
vt 0.593750 1.000000
vt 0.593750 0.500000
vt 0.562500 1.000000
vt 0.562500 0.500000
vt 0.531250 1.000000
vt 0.531250 0.500000
vt 0.500000 1.000000
vt 0.500000 0.500000
vt 0.468750 1.000000
vt 0.468750 0.500000
vt 0.437500 1.000000
vt 0.437500 0.500000
vt 0.406250 1.000000
vt 0.406250 0.500000
vt 0.375000 1.000000
vt 0.375000 0.500000
vt 0.343750 1.000000
vt 0.343750 0.500000
vt 0.312500 1.000000
vt 0.312500 0.500000
vt 0.281250 1.000000
vt 0.281250 0.500000
vt 0.250000 1.000000
vt 0.250000 0.500000
vt 0.218750 1.000000
vt 0.218750 0.500000
vt 0.187500 1.000000
vt 0.187500 0.500000
vt 0.156250 1.000000
vt 0.156250 0.500000
vt 0.125000 1.000000
vt 0.125000 0.500000
vt 0.093750 1.000000
vt 0.093750 0.500000
vt 0.062500 1.000000
vt 0.062500 0.500000
vt 0.296822 0.485388
vt 0.250000 0.490000
vt 0.203178 0.485388
vt 0.158156 0.471731
vt 0.116663 0.449553
vt 0.080294 0.419706
vt 0.050447 0.383337
vt 0.028269 0.341844
vt 0.014612 0.296822
vt 0.010000 0.250000
vt 0.014612 0.203178
vt 0.028269 0.158156
vt 0.050447 0.116663
vt 0.080294 0.080294
vt 0.116663 0.050447
vt 0.158156 0.028269
vt 0.203178 0.014612
vt 0.250000 0.010000
vt 0.296822 0.014612
vt 0.341844 0.028269
vt 0.383337 0.050447
vt 0.419706 0.080294
vt 0.449553 0.116663
vt 0.471731 0.158156
vt 0.485388 0.203178
vt 0.490000 0.250000
vt 0.485388 0.296822
vt 0.471731 0.341844
vt 0.449553 0.383337
vt 0.419706 0.419706
vt 0.383337 0.449553
vt 0.341844 0.471731
vt 0.031250 1.000000
vt 0.031250 0.500000
vt 0.000000 1.000000
vt 0.000000 0.500000
vt 0.750000 0.490000
vt 0.796822 0.485388
vt 0.841844 0.471731
vt 0.883337 0.449553
vt 0.919706 0.419706
vt 0.949553 0.383337
vt 0.971731 0.341844
vt 0.985388 0.296822
vt 0.990000 0.250000
vt 0.985388 0.203178
vt 0.971731 0.158156
vt 0.949553 0.116663
vt 0.919706 0.080294
vt 0.883337 0.050447
vt 0.841844 0.028269
vt 0.796822 0.014612
vt 0.750000 0.010000
vt 0.703178 0.014612
vt 0.658156 0.028269
vt 0.616663 0.050447
vt 0.580294 0.080294
vt 0.550447 0.116663
vt 0.528269 0.158156
vt 0.514612 0.203178
vt 0.510000 0.250000
vt 0.514612 0.296822
vt 0.528269 0.341844
vt 0.550447 0.383337
vt 0.580294 0.419706
vt 0.616663 0.449553
vt 0.658156 0.471731
vt 0.703178 0.485388
s 0
usemtl Corner_Plant_2_Pot_mat
f 2498/3486/828 2499/3487/828 2501/3488/828 2500/3489/828
f 2500/3489/829 2501/3488/829 2503/3490/829 2502/3491/829
f 2502/3491/830 2503/3490/830 2505/3492/830 2504/3493/830
f 2504/3493/831 2505/3492/831 2507/3494/831 2506/3495/831
f 2506/3495/832 2507/3494/832 2509/3496/832 2508/3497/832
f 2508/3497/833 2509/3496/833 2511/3498/833 2510/3499/833
f 2510/3499/834 2511/3498/834 2513/3500/834 2512/3501/834
f 2512/3501/835 2513/3500/835 2515/3502/835 2514/3503/835
f 2514/3503/836 2515/3502/836 2517/3504/836 2516/3505/836
f 2516/3505/837 2517/3504/837 2519/3506/837 2518/3507/837
f 2518/3507/838 2519/3506/838 2521/3508/838 2520/3509/838
f 2520/3509/839 2521/3508/839 2523/3510/839 2522/3511/839
f 2522/3511/840 2523/3510/840 2525/3512/840 2524/3513/840
f 2524/3513/841 2525/3512/841 2527/3514/841 2526/3515/841
f 2526/3515/842 2527/3514/842 2529/3516/842 2528/3517/842
f 2528/3517/843 2529/3516/843 2531/3518/843 2530/3519/843
f 2530/3519/844 2531/3518/844 2533/3520/844 2532/3521/844
f 2532/3521/845 2533/3520/845 2535/3522/845 2534/3523/845
f 2534/3523/846 2535/3522/846 2537/3524/846 2536/3525/846
f 2536/3525/847 2537/3524/847 2539/3526/847 2538/3527/847
f 2538/3527/848 2539/3526/848 2541/3528/848 2540/3529/848
f 2540/3529/849 2541/3528/849 2543/3530/849 2542/3531/849
f 2542/3531/850 2543/3530/850 2545/3532/850 2544/3533/850
f 2544/3533/851 2545/3532/851 2547/3534/851 2546/3535/851
f 2546/3535/852 2547/3534/852 2549/3536/852 2548/3537/852
f 2548/3537/853 2549/3536/853 2551/3538/853 2550/3539/853
f 2550/3539/854 2551/3538/854 2553/3540/854 2552/3541/854
f 2552/3541/855 2553/3540/855 2555/3542/855 2554/3543/855
f 2554/3543/856 2555/3542/856 2557/3544/856 2556/3545/856
f 2556/3545/857 2557/3544/857 2559/3546/857 2558/3547/857
f 2501/3548/858 2499/3549/858 2561/3550/858 2559/3551/858 2557/3552/858 2555/3553/858 2553/3554/858 2551/3555/858 2549/3556/858 2547/3557/858 2545/3558/858 2543/3559/858 2541/3560/858 2539/3561/858 2537/3562/858 2535/3563/858 2533/3564/858 2531/3565/858 2529/3566/858 2527/3567/858 2525/3568/858 2523/3569/858 2521/3570/858 2519/3571/858 2517/3572/858 2515/3573/858 2513/3574/858 2511/3575/858 2509/3576/858 2507/3577/858 2505/3578/858 2503/3579/858
f 2558/3547/859 2559/3546/859 2561/3580/859 2560/3581/859
f 2560/3581/860 2561/3580/860 2499/3582/860 2498/3583/860
f 2498/3584/861 2500/3585/861 2502/3586/861 2504/3587/861 2506/3588/861 2508/3589/861 2510/3590/861 2512/3591/861 2514/3592/861 2516/3593/861 2518/3594/861 2520/3595/861 2522/3596/861 2524/3597/861 2526/3598/861 2528/3599/861 2530/3600/861 2532/3601/861 2534/3602/861 2536/3603/861 2538/3604/861 2540/3605/861 2542/3606/861 2544/3607/861 2546/3608/861 2548/3609/861 2550/3610/861 2552/3611/861 2554/3612/861 2556/3613/861 2558/3614/861 2560/3615/861
o Corner_Plant_2_Leaves
v 4.800000 0.345000 -4.350000
v 4.800000 0.895000 -4.350000
v 4.933939 0.345000 -4.323358
v 4.933939 0.895000 -4.323358
v 5.047488 0.345000 -4.247488
v 5.047488 0.895000 -4.247488
v 5.123358 0.345000 -4.133939
v 5.123358 0.895000 -4.133939
v 5.150000 0.345000 -4.000000
v 5.150000 0.895000 -4.000000
v 5.123358 0.345000 -3.866061
v 5.123358 0.895000 -3.866061
v 5.047488 0.345000 -3.752513
v 5.047488 0.895000 -3.752513
v 4.933939 0.345000 -3.676642
v 4.933939 0.895000 -3.676642
v 4.800000 0.345000 -3.650000
v 4.800000 0.895000 -3.650000
v 4.666061 0.345000 -3.676642
v 4.666061 0.895000 -3.676642
v 4.552513 0.345000 -3.752513
v 4.552513 0.895000 -3.752513
v 4.476643 0.345000 -3.866061
v 4.476643 0.895000 -3.866061
v 4.450000 0.345000 -4.000000
v 4.450000 0.895000 -4.000000
v 4.476643 0.345000 -4.133939
v 4.476643 0.895000 -4.133939
v 4.552513 0.345000 -4.247488
v 4.552513 0.895000 -4.247488
v 4.666061 0.345000 -4.323358
v 4.666061 0.895000 -4.323358
vn 0.1951 -0.0000 -0.9808
vn 0.5556 -0.0000 -0.8315
vn 0.8315 -0.0000 -0.5556
vn 0.9808 -0.0000 -0.1951
vn 0.9808 -0.0000 0.1951
vn 0.8315 -0.0000 0.5556
vn 0.5556 -0.0000 0.8315
vn 0.1951 -0.0000 0.9808
vn -0.1951 -0.0000 0.9808
vn -0.5556 -0.0000 0.8315
vn -0.8315 -0.0000 0.5556
vn -0.9808 -0.0000 0.1951
vn -0.9808 -0.0000 -0.1951
vn -0.8315 -0.0000 -0.5556
vn -0.0000 1.0000 -0.0000
vn -0.5556 -0.0000 -0.8315
vn -0.1951 -0.0000 -0.9808
vn -0.0000 -1.0000 -0.0000
vt 1.000000 0.500000
vt 1.000000 1.000000
vt 0.937500 1.000000
vt 0.937500 0.500000
vt 0.875000 1.000000
vt 0.875000 0.500000
vt 0.812500 1.000000
vt 0.812500 0.500000
vt 0.750000 1.000000
vt 0.750000 0.500000
vt 0.687500 1.000000
vt 0.687500 0.500000
vt 0.625000 1.000000
vt 0.625000 0.500000
vt 0.562500 1.000000
vt 0.562500 0.500000
vt 0.500000 1.000000
vt 0.500000 0.500000
vt 0.437500 1.000000
vt 0.437500 0.500000
vt 0.375000 1.000000
vt 0.375000 0.500000
vt 0.312500 1.000000
vt 0.312500 0.500000
vt 0.250000 1.000000
vt 0.250000 0.500000
vt 0.187500 1.000000
vt 0.187500 0.500000
vt 0.125000 1.000000
vt 0.125000 0.500000
vt 0.341844 0.471731
vt 0.250000 0.490000
vt 0.158156 0.471731
vt 0.080294 0.419706
vt 0.028269 0.341844
vt 0.010000 0.250000
vt 0.028269 0.158156
vt 0.080294 0.080294
vt 0.158156 0.028269
vt 0.250000 0.010000
vt 0.341844 0.028269
vt 0.419706 0.080294
vt 0.471731 0.158156
vt 0.490000 0.250000
vt 0.471731 0.341844
vt 0.419706 0.419706
vt 0.062500 1.000000
vt 0.062500 0.500000
vt 0.000000 1.000000
vt 0.000000 0.500000
vt 0.750000 0.490000
vt 0.841844 0.471731
vt 0.919706 0.419706
vt 0.971731 0.341844
vt 0.990000 0.250000
vt 0.971731 0.158156
vt 0.919706 0.080294
vt 0.841844 0.028269
vt 0.750000 0.010000
vt 0.658156 0.028269
vt 0.580294 0.080294
vt 0.528269 0.158156
vt 0.510000 0.250000
vt 0.528269 0.341844
vt 0.580294 0.419706
vt 0.658156 0.471731
s 0
usemtl Corner_Plant_2_Leaves_mat
f 2562/3616/862 2563/3617/862 2565/3618/862 2564/3619/862
f 2564/3619/863 2565/3618/863 2567/3620/863 2566/3621/863
f 2566/3621/864 2567/3620/864 2569/3622/864 2568/3623/864
f 2568/3623/865 2569/3622/865 2571/3624/865 2570/3625/865
f 2570/3625/866 2571/3624/866 2573/3626/866 2572/3627/866
f 2572/3627/867 2573/3626/867 2575/3628/867 2574/3629/867
f 2574/3629/868 2575/3628/868 2577/3630/868 2576/3631/868
f 2576/3631/869 2577/3630/869 2579/3632/869 2578/3633/869
f 2578/3633/870 2579/3632/870 2581/3634/870 2580/3635/870
f 2580/3635/871 2581/3634/871 2583/3636/871 2582/3637/871
f 2582/3637/872 2583/3636/872 2585/3638/872 2584/3639/872
f 2584/3639/873 2585/3638/873 2587/3640/873 2586/3641/873
f 2586/3641/874 2587/3640/874 2589/3642/874 2588/3643/874
f 2588/3643/875 2589/3642/875 2591/3644/875 2590/3645/875
f 2565/3646/876 2563/3647/876 2593/3648/876 2591/3649/876 2589/3650/876 2587/3651/876 2585/3652/876 2583/3653/876 2581/3654/876 2579/3655/876 2577/3656/876 2575/3657/876 2573/3658/876 2571/3659/876 2569/3660/876 2567/3661/876
f 2590/3645/877 2591/3644/877 2593/3662/877 2592/3663/877
f 2592/3663/878 2593/3662/878 2563/3664/878 2562/3665/878
f 2562/3666/879 2564/3667/879 2566/3668/879 2568/3669/879 2570/3670/879 2572/3671/879 2574/3672/879 2576/3673/879 2578/3674/879 2580/3675/879 2582/3676/879 2584/3677/879 2586/3678/879 2588/3679/879 2590/3680/879 2592/3681/879
o Corner_Plant_3_Pot
v -4.800000 0.000000 3.380000
v -4.800000 0.360000 3.380000
v -4.757081 0.000000 3.384227
v -4.757081 0.360000 3.384227
v -4.715810 0.000000 3.396746
v -4.715810 0.360000 3.396746
v -4.677775 0.000000 3.417077
v -4.677775 0.360000 3.417077
v -4.644437 0.000000 3.444436
v -4.644437 0.360000 3.444436
v -4.617077 0.000000 3.477774
v -4.617077 0.360000 3.477774
v -4.596747 0.000000 3.515810
v -4.596747 0.360000 3.515810
v -4.584228 0.000000 3.557080
v -4.584228 0.360000 3.557080
v -4.580000 0.000000 3.600000
v -4.580000 0.360000 3.600000
v -4.584228 0.000000 3.642920
v -4.584228 0.360000 3.642920
v -4.596747 0.000000 3.684190
v -4.596747 0.360000 3.684190
v -4.617077 0.000000 3.722225
v -4.617077 0.360000 3.722225
v -4.644437 0.000000 3.755563
v -4.644437 0.360000 3.755563
v -4.677775 0.000000 3.782923
v -4.677775 0.360000 3.782923
v -4.715810 0.000000 3.803253
v -4.715810 0.360000 3.803253
v -4.757081 0.000000 3.815773
v -4.757081 0.360000 3.815773
v -4.800000 0.000000 3.820000
v -4.800000 0.360000 3.820000
v -4.842920 0.000000 3.815773
v -4.842920 0.360000 3.815773
v -4.884191 0.000000 3.803253
v -4.884191 0.360000 3.803253
v -4.922225 0.000000 3.782923
v -4.922225 0.360000 3.782923
v -4.955564 0.000000 3.755563
v -4.955564 0.360000 3.755563
v -4.982924 0.000000 3.722225
v -4.982924 0.360000 3.722225
v -5.003253 0.000000 3.684190
v -5.003253 0.360000 3.684190
v -5.015773 0.000000 3.642920
v -5.015773 0.360000 3.642920
v -5.020000 0.000000 3.600000
v -5.020000 0.360000 3.600000
v -5.015773 0.000000 3.557080
v -5.015773 0.360000 3.557080
v -5.003253 0.000000 3.515810
v -5.003253 0.360000 3.515810
v -4.982924 0.000000 3.477774
v -4.982924 0.360000 3.477774
v -4.955564 0.000000 3.444436
v -4.955564 0.360000 3.444436
v -4.922225 0.000000 3.417077
v -4.922225 0.360000 3.417077
v -4.884191 0.000000 3.396746
v -4.884191 0.360000 3.396746
v -4.842920 0.000000 3.384227
v -4.842920 0.360000 3.384227
vn 0.0980 -0.0000 -0.9952
vn 0.2903 -0.0000 -0.9569
vn 0.4714 -0.0000 -0.8819
vn 0.6344 -0.0000 -0.7730
vn 0.7730 -0.0000 -0.6344
vn 0.8819 -0.0000 -0.4714
vn 0.9569 -0.0000 -0.2903
vn 0.9952 -0.0000 -0.0980
vn 0.9952 -0.0000 0.0980
vn 0.9569 -0.0000 0.2903
vn 0.8819 -0.0000 0.4714
vn 0.7730 -0.0000 0.6344
vn 0.6344 -0.0000 0.7730
vn 0.4714 -0.0000 0.8819
vn 0.2903 -0.0000 0.9569
vn 0.0980 -0.0000 0.9952
vn -0.0980 -0.0000 0.9952
vn -0.2903 -0.0000 0.9569
vn -0.4714 -0.0000 0.8819
vn -0.6344 -0.0000 0.7730
vn -0.7730 -0.0000 0.6344
vn -0.8819 -0.0000 0.4714
vn -0.9569 -0.0000 0.2903
vn -0.9952 -0.0000 0.0980
vn -0.9952 -0.0000 -0.0980
vn -0.9569 -0.0000 -0.2903
vn -0.8819 -0.0000 -0.4714
vn -0.7730 -0.0000 -0.6344
vn -0.6344 -0.0000 -0.7730
vn -0.4714 -0.0000 -0.8819
vn -0.0000 1.0000 -0.0000
vn -0.2903 -0.0000 -0.9569
vn -0.0980 -0.0000 -0.9952
vn -0.0000 -1.0000 -0.0000
vt 1.000000 0.500000
vt 1.000000 1.000000
vt 0.968750 1.000000
vt 0.968750 0.500000
vt 0.937500 1.000000
vt 0.937500 0.500000
vt 0.906250 1.000000
vt 0.906250 0.500000
vt 0.875000 1.000000
vt 0.875000 0.500000
vt 0.843750 1.000000
vt 0.843750 0.500000
vt 0.812500 1.000000
vt 0.812500 0.500000
vt 0.781250 1.000000
vt 0.781250 0.500000
vt 0.750000 1.000000
vt 0.750000 0.500000
vt 0.718750 1.000000
vt 0.718750 0.500000
vt 0.687500 1.000000
vt 0.687500 0.500000
vt 0.656250 1.000000
vt 0.656250 0.500000
vt 0.625000 1.000000
vt 0.625000 0.500000
vt 0.593750 1.000000
vt 0.593750 0.500000
vt 0.562500 1.000000
vt 0.562500 0.500000
vt 0.531250 1.000000
vt 0.531250 0.500000
vt 0.500000 1.000000
vt 0.500000 0.500000
vt 0.468750 1.000000
vt 0.468750 0.500000
vt 0.437500 1.000000
vt 0.437500 0.500000
vt 0.406250 1.000000
vt 0.406250 0.500000
vt 0.375000 1.000000
vt 0.375000 0.500000
vt 0.343750 1.000000
vt 0.343750 0.500000
vt 0.312500 1.000000
vt 0.312500 0.500000
vt 0.281250 1.000000
vt 0.281250 0.500000
vt 0.250000 1.000000
vt 0.250000 0.500000
vt 0.218750 1.000000
vt 0.218750 0.500000
vt 0.187500 1.000000
vt 0.187500 0.500000
vt 0.156250 1.000000
vt 0.156250 0.500000
vt 0.125000 1.000000
vt 0.125000 0.500000
vt 0.093750 1.000000
vt 0.093750 0.500000
vt 0.062500 1.000000
vt 0.062500 0.500000
vt 0.296822 0.485388
vt 0.250000 0.490000
vt 0.203178 0.485388
vt 0.158156 0.471731
vt 0.116663 0.449553
vt 0.080294 0.419706
vt 0.050447 0.383337
vt 0.028269 0.341844
vt 0.014612 0.296822
vt 0.010000 0.250000
vt 0.014612 0.203178
vt 0.028269 0.158156
vt 0.050447 0.116663
vt 0.080294 0.080294
vt 0.116663 0.050447
vt 0.158156 0.028269
vt 0.203178 0.014612
vt 0.250000 0.010000
vt 0.296822 0.014612
vt 0.341844 0.028269
vt 0.383337 0.050447
vt 0.419706 0.080294
vt 0.449553 0.116663
vt 0.471731 0.158156
vt 0.485388 0.203178
vt 0.490000 0.250000
vt 0.485388 0.296822
vt 0.471731 0.341844
vt 0.449553 0.383337
vt 0.419706 0.419706
vt 0.383337 0.449553
vt 0.341844 0.471731
vt 0.031250 1.000000
vt 0.031250 0.500000
vt 0.000000 1.000000
vt 0.000000 0.500000
vt 0.750000 0.490000
vt 0.796822 0.485388
vt 0.841844 0.471731
vt 0.883337 0.449553
vt 0.919706 0.419706
vt 0.949553 0.383337
vt 0.971731 0.341844
vt 0.985388 0.296822
vt 0.990000 0.250000
vt 0.985388 0.203178
vt 0.971731 0.158156
vt 0.949553 0.116663
vt 0.919706 0.080294
vt 0.883337 0.050447
vt 0.841844 0.028269
vt 0.796822 0.014612
vt 0.750000 0.010000
vt 0.703178 0.014612
vt 0.658156 0.028269
vt 0.616663 0.050447
vt 0.580294 0.080294
vt 0.550447 0.116663
vt 0.528269 0.158156
vt 0.514612 0.203178
vt 0.510000 0.250000
vt 0.514612 0.296822
vt 0.528269 0.341844
vt 0.550447 0.383337
vt 0.580294 0.419706
vt 0.616663 0.449553
vt 0.658156 0.471731
vt 0.703178 0.485388
s 0
usemtl Corner_Plant_3_Pot_mat
f 2594/3682/880 2595/3683/880 2597/3684/880 2596/3685/880
f 2596/3685/881 2597/3684/881 2599/3686/881 2598/3687/881
f 2598/3687/882 2599/3686/882 2601/3688/882 2600/3689/882
f 2600/3689/883 2601/3688/883 2603/3690/883 2602/3691/883
f 2602/3691/884 2603/3690/884 2605/3692/884 2604/3693/884
f 2604/3693/885 2605/3692/885 2607/3694/885 2606/3695/885
f 2606/3695/886 2607/3694/886 2609/3696/886 2608/3697/886
f 2608/3697/887 2609/3696/887 2611/3698/887 2610/3699/887
f 2610/3699/888 2611/3698/888 2613/3700/888 2612/3701/888
f 2612/3701/889 2613/3700/889 2615/3702/889 2614/3703/889
f 2614/3703/890 2615/3702/890 2617/3704/890 2616/3705/890
f 2616/3705/891 2617/3704/891 2619/3706/891 2618/3707/891
f 2618/3707/892 2619/3706/892 2621/3708/892 2620/3709/892
f 2620/3709/893 2621/3708/893 2623/3710/893 2622/3711/893
f 2622/3711/894 2623/3710/894 2625/3712/894 2624/3713/894
f 2624/3713/895 2625/3712/895 2627/3714/895 2626/3715/895
f 2626/3715/896 2627/3714/896 2629/3716/896 2628/3717/896
f 2628/3717/897 2629/3716/897 2631/3718/897 2630/3719/897
f 2630/3719/898 2631/3718/898 2633/3720/898 2632/3721/898
f 2632/3721/899 2633/3720/899 2635/3722/899 2634/3723/899
f 2634/3723/900 2635/3722/900 2637/3724/900 2636/3725/900
f 2636/3725/901 2637/3724/901 2639/3726/901 2638/3727/901
f 2638/3727/902 2639/3726/902 2641/3728/902 2640/3729/902
f 2640/3729/903 2641/3728/903 2643/3730/903 2642/3731/903
f 2642/3731/904 2643/3730/904 2645/3732/904 2644/3733/904
f 2644/3733/905 2645/3732/905 2647/3734/905 2646/3735/905
f 2646/3735/906 2647/3734/906 2649/3736/906 2648/3737/906
f 2648/3737/907 2649/3736/907 2651/3738/907 2650/3739/907
f 2650/3739/908 2651/3738/908 2653/3740/908 2652/3741/908
f 2652/3741/909 2653/3740/909 2655/3742/909 2654/3743/909
f 2597/3744/910 2595/3745/910 2657/3746/910 2655/3747/910 2653/3748/910 2651/3749/910 2649/3750/910 2647/3751/910 2645/3752/910 2643/3753/910 2641/3754/910 2639/3755/910 2637/3756/910 2635/3757/910 2633/3758/910 2631/3759/910 2629/3760/910 2627/3761/910 2625/3762/910 2623/3763/910 2621/3764/910 2619/3765/910 2617/3766/910 2615/3767/910 2613/3768/910 2611/3769/910 2609/3770/910 2607/3771/910 2605/3772/910 2603/3773/910 2601/3774/910 2599/3775/910
f 2654/3743/911 2655/3742/911 2657/3776/911 2656/3777/911
f 2656/3777/912 2657/3776/912 2595/3778/912 2594/3779/912
f 2594/3780/913 2596/3781/913 2598/3782/913 2600/3783/913 2602/3784/913 2604/3785/913 2606/3786/913 2608/3787/913 2610/3788/913 2612/3789/913 2614/3790/913 2616/3791/913 2618/3792/913 2620/3793/913 2622/3794/913 2624/3795/913 2626/3796/913 2628/3797/913 2630/3798/913 2632/3799/913 2634/3800/913 2636/3801/913 2638/3802/913 2640/3803/913 2642/3804/913 2644/3805/913 2646/3806/913 2648/3807/913 2650/3808/913 2652/3809/913 2654/3810/913 2656/3811/913
o Corner_Plant_3_Leaves
v -4.800000 0.345000 3.250000
v -4.800000 0.895000 3.250000
v -4.666061 0.345000 3.276642
v -4.666061 0.895000 3.276642
v -4.552513 0.345000 3.352513
v -4.552513 0.895000 3.352513
v -4.476643 0.345000 3.466061
v -4.476643 0.895000 3.466061
v -4.450000 0.345000 3.600000
v -4.450000 0.895000 3.600000
v -4.476643 0.345000 3.733939
v -4.476643 0.895000 3.733939
v -4.552513 0.345000 3.847487
v -4.552513 0.895000 3.847487
v -4.666061 0.345000 3.923358
v -4.666061 0.895000 3.923358
v -4.800000 0.345000 3.950000
v -4.800000 0.895000 3.950000
v -4.933939 0.345000 3.923358
v -4.933939 0.895000 3.923358
v -5.047488 0.345000 3.847487
v -5.047488 0.895000 3.847487
v -5.123358 0.345000 3.733939
v -5.123358 0.895000 3.733939
v -5.150000 0.345000 3.600000
v -5.150000 0.895000 3.600000
v -5.123358 0.345000 3.466061
v -5.123358 0.895000 3.466061
v -5.047488 0.345000 3.352513
v -5.047488 0.895000 3.352513
v -4.933939 0.345000 3.276642
v -4.933939 0.895000 3.276642
vn 0.1951 -0.0000 -0.9808
vn 0.5556 -0.0000 -0.8315
vn 0.8315 -0.0000 -0.5556
vn 0.9808 -0.0000 -0.1951
vn 0.9808 -0.0000 0.1951
vn 0.8315 -0.0000 0.5556
vn 0.5556 -0.0000 0.8315
vn 0.1951 -0.0000 0.9808
vn -0.1951 -0.0000 0.9808
vn -0.5556 -0.0000 0.8315
vn -0.8315 -0.0000 0.5556
vn -0.9808 -0.0000 0.1951
vn -0.9808 -0.0000 -0.1951
vn -0.8315 -0.0000 -0.5556
vn -0.0000 1.0000 -0.0000
vn -0.5556 -0.0000 -0.8315
vn -0.1951 -0.0000 -0.9808
vn -0.0000 -1.0000 -0.0000
vt 1.000000 0.500000
vt 1.000000 1.000000
vt 0.937500 1.000000
vt 0.937500 0.500000
vt 0.875000 1.000000
vt 0.875000 0.500000
vt 0.812500 1.000000
vt 0.812500 0.500000
vt 0.750000 1.000000
vt 0.750000 0.500000
vt 0.687500 1.000000
vt 0.687500 0.500000
vt 0.625000 1.000000
vt 0.625000 0.500000
vt 0.562500 1.000000
vt 0.562500 0.500000
vt 0.500000 1.000000
vt 0.500000 0.500000
vt 0.437500 1.000000
vt 0.437500 0.500000
vt 0.375000 1.000000
vt 0.375000 0.500000
vt 0.312500 1.000000
vt 0.312500 0.500000
vt 0.250000 1.000000
vt 0.250000 0.500000
vt 0.187500 1.000000
vt 0.187500 0.500000
vt 0.125000 1.000000
vt 0.125000 0.500000
vt 0.341844 0.471731
vt 0.250000 0.490000
vt 0.158156 0.471731
vt 0.080294 0.419706
vt 0.028269 0.341844
vt 0.010000 0.250000
vt 0.028269 0.158156
vt 0.080294 0.080294
vt 0.158156 0.028269
vt 0.250000 0.010000
vt 0.341844 0.028269
vt 0.419706 0.080294
vt 0.471731 0.158156
vt 0.490000 0.250000
vt 0.471731 0.341844
vt 0.419706 0.419706
vt 0.062500 1.000000
vt 0.062500 0.500000
vt 0.000000 1.000000
vt 0.000000 0.500000
vt 0.750000 0.490000
vt 0.841844 0.471731
vt 0.919706 0.419706
vt 0.971731 0.341844
vt 0.990000 0.250000
vt 0.971731 0.158156
vt 0.919706 0.080294
vt 0.841844 0.028269
vt 0.750000 0.010000
vt 0.658156 0.028269
vt 0.580294 0.080294
vt 0.528269 0.158156
vt 0.510000 0.250000
vt 0.528269 0.341844
vt 0.580294 0.419706
vt 0.658156 0.471731
s 0
usemtl Corner_Plant_3_Leaves_mat
f 2658/3812/914 2659/3813/914 2661/3814/914 2660/3815/914
f 2660/3815/915 2661/3814/915 2663/3816/915 2662/3817/915
f 2662/3817/916 2663/3816/916 2665/3818/916 2664/3819/916
f 2664/3819/917 2665/3818/917 2667/3820/917 2666/3821/917
f 2666/3821/918 2667/3820/918 2669/3822/918 2668/3823/918
f 2668/3823/919 2669/3822/919 2671/3824/919 2670/3825/919
f 2670/3825/920 2671/3824/920 2673/3826/920 2672/3827/920
f 2672/3827/921 2673/3826/921 2675/3828/921 2674/3829/921
f 2674/3829/922 2675/3828/922 2677/3830/922 2676/3831/922
f 2676/3831/923 2677/3830/923 2679/3832/923 2678/3833/923
f 2678/3833/924 2679/3832/924 2681/3834/924 2680/3835/924
f 2680/3835/925 2681/3834/925 2683/3836/925 2682/3837/925
f 2682/3837/926 2683/3836/926 2685/3838/926 2684/3839/926
f 2684/3839/927 2685/3838/927 2687/3840/927 2686/3841/927
f 2661/3842/928 2659/3843/928 2689/3844/928 2687/3845/928 2685/3846/928 2683/3847/928 2681/3848/928 2679/3849/928 2677/3850/928 2675/3851/928 2673/3852/928 2671/3853/928 2669/3854/928 2667/3855/928 2665/3856/928 2663/3857/928
f 2686/3841/929 2687/3840/929 2689/3858/929 2688/3859/929
f 2688/3859/930 2689/3858/930 2659/3860/930 2658/3861/930
f 2658/3862/931 2660/3863/931 2662/3864/931 2664/3865/931 2666/3866/931 2668/3867/931 2670/3868/931 2672/3869/931 2674/3870/931 2676/3871/931 2678/3872/931 2680/3873/931 2682/3874/931 2684/3875/931 2686/3876/931 2688/3877/931
o Corner_Plant_4_Pot
v 4.800000 0.000000 3.380000
v 4.800000 0.360000 3.380000
v 4.842920 0.000000 3.384227
v 4.842920 0.360000 3.384227
v 4.884191 0.000000 3.396746
v 4.884191 0.360000 3.396746
v 4.922225 0.000000 3.417077
v 4.922225 0.360000 3.417077
v 4.955564 0.000000 3.444436
v 4.955564 0.360000 3.444436
v 4.982924 0.000000 3.477774
v 4.982924 0.360000 3.477774
v 5.003253 0.000000 3.515810
v 5.003253 0.360000 3.515810
v 5.015773 0.000000 3.557080
v 5.015773 0.360000 3.557080
v 5.020000 0.000000 3.600000
v 5.020000 0.360000 3.600000
v 5.015773 0.000000 3.642920
v 5.015773 0.360000 3.642920
v 5.003253 0.000000 3.684190
v 5.003253 0.360000 3.684190
v 4.982924 0.000000 3.722225
v 4.982924 0.360000 3.722225
v 4.955564 0.000000 3.755563
v 4.955564 0.360000 3.755563
v 4.922225 0.000000 3.782923
v 4.922225 0.360000 3.782923
v 4.884191 0.000000 3.803253
v 4.884191 0.360000 3.803253
v 4.842920 0.000000 3.815773
v 4.842920 0.360000 3.815773
v 4.800000 0.000000 3.820000
v 4.800000 0.360000 3.820000
v 4.757081 0.000000 3.815773
v 4.757081 0.360000 3.815773
v 4.715810 0.000000 3.803253
v 4.715810 0.360000 3.803253
v 4.677775 0.000000 3.782923
v 4.677775 0.360000 3.782923
v 4.644437 0.000000 3.755563
v 4.644437 0.360000 3.755563
v 4.617077 0.000000 3.722225
v 4.617077 0.360000 3.722225
v 4.596747 0.000000 3.684190
v 4.596747 0.360000 3.684190
v 4.584228 0.000000 3.642920
v 4.584228 0.360000 3.642920
v 4.580000 0.000000 3.600000
v 4.580000 0.360000 3.600000
v 4.584228 0.000000 3.557080
v 4.584228 0.360000 3.557080
v 4.596747 0.000000 3.515810
v 4.596747 0.360000 3.515810
v 4.617077 0.000000 3.477774
v 4.617077 0.360000 3.477774
v 4.644437 0.000000 3.444436
v 4.644437 0.360000 3.444436
v 4.677775 0.000000 3.417077
v 4.677775 0.360000 3.417077
v 4.715810 0.000000 3.396746
v 4.715810 0.360000 3.396746
v 4.757081 0.000000 3.384227
v 4.757081 0.360000 3.384227
vn 0.0980 -0.0000 -0.9952
vn 0.2903 -0.0000 -0.9569
vn 0.4714 -0.0000 -0.8819
vn 0.6344 -0.0000 -0.7730
vn 0.7730 -0.0000 -0.6344
vn 0.8819 -0.0000 -0.4714
vn 0.9569 -0.0000 -0.2903
vn 0.9952 -0.0000 -0.0980
vn 0.9952 -0.0000 0.0980
vn 0.9569 -0.0000 0.2903
vn 0.8819 -0.0000 0.4714
vn 0.7730 -0.0000 0.6344
vn 0.6344 -0.0000 0.7730
vn 0.4714 -0.0000 0.8819
vn 0.2903 -0.0000 0.9569
vn 0.0980 -0.0000 0.9952
vn -0.0980 -0.0000 0.9952
vn -0.2903 -0.0000 0.9569
vn -0.4714 -0.0000 0.8819
vn -0.6344 -0.0000 0.7730
vn -0.7730 -0.0000 0.6344
vn -0.8819 -0.0000 0.4714
vn -0.9569 -0.0000 0.2903
vn -0.9952 -0.0000 0.0980
vn -0.9952 -0.0000 -0.0980
vn -0.9569 -0.0000 -0.2903
vn -0.8819 -0.0000 -0.4714
vn -0.7730 -0.0000 -0.6344
vn -0.6344 -0.0000 -0.7730
vn -0.4714 -0.0000 -0.8819
vn -0.0000 1.0000 -0.0000
vn -0.2903 -0.0000 -0.9569
vn -0.0980 -0.0000 -0.9952
vn -0.0000 -1.0000 -0.0000
vt 1.000000 0.500000
vt 1.000000 1.000000
vt 0.968750 1.000000
vt 0.968750 0.500000
vt 0.937500 1.000000
vt 0.937500 0.500000
vt 0.906250 1.000000
vt 0.906250 0.500000
vt 0.875000 1.000000
vt 0.875000 0.500000
vt 0.843750 1.000000
vt 0.843750 0.500000
vt 0.812500 1.000000
vt 0.812500 0.500000
vt 0.781250 1.000000
vt 0.781250 0.500000
vt 0.750000 1.000000
vt 0.750000 0.500000
vt 0.718750 1.000000
vt 0.718750 0.500000
vt 0.687500 1.000000
vt 0.687500 0.500000
vt 0.656250 1.000000
vt 0.656250 0.500000
vt 0.625000 1.000000
vt 0.625000 0.500000
vt 0.593750 1.000000
vt 0.593750 0.500000
vt 0.562500 1.000000
vt 0.562500 0.500000
vt 0.531250 1.000000
vt 0.531250 0.500000
vt 0.500000 1.000000
vt 0.500000 0.500000
vt 0.468750 1.000000
vt 0.468750 0.500000
vt 0.437500 1.000000
vt 0.437500 0.500000
vt 0.406250 1.000000
vt 0.406250 0.500000
vt 0.375000 1.000000
vt 0.375000 0.500000
vt 0.343750 1.000000
vt 0.343750 0.500000
vt 0.312500 1.000000
vt 0.312500 0.500000
vt 0.281250 1.000000
vt 0.281250 0.500000
vt 0.250000 1.000000
vt 0.250000 0.500000
vt 0.218750 1.000000
vt 0.218750 0.500000
vt 0.187500 1.000000
vt 0.187500 0.500000
vt 0.156250 1.000000
vt 0.156250 0.500000
vt 0.125000 1.000000
vt 0.125000 0.500000
vt 0.093750 1.000000
vt 0.093750 0.500000
vt 0.062500 1.000000
vt 0.062500 0.500000
vt 0.296822 0.485388
vt 0.250000 0.490000
vt 0.203178 0.485388
vt 0.158156 0.471731
vt 0.116663 0.449553
vt 0.080294 0.419706
vt 0.050447 0.383337
vt 0.028269 0.341844
vt 0.014612 0.296822
vt 0.010000 0.250000
vt 0.014612 0.203178
vt 0.028269 0.158156
vt 0.050447 0.116663
vt 0.080294 0.080294
vt 0.116663 0.050447
vt 0.158156 0.028269
vt 0.203178 0.014612
vt 0.250000 0.010000
vt 0.296822 0.014612
vt 0.341844 0.028269
vt 0.383337 0.050447
vt 0.419706 0.080294
vt 0.449553 0.116663
vt 0.471731 0.158156
vt 0.485388 0.203178
vt 0.490000 0.250000
vt 0.485388 0.296822
vt 0.471731 0.341844
vt 0.449553 0.383337
vt 0.419706 0.419706
vt 0.383337 0.449553
vt 0.341844 0.471731
vt 0.031250 1.000000
vt 0.031250 0.500000
vt 0.000000 1.000000
vt 0.000000 0.500000
vt 0.750000 0.490000
vt 0.796822 0.485388
vt 0.841844 0.471731
vt 0.883337 0.449553
vt 0.919706 0.419706
vt 0.949553 0.383337
vt 0.971731 0.341844
vt 0.985388 0.296822
vt 0.990000 0.250000
vt 0.985388 0.203178
vt 0.971731 0.158156
vt 0.949553 0.116663
vt 0.919706 0.080294
vt 0.883337 0.050447
vt 0.841844 0.028269
vt 0.796822 0.014612
vt 0.750000 0.010000
vt 0.703178 0.014612
vt 0.658156 0.028269
vt 0.616663 0.050447
vt 0.580294 0.080294
vt 0.550447 0.116663
vt 0.528269 0.158156
vt 0.514612 0.203178
vt 0.510000 0.250000
vt 0.514612 0.296822
vt 0.528269 0.341844
vt 0.550447 0.383337
vt 0.580294 0.419706
vt 0.616663 0.449553
vt 0.658156 0.471731
vt 0.703178 0.485388
s 0
usemtl Corner_Plant_4_Pot_mat
f 2690/3878/932 2691/3879/932 2693/3880/932 2692/3881/932
f 2692/3881/933 2693/3880/933 2695/3882/933 2694/3883/933
f 2694/3883/934 2695/3882/934 2697/3884/934 2696/3885/934
f 2696/3885/935 2697/3884/935 2699/3886/935 2698/3887/935
f 2698/3887/936 2699/3886/936 2701/3888/936 2700/3889/936
f 2700/3889/937 2701/3888/937 2703/3890/937 2702/3891/937
f 2702/3891/938 2703/3890/938 2705/3892/938 2704/3893/938
f 2704/3893/939 2705/3892/939 2707/3894/939 2706/3895/939
f 2706/3895/940 2707/3894/940 2709/3896/940 2708/3897/940
f 2708/3897/941 2709/3896/941 2711/3898/941 2710/3899/941
f 2710/3899/942 2711/3898/942 2713/3900/942 2712/3901/942
f 2712/3901/943 2713/3900/943 2715/3902/943 2714/3903/943
f 2714/3903/944 2715/3902/944 2717/3904/944 2716/3905/944
f 2716/3905/945 2717/3904/945 2719/3906/945 2718/3907/945
f 2718/3907/946 2719/3906/946 2721/3908/946 2720/3909/946
f 2720/3909/947 2721/3908/947 2723/3910/947 2722/3911/947
f 2722/3911/948 2723/3910/948 2725/3912/948 2724/3913/948
f 2724/3913/949 2725/3912/949 2727/3914/949 2726/3915/949
f 2726/3915/950 2727/3914/950 2729/3916/950 2728/3917/950
f 2728/3917/951 2729/3916/951 2731/3918/951 2730/3919/951
f 2730/3919/952 2731/3918/952 2733/3920/952 2732/3921/952
f 2732/3921/953 2733/3920/953 2735/3922/953 2734/3923/953
f 2734/3923/954 2735/3922/954 2737/3924/954 2736/3925/954
f 2736/3925/955 2737/3924/955 2739/3926/955 2738/3927/955
f 2738/3927/956 2739/3926/956 2741/3928/956 2740/3929/956
f 2740/3929/957 2741/3928/957 2743/3930/957 2742/3931/957
f 2742/3931/958 2743/3930/958 2745/3932/958 2744/3933/958
f 2744/3933/959 2745/3932/959 2747/3934/959 2746/3935/959
f 2746/3935/960 2747/3934/960 2749/3936/960 2748/3937/960
f 2748/3937/961 2749/3936/961 2751/3938/961 2750/3939/961
f 2693/3940/962 2691/3941/962 2753/3942/962 2751/3943/962 2749/3944/962 2747/3945/962 2745/3946/962 2743/3947/962 2741/3948/962 2739/3949/962 2737/3950/962 2735/3951/962 2733/3952/962 2731/3953/962 2729/3954/962 2727/3955/962 2725/3956/962 2723/3957/962 2721/3958/962 2719/3959/962 2717/3960/962 2715/3961/962 2713/3962/962 2711/3963/962 2709/3964/962 2707/3965/962 2705/3966/962 2703/3967/962 2701/3968/962 2699/3969/962 2697/3970/962 2695/3971/962
f 2750/3939/963 2751/3938/963 2753/3972/963 2752/3973/963
f 2752/3973/964 2753/3972/964 2691/3974/964 2690/3975/964
f 2690/3976/965 2692/3977/965 2694/3978/965 2696/3979/965 2698/3980/965 2700/3981/965 2702/3982/965 2704/3983/965 2706/3984/965 2708/3985/965 2710/3986/965 2712/3987/965 2714/3988/965 2716/3989/965 2718/3990/965 2720/3991/965 2722/3992/965 2724/3993/965 2726/3994/965 2728/3995/965 2730/3996/965 2732/3997/965 2734/3998/965 2736/3999/965 2738/4000/965 2740/4001/965 2742/4002/965 2744/4003/965 2746/4004/965 2748/4005/965 2750/4006/965 2752/4007/965
o Corner_Plant_4_Leaves
v 4.800000 0.345000 3.250000
v 4.800000 0.895000 3.250000
v 4.933939 0.345000 3.276642
v 4.933939 0.895000 3.276642
v 5.047488 0.345000 3.352513
v 5.047488 0.895000 3.352513
v 5.123358 0.345000 3.466061
v 5.123358 0.895000 3.466061
v 5.150000 0.345000 3.600000
v 5.150000 0.895000 3.600000
v 5.123358 0.345000 3.733939
v 5.123358 0.895000 3.733939
v 5.047488 0.345000 3.847487
v 5.047488 0.895000 3.847487
v 4.933939 0.345000 3.923358
v 4.933939 0.895000 3.923358
v 4.800000 0.345000 3.950000
v 4.800000 0.895000 3.950000
v 4.666061 0.345000 3.923358
v 4.666061 0.895000 3.923358
v 4.552513 0.345000 3.847487
v 4.552513 0.895000 3.847487
v 4.476643 0.345000 3.733939
v 4.476643 0.895000 3.733939
v 4.450000 0.345000 3.600000
v 4.450000 0.895000 3.600000
v 4.476643 0.345000 3.466061
v 4.476643 0.895000 3.466061
v 4.552513 0.345000 3.352513
v 4.552513 0.895000 3.352513
v 4.666061 0.345000 3.276642
v 4.666061 0.895000 3.276642
vn 0.1951 -0.0000 -0.9808
vn 0.5556 -0.0000 -0.8315
vn 0.8315 -0.0000 -0.5556
vn 0.9808 -0.0000 -0.1951
vn 0.9808 -0.0000 0.1951
vn 0.8315 -0.0000 0.5556
vn 0.5556 -0.0000 0.8315
vn 0.1951 -0.0000 0.9808
vn -0.1951 -0.0000 0.9808
vn -0.5556 -0.0000 0.8315
vn -0.8315 -0.0000 0.5556
vn -0.9808 -0.0000 0.1951
vn -0.9808 -0.0000 -0.1951
vn -0.8315 -0.0000 -0.5556
vn -0.0000 1.0000 -0.0000
vn -0.5556 -0.0000 -0.8315
vn -0.1951 -0.0000 -0.9808
vn -0.0000 -1.0000 -0.0000
vt 1.000000 0.500000
vt 1.000000 1.000000
vt 0.937500 1.000000
vt 0.937500 0.500000
vt 0.875000 1.000000
vt 0.875000 0.500000
vt 0.812500 1.000000
vt 0.812500 0.500000
vt 0.750000 1.000000
vt 0.750000 0.500000
vt 0.687500 1.000000
vt 0.687500 0.500000
vt 0.625000 1.000000
vt 0.625000 0.500000
vt 0.562500 1.000000
vt 0.562500 0.500000
vt 0.500000 1.000000
vt 0.500000 0.500000
vt 0.437500 1.000000
vt 0.437500 0.500000
vt 0.375000 1.000000
vt 0.375000 0.500000
vt 0.312500 1.000000
vt 0.312500 0.500000
vt 0.250000 1.000000
vt 0.250000 0.500000
vt 0.187500 1.000000
vt 0.187500 0.500000
vt 0.125000 1.000000
vt 0.125000 0.500000
vt 0.341844 0.471731
vt 0.250000 0.490000
vt 0.158156 0.471731
vt 0.080294 0.419706
vt 0.028269 0.341844
vt 0.010000 0.250000
vt 0.028269 0.158156
vt 0.080294 0.080294
vt 0.158156 0.028269
vt 0.250000 0.010000
vt 0.341844 0.028269
vt 0.419706 0.080294
vt 0.471731 0.158156
vt 0.490000 0.250000
vt 0.471731 0.341844
vt 0.419706 0.419706
vt 0.062500 1.000000
vt 0.062500 0.500000
vt 0.000000 1.000000
vt 0.000000 0.500000
vt 0.750000 0.490000
vt 0.841844 0.471731
vt 0.919706 0.419706
vt 0.971731 0.341844
vt 0.990000 0.250000
vt 0.971731 0.158156
vt 0.919706 0.080294
vt 0.841844 0.028269
vt 0.750000 0.010000
vt 0.658156 0.028269
vt 0.580294 0.080294
vt 0.528269 0.158156
vt 0.510000 0.250000
vt 0.528269 0.341844
vt 0.580294 0.419706
vt 0.658156 0.471731
s 0
usemtl Corner_Plant_4_Leaves_mat
f 2754/4008/966 2755/4009/966 2757/4010/966 2756/4011/966
f 2756/4011/967 2757/4010/967 2759/4012/967 2758/4013/967
f 2758/4013/968 2759/4012/968 2761/4014/968 2760/4015/968
f 2760/4015/969 2761/4014/969 2763/4016/969 2762/4017/969
f 2762/4017/970 2763/4016/970 2765/4018/970 2764/4019/970
f 2764/4019/971 2765/4018/971 2767/4020/971 2766/4021/971
f 2766/4021/972 2767/4020/972 2769/4022/972 2768/4023/972
f 2768/4023/973 2769/4022/973 2771/4024/973 2770/4025/973
f 2770/4025/974 2771/4024/974 2773/4026/974 2772/4027/974
f 2772/4027/975 2773/4026/975 2775/4028/975 2774/4029/975
f 2774/4029/976 2775/4028/976 2777/4030/976 2776/4031/976
f 2776/4031/977 2777/4030/977 2779/4032/977 2778/4033/977
f 2778/4033/978 2779/4032/978 2781/4034/978 2780/4035/978
f 2780/4035/979 2781/4034/979 2783/4036/979 2782/4037/979
f 2757/4038/980 2755/4039/980 2785/4040/980 2783/4041/980 2781/4042/980 2779/4043/980 2777/4044/980 2775/4045/980 2773/4046/980 2771/4047/980 2769/4048/980 2767/4049/980 2765/4050/980 2763/4051/980 2761/4052/980 2759/4053/980
f 2782/4037/981 2783/4036/981 2785/4054/981 2784/4055/981
f 2784/4055/982 2785/4054/982 2755/4056/982 2754/4057/982
f 2754/4058/983 2756/4059/983 2758/4060/983 2760/4061/983 2762/4062/983 2764/4063/983 2766/4064/983 2768/4065/983 2770/4066/983 2772/4067/983 2774/4068/983 2776/4069/983 2778/4070/983 2780/4071/983 2782/4072/983 2784/4073/983
o Painting_Left
v -5.450000 0.700000 -0.900000
v -5.450000 1.400000 -0.900000
v -5.450000 0.700000 -2.100000
v -5.450000 1.400000 -2.100000
v -5.410000 0.700000 -0.900000
v -5.410000 1.400000 -0.900000
v -5.410000 0.700000 -2.100000
v -5.410000 1.400000 -2.100000
vn -1.0000 -0.0000 -0.0000
vn -0.0000 -0.0000 -1.0000
vn 1.0000 -0.0000 -0.0000
vn -0.0000 -0.0000 1.0000
vn -0.0000 -1.0000 -0.0000
vn -0.0000 1.0000 -0.0000
vt 0.375000 0.000000
vt 0.625000 0.000000
vt 0.625000 0.250000
vt 0.375000 0.250000
vt 0.625000 0.500000
vt 0.375000 0.500000
vt 0.625000 0.750000
vt 0.375000 0.750000
vt 0.625000 1.000000
vt 0.375000 1.000000
vt 0.125000 0.500000
vt 0.125000 0.750000
vt 0.875000 0.500000
vt 0.875000 0.750000
s 0
usemtl Painting_Left_mat
f 2786/4074/984 2787/4075/984 2789/4076/984 2788/4077/984
f 2788/4077/985 2789/4076/985 2793/4078/985 2792/4079/985
f 2792/4079/986 2793/4078/986 2791/4080/986 2790/4081/986
f 2790/4081/987 2791/4080/987 2787/4082/987 2786/4083/987
f 2788/4084/988 2792/4079/988 2790/4081/988 2786/4085/988
f 2793/4078/989 2789/4086/989 2787/4087/989 2791/4080/989
o Painting_Right
v 5.410000 0.700000 -0.900000
v 5.410000 1.400000 -0.900000
v 5.410000 0.700000 -2.100000
v 5.410000 1.400000 -2.100000
v 5.450000 0.700000 -0.900000
v 5.450000 1.400000 -0.900000
v 5.450000 0.700000 -2.100000
v 5.450000 1.400000 -2.100000
vn -1.0000 -0.0000 -0.0000
vn -0.0000 -0.0000 -1.0000
vn 1.0000 -0.0000 -0.0000
vn -0.0000 -0.0000 1.0000
vn -0.0000 -1.0000 -0.0000
vn -0.0000 1.0000 -0.0000
vt 0.375000 0.000000
vt 0.625000 0.000000
vt 0.625000 0.250000
vt 0.375000 0.250000
vt 0.625000 0.500000
vt 0.375000 0.500000
vt 0.625000 0.750000
vt 0.375000 0.750000
vt 0.625000 1.000000
vt 0.375000 1.000000
vt 0.125000 0.500000
vt 0.125000 0.750000
vt 0.875000 0.500000
vt 0.875000 0.750000
s 0
usemtl Painting_Right_mat
f 2794/4088/990 2795/4089/990 2797/4090/990 2796/4091/990
f 2796/4091/991 2797/4090/991 2801/4092/991 2800/4093/991
f 2800/4093/992 2801/4092/992 2799/4094/992 2798/4095/992
f 2798/4095/993 2799/4094/993 2795/4096/993 2794/4097/993
f 2796/4098/994 2800/4093/994 2798/4095/994 2794/4099/994
f 2801/4092/995 2797/4100/995 2795/4101/995 2799/4094/995
o Lamp_1
v -3.600000 1.390000 2.420000
v -3.600000 1.510000 2.420000
v -3.564884 1.390000 2.423459
v -3.564884 1.510000 2.423459
v -3.531117 1.390000 2.433702
v -3.531117 1.510000 2.433702
v -3.499997 1.390000 2.450335
v -3.499997 1.510000 2.450335
v -3.472721 1.390000 2.472721
v -3.472721 1.510000 2.472721
v -3.450335 1.390000 2.499997
v -3.450335 1.510000 2.499997
v -3.433702 1.390000 2.531117
v -3.433702 1.510000 2.531117
v -3.423459 1.390000 2.564884
v -3.423459 1.510000 2.564884
v -3.420000 1.390000 2.600000
v -3.420000 1.510000 2.600000
v -3.423459 1.390000 2.635116
v -3.423459 1.510000 2.635116
v -3.433702 1.390000 2.668883
v -3.433702 1.510000 2.668883
v -3.450335 1.390000 2.700003
v -3.450335 1.510000 2.700003
v -3.472721 1.390000 2.727279
v -3.472721 1.510000 2.727279
v -3.499997 1.390000 2.749665
v -3.499997 1.510000 2.749665
v -3.531117 1.390000 2.766298
v -3.531117 1.510000 2.766298
v -3.564884 1.390000 2.776541
v -3.564884 1.510000 2.776541
v -3.600000 1.390000 2.780000
v -3.600000 1.510000 2.780000
v -3.635116 1.390000 2.776541
v -3.635116 1.510000 2.776541
v -3.668883 1.390000 2.766298
v -3.668883 1.510000 2.766298
v -3.700003 1.390000 2.749665
v -3.700003 1.510000 2.749665
v -3.727279 1.390000 2.727279
v -3.727279 1.510000 2.727279
v -3.749665 1.390000 2.700003
v -3.749665 1.510000 2.700003
v -3.766298 1.390000 2.668883
v -3.766298 1.510000 2.668883
v -3.776541 1.390000 2.635116
v -3.776541 1.510000 2.635116
v -3.780000 1.390000 2.600000
v -3.780000 1.510000 2.600000
v -3.776541 1.390000 2.564884
v -3.776541 1.510000 2.564884
v -3.766298 1.390000 2.531117
v -3.766298 1.510000 2.531117
v -3.749665 1.390000 2.499997
v -3.749665 1.510000 2.499997
v -3.727279 1.390000 2.472721
v -3.727279 1.510000 2.472721
v -3.700003 1.390000 2.450335
v -3.700003 1.510000 2.450335
v -3.668883 1.390000 2.433702
v -3.668883 1.510000 2.433702
v -3.635116 1.390000 2.423459
v -3.635116 1.510000 2.423459
vn 0.0980 -0.0000 -0.9952
vn 0.2903 -0.0000 -0.9569
vn 0.4714 -0.0000 -0.8819
vn 0.6344 -0.0000 -0.7730
vn 0.7730 -0.0000 -0.6344
vn 0.8819 -0.0000 -0.4714
vn 0.9569 -0.0000 -0.2903
vn 0.9952 -0.0000 -0.0980
vn 0.9952 -0.0000 0.0980
vn 0.9569 -0.0000 0.2903
vn 0.8819 -0.0000 0.4714
vn 0.7730 -0.0000 0.6344
vn 0.6344 -0.0000 0.7730
vn 0.4714 -0.0000 0.8819
vn 0.2903 -0.0000 0.9569
vn 0.0980 -0.0000 0.9952
vn -0.0980 -0.0000 0.9952
vn -0.2903 -0.0000 0.9569
vn -0.4714 -0.0000 0.8819
vn -0.6344 -0.0000 0.7730
vn -0.7730 -0.0000 0.6344
vn -0.8819 -0.0000 0.4714
vn -0.9569 -0.0000 0.2903
vn -0.9952 -0.0000 0.0980
vn -0.9952 -0.0000 -0.0980
vn -0.9569 -0.0000 -0.2903
vn -0.8819 -0.0000 -0.4714
vn -0.7730 -0.0000 -0.6344
vn -0.6344 -0.0000 -0.7730
vn -0.4714 -0.0000 -0.8819
vn -0.0000 1.0000 -0.0000
vn -0.2903 -0.0000 -0.9569
vn -0.0980 -0.0000 -0.9952
vn -0.0000 -1.0000 -0.0000
vt 1.000000 0.500000
vt 1.000000 1.000000
vt 0.968750 1.000000
vt 0.968750 0.500000
vt 0.937500 1.000000
vt 0.937500 0.500000
vt 0.906250 1.000000
vt 0.906250 0.500000
vt 0.875000 1.000000
vt 0.875000 0.500000
vt 0.843750 1.000000
vt 0.843750 0.500000
vt 0.812500 1.000000
vt 0.812500 0.500000
vt 0.781250 1.000000
vt 0.781250 0.500000
vt 0.750000 1.000000
vt 0.750000 0.500000
vt 0.718750 1.000000
vt 0.718750 0.500000
vt 0.687500 1.000000
vt 0.687500 0.500000
vt 0.656250 1.000000
vt 0.656250 0.500000
vt 0.625000 1.000000
vt 0.625000 0.500000
vt 0.593750 1.000000
vt 0.593750 0.500000
vt 0.562500 1.000000
vt 0.562500 0.500000
vt 0.531250 1.000000
vt 0.531250 0.500000
vt 0.500000 1.000000
vt 0.500000 0.500000
vt 0.468750 1.000000
vt 0.468750 0.500000
vt 0.437500 1.000000
vt 0.437500 0.500000
vt 0.406250 1.000000
vt 0.406250 0.500000
vt 0.375000 1.000000
vt 0.375000 0.500000
vt 0.343750 1.000000
vt 0.343750 0.500000
vt 0.312500 1.000000
vt 0.312500 0.500000
vt 0.281250 1.000000
vt 0.281250 0.500000
vt 0.250000 1.000000
vt 0.250000 0.500000
vt 0.218750 1.000000
vt 0.218750 0.500000
vt 0.187500 1.000000
vt 0.187500 0.500000
vt 0.156250 1.000000
vt 0.156250 0.500000
vt 0.125000 1.000000
vt 0.125000 0.500000
vt 0.093750 1.000000
vt 0.093750 0.500000
vt 0.062500 1.000000
vt 0.062500 0.500000
vt 0.296822 0.485388
vt 0.250000 0.490000
vt 0.203178 0.485388
vt 0.158156 0.471731
vt 0.116663 0.449553
vt 0.080294 0.419706
vt 0.050447 0.383337
vt 0.028269 0.341844
vt 0.014612 0.296822
vt 0.010000 0.250000
vt 0.014612 0.203178
vt 0.028269 0.158156
vt 0.050447 0.116663
vt 0.080294 0.080294
vt 0.116663 0.050447
vt 0.158156 0.028269
vt 0.203178 0.014612
vt 0.250000 0.010000
vt 0.296822 0.014612
vt 0.341844 0.028269
vt 0.383337 0.050447
vt 0.419706 0.080294
vt 0.449553 0.116663
vt 0.471731 0.158156
vt 0.485388 0.203178
vt 0.490000 0.250000
vt 0.485388 0.296822
vt 0.471731 0.341844
vt 0.449553 0.383337
vt 0.419706 0.419706
vt 0.383337 0.449553
vt 0.341844 0.471731
vt 0.031250 1.000000
vt 0.031250 0.500000
vt 0.000000 1.000000
vt 0.000000 0.500000
vt 0.750000 0.490000
vt 0.796822 0.485388
vt 0.841844 0.471731
vt 0.883337 0.449553
vt 0.919706 0.419706
vt 0.949553 0.383337
vt 0.971731 0.341844
vt 0.985388 0.296822
vt 0.990000 0.250000
vt 0.985388 0.203178
vt 0.971731 0.158156
vt 0.949553 0.116663
vt 0.919706 0.080294
vt 0.883337 0.050447
vt 0.841844 0.028269
vt 0.796822 0.014612
vt 0.750000 0.010000
vt 0.703178 0.014612
vt 0.658156 0.028269
vt 0.616663 0.050447
vt 0.580294 0.080294
vt 0.550447 0.116663
vt 0.528269 0.158156
vt 0.514612 0.203178
vt 0.510000 0.250000
vt 0.514612 0.296822
vt 0.528269 0.341844
vt 0.550447 0.383337
vt 0.580294 0.419706
vt 0.616663 0.449553
vt 0.658156 0.471731
vt 0.703178 0.485388
s 0
usemtl Lamp_1_mat
f 2802/4102/996 2803/4103/996 2805/4104/996 2804/4105/996
f 2804/4105/997 2805/4104/997 2807/4106/997 2806/4107/997
f 2806/4107/998 2807/4106/998 2809/4108/998 2808/4109/998
f 2808/4109/999 2809/4108/999 2811/4110/999 2810/4111/999
f 2810/4111/1000 2811/4110/1000 2813/4112/1000 2812/4113/1000
f 2812/4113/1001 2813/4112/1001 2815/4114/1001 2814/4115/1001
f 2814/4115/1002 2815/4114/1002 2817/4116/1002 2816/4117/1002
f 2816/4117/1003 2817/4116/1003 2819/4118/1003 2818/4119/1003
f 2818/4119/1004 2819/4118/1004 2821/4120/1004 2820/4121/1004
f 2820/4121/1005 2821/4120/1005 2823/4122/1005 2822/4123/1005
f 2822/4123/1006 2823/4122/1006 2825/4124/1006 2824/4125/1006
f 2824/4125/1007 2825/4124/1007 2827/4126/1007 2826/4127/1007
f 2826/4127/1008 2827/4126/1008 2829/4128/1008 2828/4129/1008
f 2828/4129/1009 2829/4128/1009 2831/4130/1009 2830/4131/1009
f 2830/4131/1010 2831/4130/1010 2833/4132/1010 2832/4133/1010
f 2832/4133/1011 2833/4132/1011 2835/4134/1011 2834/4135/1011
f 2834/4135/1012 2835/4134/1012 2837/4136/1012 2836/4137/1012
f 2836/4137/1013 2837/4136/1013 2839/4138/1013 2838/4139/1013
f 2838/4139/1014 2839/4138/1014 2841/4140/1014 2840/4141/1014
f 2840/4141/1015 2841/4140/1015 2843/4142/1015 2842/4143/1015
f 2842/4143/1016 2843/4142/1016 2845/4144/1016 2844/4145/1016
f 2844/4145/1017 2845/4144/1017 2847/4146/1017 2846/4147/1017
f 2846/4147/1018 2847/4146/1018 2849/4148/1018 2848/4149/1018
f 2848/4149/1019 2849/4148/1019 2851/4150/1019 2850/4151/1019
f 2850/4151/1020 2851/4150/1020 2853/4152/1020 2852/4153/1020
f 2852/4153/1021 2853/4152/1021 2855/4154/1021 2854/4155/1021
f 2854/4155/1022 2855/4154/1022 2857/4156/1022 2856/4157/1022
f 2856/4157/1023 2857/4156/1023 2859/4158/1023 2858/4159/1023
f 2858/4159/1024 2859/4158/1024 2861/4160/1024 2860/4161/1024
f 2860/4161/1025 2861/4160/1025 2863/4162/1025 2862/4163/1025
f 2805/4164/1026 2803/4165/1026 2865/4166/1026 2863/4167/1026 2861/4168/1026 2859/4169/1026 2857/4170/1026 2855/4171/1026 2853/4172/1026 2851/4173/1026 2849/4174/1026 2847/4175/1026 2845/4176/1026 2843/4177/1026 2841/4178/1026 2839/4179/1026 2837/4180/1026 2835/4181/1026 2833/4182/1026 2831/4183/1026 2829/4184/1026 2827/4185/1026 2825/4186/1026 2823/4187/1026 2821/4188/1026 2819/4189/1026 2817/4190/1026 2815/4191/1026 2813/4192/1026 2811/4193/1026 2809/4194/1026 2807/4195/1026
f 2862/4163/1027 2863/4162/1027 2865/4196/1027 2864/4197/1027
f 2864/4197/1028 2865/4196/1028 2803/4198/1028 2802/4199/1028
f 2802/4200/1029 2804/4201/1029 2806/4202/1029 2808/4203/1029 2810/4204/1029 2812/4205/1029 2814/4206/1029 2816/4207/1029 2818/4208/1029 2820/4209/1029 2822/4210/1029 2824/4211/1029 2826/4212/1029 2828/4213/1029 2830/4214/1029 2832/4215/1029 2834/4216/1029 2836/4217/1029 2838/4218/1029 2840/4219/1029 2842/4220/1029 2844/4221/1029 2846/4222/1029 2848/4223/1029 2850/4224/1029 2852/4225/1029 2854/4226/1029 2856/4227/1029 2858/4228/1029 2860/4229/1029 2862/4230/1029 2864/4231/1029
o Lamp_2
v -1.400000 1.390000 0.820000
v -1.400000 1.510000 0.820000
v -1.364884 1.390000 0.823459
v -1.364884 1.510000 0.823459
v -1.331117 1.390000 0.833702
v -1.331117 1.510000 0.833702
v -1.299997 1.390000 0.850335
v -1.299997 1.510000 0.850335
v -1.272721 1.390000 0.872721
v -1.272721 1.510000 0.872721
v -1.250335 1.390000 0.899997
v -1.250335 1.510000 0.899997
v -1.233702 1.390000 0.931117
v -1.233702 1.510000 0.931117
v -1.223459 1.390000 0.964884
v -1.223459 1.510000 0.964884
v -1.220000 1.390000 1.000000
v -1.220000 1.510000 1.000000
v -1.223459 1.390000 1.035116
v -1.223459 1.510000 1.035116
v -1.233702 1.390000 1.068883
v -1.233702 1.510000 1.068883
v -1.250335 1.390000 1.100003
v -1.250335 1.510000 1.100003
v -1.272721 1.390000 1.127279
v -1.272721 1.510000 1.127279
v -1.299997 1.390000 1.149665
v -1.299997 1.510000 1.149665
v -1.331117 1.390000 1.166298
v -1.331117 1.510000 1.166298
v -1.364884 1.390000 1.176541
v -1.364884 1.510000 1.176541
v -1.400000 1.390000 1.180000
v -1.400000 1.510000 1.180000
v -1.435116 1.390000 1.176541
v -1.435116 1.510000 1.176541
v -1.468883 1.390000 1.166298
v -1.468883 1.510000 1.166298
v -1.500003 1.390000 1.149665
v -1.500003 1.510000 1.149665
v -1.527279 1.390000 1.127279
v -1.527279 1.510000 1.127279
v -1.549664 1.390000 1.100003
v -1.549664 1.510000 1.100003
v -1.566298 1.390000 1.068883
v -1.566298 1.510000 1.068883
v -1.576541 1.390000 1.035116
v -1.576541 1.510000 1.035116
v -1.580000 1.390000 1.000000
v -1.580000 1.510000 1.000000
v -1.576541 1.390000 0.964884
v -1.576541 1.510000 0.964884
v -1.566298 1.390000 0.931117
v -1.566298 1.510000 0.931117
v -1.549664 1.390000 0.899997
v -1.549664 1.510000 0.899997
v -1.527279 1.390000 0.872721
v -1.527279 1.510000 0.872721
v -1.500003 1.390000 0.850335
v -1.500003 1.510000 0.850335
v -1.468883 1.390000 0.833702
v -1.468883 1.510000 0.833702
v -1.435116 1.390000 0.823459
v -1.435116 1.510000 0.823459
vn 0.0980 -0.0000 -0.9952
vn 0.2903 -0.0000 -0.9569
vn 0.4714 -0.0000 -0.8819
vn 0.6344 -0.0000 -0.7730
vn 0.7730 -0.0000 -0.6344
vn 0.8819 -0.0000 -0.4714
vn 0.9569 -0.0000 -0.2903
vn 0.9952 -0.0000 -0.0980
vn 0.9952 -0.0000 0.0980
vn 0.9569 -0.0000 0.2903
vn 0.8819 -0.0000 0.4714
vn 0.7730 -0.0000 0.6344
vn 0.6344 -0.0000 0.7730
vn 0.4714 -0.0000 0.8819
vn 0.2903 -0.0000 0.9569
vn 0.0980 -0.0000 0.9952
vn -0.0980 -0.0000 0.9952
vn -0.2903 -0.0000 0.9569
vn -0.4714 -0.0000 0.8819
vn -0.6344 -0.0000 0.7730
vn -0.7730 -0.0000 0.6344
vn -0.8819 -0.0000 0.4714
vn -0.9569 -0.0000 0.2903
vn -0.9952 -0.0000 0.0980
vn -0.9952 -0.0000 -0.0980
vn -0.9569 -0.0000 -0.2903
vn -0.8819 -0.0000 -0.4714
vn -0.7730 -0.0000 -0.6344
vn -0.6344 -0.0000 -0.7730
vn -0.4714 -0.0000 -0.8819
vn -0.0000 1.0000 -0.0000
vn -0.2903 -0.0000 -0.9569
vn -0.0980 -0.0000 -0.9952
vn -0.0000 -1.0000 -0.0000
vt 1.000000 0.500000
vt 1.000000 1.000000
vt 0.968750 1.000000
vt 0.968750 0.500000
vt 0.937500 1.000000
vt 0.937500 0.500000
vt 0.906250 1.000000
vt 0.906250 0.500000
vt 0.875000 1.000000
vt 0.875000 0.500000
vt 0.843750 1.000000
vt 0.843750 0.500000
vt 0.812500 1.000000
vt 0.812500 0.500000
vt 0.781250 1.000000
vt 0.781250 0.500000
vt 0.750000 1.000000
vt 0.750000 0.500000
vt 0.718750 1.000000
vt 0.718750 0.500000
vt 0.687500 1.000000
vt 0.687500 0.500000
vt 0.656250 1.000000
vt 0.656250 0.500000
vt 0.625000 1.000000
vt 0.625000 0.500000
vt 0.593750 1.000000
vt 0.593750 0.500000
vt 0.562500 1.000000
vt 0.562500 0.500000
vt 0.531250 1.000000
vt 0.531250 0.500000
vt 0.500000 1.000000
vt 0.500000 0.500000
vt 0.468750 1.000000
vt 0.468750 0.500000
vt 0.437500 1.000000
vt 0.437500 0.500000
vt 0.406250 1.000000
vt 0.406250 0.500000
vt 0.375000 1.000000
vt 0.375000 0.500000
vt 0.343750 1.000000
vt 0.343750 0.500000
vt 0.312500 1.000000
vt 0.312500 0.500000
vt 0.281250 1.000000
vt 0.281250 0.500000
vt 0.250000 1.000000
vt 0.250000 0.500000
vt 0.218750 1.000000
vt 0.218750 0.500000
vt 0.187500 1.000000
vt 0.187500 0.500000
vt 0.156250 1.000000
vt 0.156250 0.500000
vt 0.125000 1.000000
vt 0.125000 0.500000
vt 0.093750 1.000000
vt 0.093750 0.500000
vt 0.062500 1.000000
vt 0.062500 0.500000
vt 0.296822 0.485388
vt 0.250000 0.490000
vt 0.203178 0.485388
vt 0.158156 0.471731
vt 0.116663 0.449553
vt 0.080294 0.419706
vt 0.050447 0.383337
vt 0.028269 0.341844
vt 0.014612 0.296822
vt 0.010000 0.250000
vt 0.014612 0.203178
vt 0.028269 0.158156
vt 0.050447 0.116663
vt 0.080294 0.080294
vt 0.116663 0.050447
vt 0.158156 0.028269
vt 0.203178 0.014612
vt 0.250000 0.010000
vt 0.296822 0.014612
vt 0.341844 0.028269
vt 0.383337 0.050447
vt 0.419706 0.080294
vt 0.449553 0.116663
vt 0.471731 0.158156
vt 0.485388 0.203178
vt 0.490000 0.250000
vt 0.485388 0.296822
vt 0.471731 0.341844
vt 0.449553 0.383337
vt 0.419706 0.419706
vt 0.383337 0.449553
vt 0.341844 0.471731
vt 0.031250 1.000000
vt 0.031250 0.500000
vt 0.000000 1.000000
vt 0.000000 0.500000
vt 0.750000 0.490000
vt 0.796822 0.485388
vt 0.841844 0.471731
vt 0.883337 0.449553
vt 0.919706 0.419706
vt 0.949553 0.383337
vt 0.971731 0.341844
vt 0.985388 0.296822
vt 0.990000 0.250000
vt 0.985388 0.203178
vt 0.971731 0.158156
vt 0.949553 0.116663
vt 0.919706 0.080294
vt 0.883337 0.050447
vt 0.841844 0.028269
vt 0.796822 0.014612
vt 0.750000 0.010000
vt 0.703178 0.014612
vt 0.658156 0.028269
vt 0.616663 0.050447
vt 0.580294 0.080294
vt 0.550447 0.116663
vt 0.528269 0.158156
vt 0.514612 0.203178
vt 0.510000 0.250000
vt 0.514612 0.296822
vt 0.528269 0.341844
vt 0.550447 0.383337
vt 0.580294 0.419706
vt 0.616663 0.449553
vt 0.658156 0.471731
vt 0.703178 0.485388
s 0
usemtl Lamp_2_mat
f 2866/4232/1030 2867/4233/1030 2869/4234/1030 2868/4235/1030
f 2868/4235/1031 2869/4234/1031 2871/4236/1031 2870/4237/1031
f 2870/4237/1032 2871/4236/1032 2873/4238/1032 2872/4239/1032
f 2872/4239/1033 2873/4238/1033 2875/4240/1033 2874/4241/1033
f 2874/4241/1034 2875/4240/1034 2877/4242/1034 2876/4243/1034
f 2876/4243/1035 2877/4242/1035 2879/4244/1035 2878/4245/1035
f 2878/4245/1036 2879/4244/1036 2881/4246/1036 2880/4247/1036
f 2880/4247/1037 2881/4246/1037 2883/4248/1037 2882/4249/1037
f 2882/4249/1038 2883/4248/1038 2885/4250/1038 2884/4251/1038
f 2884/4251/1039 2885/4250/1039 2887/4252/1039 2886/4253/1039
f 2886/4253/1040 2887/4252/1040 2889/4254/1040 2888/4255/1040
f 2888/4255/1041 2889/4254/1041 2891/4256/1041 2890/4257/1041
f 2890/4257/1042 2891/4256/1042 2893/4258/1042 2892/4259/1042
f 2892/4259/1043 2893/4258/1043 2895/4260/1043 2894/4261/1043
f 2894/4261/1044 2895/4260/1044 2897/4262/1044 2896/4263/1044
f 2896/4263/1045 2897/4262/1045 2899/4264/1045 2898/4265/1045
f 2898/4265/1046 2899/4264/1046 2901/4266/1046 2900/4267/1046
f 2900/4267/1047 2901/4266/1047 2903/4268/1047 2902/4269/1047
f 2902/4269/1048 2903/4268/1048 2905/4270/1048 2904/4271/1048
f 2904/4271/1049 2905/4270/1049 2907/4272/1049 2906/4273/1049
f 2906/4273/1050 2907/4272/1050 2909/4274/1050 2908/4275/1050
f 2908/4275/1051 2909/4274/1051 2911/4276/1051 2910/4277/1051
f 2910/4277/1052 2911/4276/1052 2913/4278/1052 2912/4279/1052
f 2912/4279/1053 2913/4278/1053 2915/4280/1053 2914/4281/1053
f 2914/4281/1054 2915/4280/1054 2917/4282/1054 2916/4283/1054
f 2916/4283/1055 2917/4282/1055 2919/4284/1055 2918/4285/1055
f 2918/4285/1056 2919/4284/1056 2921/4286/1056 2920/4287/1056
f 2920/4287/1057 2921/4286/1057 2923/4288/1057 2922/4289/1057
f 2922/4289/1058 2923/4288/1058 2925/4290/1058 2924/4291/1058
f 2924/4291/1059 2925/4290/1059 2927/4292/1059 2926/4293/1059
f 2869/4294/1060 2867/4295/1060 2929/4296/1060 2927/4297/1060 2925/4298/1060 2923/4299/1060 2921/4300/1060 2919/4301/1060 2917/4302/1060 2915/4303/1060 2913/4304/1060 2911/4305/1060 2909/4306/1060 2907/4307/1060 2905/4308/1060 2903/4309/1060 2901/4310/1060 2899/4311/1060 2897/4312/1060 2895/4313/1060 2893/4314/1060 2891/4315/1060 2889/4316/1060 2887/4317/1060 2885/4318/1060 2883/4319/1060 2881/4320/1060 2879/4321/1060 2877/4322/1060 2875/4323/1060 2873/4324/1060 2871/4325/1060
f 2926/4293/1061 2927/4292/1061 2929/4326/1061 2928/4327/1061
f 2928/4327/1062 2929/4326/1062 2867/4328/1062 2866/4329/1062
f 2866/4330/1063 2868/4331/1063 2870/4332/1063 2872/4333/1063 2874/4334/1063 2876/4335/1063 2878/4336/1063 2880/4337/1063 2882/4338/1063 2884/4339/1063 2886/4340/1063 2888/4341/1063 2890/4342/1063 2892/4343/1063 2894/4344/1063 2896/4345/1063 2898/4346/1063 2900/4347/1063 2902/4348/1063 2904/4349/1063 2906/4350/1063 2908/4351/1063 2910/4352/1063 2912/4353/1063 2914/4354/1063 2916/4355/1063 2918/4356/1063 2920/4357/1063 2922/4358/1063 2924/4359/1063 2926/4360/1063 2928/4361/1063
o Lamp_3
v -3.400000 1.390000 -1.880000
v -3.400000 1.510000 -1.880000
v -3.364884 1.390000 -1.876541
v -3.364884 1.510000 -1.876541
v -3.331117 1.390000 -1.866298
v -3.331117 1.510000 -1.866298
v -3.299997 1.390000 -1.849665
v -3.299997 1.510000 -1.849665
v -3.272721 1.390000 -1.827279
v -3.272721 1.510000 -1.827279
v -3.250335 1.390000 -1.800003
v -3.250335 1.510000 -1.800003
v -3.233702 1.390000 -1.768883
v -3.233702 1.510000 -1.768883
v -3.223459 1.390000 -1.735116
v -3.223459 1.510000 -1.735116
v -3.220000 1.390000 -1.700000
v -3.220000 1.510000 -1.700000
v -3.223459 1.390000 -1.664884
v -3.223459 1.510000 -1.664884
v -3.233702 1.390000 -1.631117
v -3.233702 1.510000 -1.631117
v -3.250335 1.390000 -1.599997
v -3.250335 1.510000 -1.599997
v -3.272721 1.390000 -1.572721
v -3.272721 1.510000 -1.572721
v -3.299997 1.390000 -1.550336
v -3.299997 1.510000 -1.550336
v -3.331117 1.390000 -1.533702
v -3.331117 1.510000 -1.533702
v -3.364884 1.390000 -1.523459
v -3.364884 1.510000 -1.523459
v -3.400000 1.390000 -1.520000
v -3.400000 1.510000 -1.520000
v -3.435116 1.390000 -1.523459
v -3.435116 1.510000 -1.523459
v -3.468883 1.390000 -1.533702
v -3.468883 1.510000 -1.533702
v -3.500003 1.390000 -1.550336
v -3.500003 1.510000 -1.550336
v -3.527279 1.390000 -1.572721
v -3.527279 1.510000 -1.572721
v -3.549665 1.390000 -1.599997
v -3.549665 1.510000 -1.599997
v -3.566298 1.390000 -1.631117
v -3.566298 1.510000 -1.631117
v -3.576541 1.390000 -1.664884
v -3.576541 1.510000 -1.664884
v -3.580000 1.390000 -1.700000
v -3.580000 1.510000 -1.700000
v -3.576541 1.390000 -1.735116
v -3.576541 1.510000 -1.735116
v -3.566298 1.390000 -1.768883
v -3.566298 1.510000 -1.768883
v -3.549665 1.390000 -1.800003
v -3.549665 1.510000 -1.800003
v -3.527279 1.390000 -1.827279
v -3.527279 1.510000 -1.827279
v -3.500003 1.390000 -1.849665
v -3.500003 1.510000 -1.849665
v -3.468883 1.390000 -1.866298
v -3.468883 1.510000 -1.866298
v -3.435116 1.390000 -1.876541
v -3.435116 1.510000 -1.876541
vn 0.0980 -0.0000 -0.9952
vn 0.2903 -0.0000 -0.9569
vn 0.4714 -0.0000 -0.8819
vn 0.6344 -0.0000 -0.7730
vn 0.7730 -0.0000 -0.6344
vn 0.8819 -0.0000 -0.4714
vn 0.9569 -0.0000 -0.2903
vn 0.9952 -0.0000 -0.0980
vn 0.9952 -0.0000 0.0980
vn 0.9569 -0.0000 0.2903
vn 0.8819 -0.0000 0.4714
vn 0.7730 -0.0000 0.6344
vn 0.6344 -0.0000 0.7730
vn 0.4714 -0.0000 0.8819
vn 0.2903 -0.0000 0.9569
vn 0.0980 -0.0000 0.9952
vn -0.0980 -0.0000 0.9952
vn -0.2903 -0.0000 0.9569
vn -0.4714 -0.0000 0.8819
vn -0.6344 -0.0000 0.7730
vn -0.7730 -0.0000 0.6344
vn -0.8819 -0.0000 0.4714
vn -0.9569 -0.0000 0.2903
vn -0.9952 -0.0000 0.0980
vn -0.9952 -0.0000 -0.0980
vn -0.9569 -0.0000 -0.2903
vn -0.8819 -0.0000 -0.4714
vn -0.7730 -0.0000 -0.6344
vn -0.6344 -0.0000 -0.7730
vn -0.4714 -0.0000 -0.8819
vn -0.0000 1.0000 -0.0000
vn -0.2903 -0.0000 -0.9569
vn -0.0980 -0.0000 -0.9952
vn -0.0000 -1.0000 -0.0000
vt 1.000000 0.500000
vt 1.000000 1.000000
vt 0.968750 1.000000
vt 0.968750 0.500000
vt 0.937500 1.000000
vt 0.937500 0.500000
vt 0.906250 1.000000
vt 0.906250 0.500000
vt 0.875000 1.000000
vt 0.875000 0.500000
vt 0.843750 1.000000
vt 0.843750 0.500000
vt 0.812500 1.000000
vt 0.812500 0.500000
vt 0.781250 1.000000
vt 0.781250 0.500000
vt 0.750000 1.000000
vt 0.750000 0.500000
vt 0.718750 1.000000
vt 0.718750 0.500000
vt 0.687500 1.000000
vt 0.687500 0.500000
vt 0.656250 1.000000
vt 0.656250 0.500000
vt 0.625000 1.000000
vt 0.625000 0.500000
vt 0.593750 1.000000
vt 0.593750 0.500000
vt 0.562500 1.000000
vt 0.562500 0.500000
vt 0.531250 1.000000
vt 0.531250 0.500000
vt 0.500000 1.000000
vt 0.500000 0.500000
vt 0.468750 1.000000
vt 0.468750 0.500000
vt 0.437500 1.000000
vt 0.437500 0.500000
vt 0.406250 1.000000
vt 0.406250 0.500000
vt 0.375000 1.000000
vt 0.375000 0.500000
vt 0.343750 1.000000
vt 0.343750 0.500000
vt 0.312500 1.000000
vt 0.312500 0.500000
vt 0.281250 1.000000
vt 0.281250 0.500000
vt 0.250000 1.000000
vt 0.250000 0.500000
vt 0.218750 1.000000
vt 0.218750 0.500000
vt 0.187500 1.000000
vt 0.187500 0.500000
vt 0.156250 1.000000
vt 0.156250 0.500000
vt 0.125000 1.000000
vt 0.125000 0.500000
vt 0.093750 1.000000
vt 0.093750 0.500000
vt 0.062500 1.000000
vt 0.062500 0.500000
vt 0.296822 0.485388
vt 0.250000 0.490000
vt 0.203178 0.485388
vt 0.158156 0.471731
vt 0.116663 0.449553
vt 0.080294 0.419706
vt 0.050447 0.383337
vt 0.028269 0.341844
vt 0.014612 0.296822
vt 0.010000 0.250000
vt 0.014612 0.203178
vt 0.028269 0.158156
vt 0.050447 0.116663
vt 0.080294 0.080294
vt 0.116663 0.050447
vt 0.158156 0.028269
vt 0.203178 0.014612
vt 0.250000 0.010000
vt 0.296822 0.014612
vt 0.341844 0.028269
vt 0.383337 0.050447
vt 0.419706 0.080294
vt 0.449553 0.116663
vt 0.471731 0.158156
vt 0.485388 0.203178
vt 0.490000 0.250000
vt 0.485388 0.296822
vt 0.471731 0.341844
vt 0.449553 0.383337
vt 0.419706 0.419706
vt 0.383337 0.449553
vt 0.341844 0.471731
vt 0.031250 1.000000
vt 0.031250 0.500000
vt 0.000000 1.000000
vt 0.000000 0.500000
vt 0.750000 0.490000
vt 0.796822 0.485388
vt 0.841844 0.471731
vt 0.883337 0.449553
vt 0.919706 0.419706
vt 0.949553 0.383337
vt 0.971731 0.341844
vt 0.985388 0.296822
vt 0.990000 0.250000
vt 0.985388 0.203178
vt 0.971731 0.158156
vt 0.949553 0.116663
vt 0.919706 0.080294
vt 0.883337 0.050447
vt 0.841844 0.028269
vt 0.796822 0.014612
vt 0.750000 0.010000
vt 0.703178 0.014612
vt 0.658156 0.028269
vt 0.616663 0.050447
vt 0.580294 0.080294
vt 0.550447 0.116663
vt 0.528269 0.158156
vt 0.514612 0.203178
vt 0.510000 0.250000
vt 0.514612 0.296822
vt 0.528269 0.341844
vt 0.550447 0.383337
vt 0.580294 0.419706
vt 0.616663 0.449553
vt 0.658156 0.471731
vt 0.703178 0.485388
s 0
usemtl Lamp_3_mat
f 2930/4362/1064 2931/4363/1064 2933/4364/1064 2932/4365/1064
f 2932/4365/1065 2933/4364/1065 2935/4366/1065 2934/4367/1065
f 2934/4367/1066 2935/4366/1066 2937/4368/1066 2936/4369/1066
f 2936/4369/1067 2937/4368/1067 2939/4370/1067 2938/4371/1067
f 2938/4371/1068 2939/4370/1068 2941/4372/1068 2940/4373/1068
f 2940/4373/1069 2941/4372/1069 2943/4374/1069 2942/4375/1069
f 2942/4375/1070 2943/4374/1070 2945/4376/1070 2944/4377/1070
f 2944/4377/1071 2945/4376/1071 2947/4378/1071 2946/4379/1071
f 2946/4379/1072 2947/4378/1072 2949/4380/1072 2948/4381/1072
f 2948/4381/1073 2949/4380/1073 2951/4382/1073 2950/4383/1073
f 2950/4383/1074 2951/4382/1074 2953/4384/1074 2952/4385/1074
f 2952/4385/1075 2953/4384/1075 2955/4386/1075 2954/4387/1075
f 2954/4387/1076 2955/4386/1076 2957/4388/1076 2956/4389/1076
f 2956/4389/1077 2957/4388/1077 2959/4390/1077 2958/4391/1077
f 2958/4391/1078 2959/4390/1078 2961/4392/1078 2960/4393/1078
f 2960/4393/1079 2961/4392/1079 2963/4394/1079 2962/4395/1079
f 2962/4395/1080 2963/4394/1080 2965/4396/1080 2964/4397/1080
f 2964/4397/1081 2965/4396/1081 2967/4398/1081 2966/4399/1081
f 2966/4399/1082 2967/4398/1082 2969/4400/1082 2968/4401/1082
f 2968/4401/1083 2969/4400/1083 2971/4402/1083 2970/4403/1083
f 2970/4403/1084 2971/4402/1084 2973/4404/1084 2972/4405/1084
f 2972/4405/1085 2973/4404/1085 2975/4406/1085 2974/4407/1085
f 2974/4407/1086 2975/4406/1086 2977/4408/1086 2976/4409/1086
f 2976/4409/1087 2977/4408/1087 2979/4410/1087 2978/4411/1087
f 2978/4411/1088 2979/4410/1088 2981/4412/1088 2980/4413/1088
f 2980/4413/1089 2981/4412/1089 2983/4414/1089 2982/4415/1089
f 2982/4415/1090 2983/4414/1090 2985/4416/1090 2984/4417/1090
f 2984/4417/1091 2985/4416/1091 2987/4418/1091 2986/4419/1091
f 2986/4419/1092 2987/4418/1092 2989/4420/1092 2988/4421/1092
f 2988/4421/1093 2989/4420/1093 2991/4422/1093 2990/4423/1093
f 2933/4424/1094 2931/4425/1094 2993/4426/1094 2991/4427/1094 2989/4428/1094 2987/4429/1094 2985/4430/1094 2983/4431/1094 2981/4432/1094 2979/4433/1094 2977/4434/1094 2975/4435/1094 2973/4436/1094 2971/4437/1094 2969/4438/1094 2967/4439/1094 2965/4440/1094 2963/4441/1094 2961/4442/1094 2959/4443/1094 2957/4444/1094 2955/4445/1094 2953/4446/1094 2951/4447/1094 2949/4448/1094 2947/4449/1094 2945/4450/1094 2943/4451/1094 2941/4452/1094 2939/4453/1094 2937/4454/1094 2935/4455/1094
f 2990/4423/1095 2991/4422/1095 2993/4456/1095 2992/4457/1095
f 2992/4457/1096 2993/4456/1096 2931/4458/1096 2930/4459/1096
f 2930/4460/1097 2932/4461/1097 2934/4462/1097 2936/4463/1097 2938/4464/1097 2940/4465/1097 2942/4466/1097 2944/4467/1097 2946/4468/1097 2948/4469/1097 2950/4470/1097 2952/4471/1097 2954/4472/1097 2956/4473/1097 2958/4474/1097 2960/4475/1097 2962/4476/1097 2964/4477/1097 2966/4478/1097 2968/4479/1097 2970/4480/1097 2972/4481/1097 2974/4482/1097 2976/4483/1097 2978/4484/1097 2980/4485/1097 2982/4486/1097 2984/4487/1097 2986/4488/1097 2988/4489/1097 2990/4490/1097 2992/4491/1097
o Lamp_4
v 3.300000 1.390000 1.920000
v 3.300000 1.510000 1.920000
v 3.335116 1.390000 1.923459
v 3.335116 1.510000 1.923459
v 3.368883 1.390000 1.933702
v 3.368883 1.510000 1.933702
v 3.400002 1.390000 1.950335
v 3.400002 1.510000 1.950335
v 3.427279 1.390000 1.972721
v 3.427279 1.510000 1.972721
v 3.449665 1.390000 1.999997
v 3.449665 1.510000 1.999997
v 3.466298 1.390000 2.031117
v 3.466298 1.510000 2.031117
v 3.476541 1.390000 2.064884
v 3.476541 1.510000 2.064884
v 3.480000 1.390000 2.100000
v 3.480000 1.510000 2.100000
v 3.476541 1.390000 2.135116
v 3.476541 1.510000 2.135116
v 3.466298 1.390000 2.168883
v 3.466298 1.510000 2.168883
v 3.449665 1.390000 2.200003
v 3.449665 1.510000 2.200003
v 3.427279 1.390000 2.227279
v 3.427279 1.510000 2.227279
v 3.400002 1.390000 2.249665
v 3.400002 1.510000 2.249665
v 3.368883 1.390000 2.266298
v 3.368883 1.510000 2.266298
v 3.335116 1.390000 2.276541
v 3.335116 1.510000 2.276541
v 3.300000 1.390000 2.280000
v 3.300000 1.510000 2.280000
v 3.264884 1.390000 2.276541
v 3.264884 1.510000 2.276541
v 3.231117 1.390000 2.266298
v 3.231117 1.510000 2.266298
v 3.199997 1.390000 2.249665
v 3.199997 1.510000 2.249665
v 3.172721 1.390000 2.227279
v 3.172721 1.510000 2.227279
v 3.150335 1.390000 2.200003
v 3.150335 1.510000 2.200003
v 3.133702 1.390000 2.168883
v 3.133702 1.510000 2.168883
v 3.123459 1.390000 2.135116
v 3.123459 1.510000 2.135116
v 3.120000 1.390000 2.100000
v 3.120000 1.510000 2.100000
v 3.123459 1.390000 2.064884
v 3.123459 1.510000 2.064884
v 3.133702 1.390000 2.031117
v 3.133702 1.510000 2.031117
v 3.150335 1.390000 1.999997
v 3.150335 1.510000 1.999997
v 3.172721 1.390000 1.972721
v 3.172721 1.510000 1.972721
v 3.199997 1.390000 1.950335
v 3.199997 1.510000 1.950335
v 3.231117 1.390000 1.933702
v 3.231117 1.510000 1.933702
v 3.264884 1.390000 1.923459
v 3.264884 1.510000 1.923459
vn 0.0980 -0.0000 -0.9952
vn 0.2903 -0.0000 -0.9569
vn 0.4714 -0.0000 -0.8819
vn 0.6344 -0.0000 -0.7730
vn 0.7730 -0.0000 -0.6344
vn 0.8819 -0.0000 -0.4714
vn 0.9569 -0.0000 -0.2903
vn 0.9952 -0.0000 -0.0980
vn 0.9952 -0.0000 0.0980
vn 0.9569 -0.0000 0.2903
vn 0.8819 -0.0000 0.4714
vn 0.7730 -0.0000 0.6344
vn 0.6344 -0.0000 0.7730
vn 0.4714 -0.0000 0.8819
vn 0.2903 -0.0000 0.9569
vn 0.0980 -0.0000 0.9952
vn -0.0980 -0.0000 0.9952
vn -0.2903 -0.0000 0.9569
vn -0.4714 -0.0000 0.8819
vn -0.6344 -0.0000 0.7730
vn -0.7730 -0.0000 0.6344
vn -0.8819 -0.0000 0.4714
vn -0.9569 -0.0000 0.2903
vn -0.9952 -0.0000 0.0980
vn -0.9952 -0.0000 -0.0980
vn -0.9569 -0.0000 -0.2903
vn -0.8819 -0.0000 -0.4714
vn -0.7730 -0.0000 -0.6344
vn -0.6344 -0.0000 -0.7730
vn -0.4714 -0.0000 -0.8819
vn -0.0000 1.0000 -0.0000
vn -0.2903 -0.0000 -0.9569
vn -0.0980 -0.0000 -0.9952
vn -0.0000 -1.0000 -0.0000
vt 1.000000 0.500000
vt 1.000000 1.000000
vt 0.968750 1.000000
vt 0.968750 0.500000
vt 0.937500 1.000000
vt 0.937500 0.500000
vt 0.906250 1.000000
vt 0.906250 0.500000
vt 0.875000 1.000000
vt 0.875000 0.500000
vt 0.843750 1.000000
vt 0.843750 0.500000
vt 0.812500 1.000000
vt 0.812500 0.500000
vt 0.781250 1.000000
vt 0.781250 0.500000
vt 0.750000 1.000000
vt 0.750000 0.500000
vt 0.718750 1.000000
vt 0.718750 0.500000
vt 0.687500 1.000000
vt 0.687500 0.500000
vt 0.656250 1.000000
vt 0.656250 0.500000
vt 0.625000 1.000000
vt 0.625000 0.500000
vt 0.593750 1.000000
vt 0.593750 0.500000
vt 0.562500 1.000000
vt 0.562500 0.500000
vt 0.531250 1.000000
vt 0.531250 0.500000
vt 0.500000 1.000000
vt 0.500000 0.500000
vt 0.468750 1.000000
vt 0.468750 0.500000
vt 0.437500 1.000000
vt 0.437500 0.500000
vt 0.406250 1.000000
vt 0.406250 0.500000
vt 0.375000 1.000000
vt 0.375000 0.500000
vt 0.343750 1.000000
vt 0.343750 0.500000
vt 0.312500 1.000000
vt 0.312500 0.500000
vt 0.281250 1.000000
vt 0.281250 0.500000
vt 0.250000 1.000000
vt 0.250000 0.500000
vt 0.218750 1.000000
vt 0.218750 0.500000
vt 0.187500 1.000000
vt 0.187500 0.500000
vt 0.156250 1.000000
vt 0.156250 0.500000
vt 0.125000 1.000000
vt 0.125000 0.500000
vt 0.093750 1.000000
vt 0.093750 0.500000
vt 0.062500 1.000000
vt 0.062500 0.500000
vt 0.296822 0.485388
vt 0.250000 0.490000
vt 0.203178 0.485388
vt 0.158156 0.471731
vt 0.116663 0.449553
vt 0.080294 0.419706
vt 0.050447 0.383337
vt 0.028269 0.341844
vt 0.014612 0.296822
vt 0.010000 0.250000
vt 0.014612 0.203178
vt 0.028269 0.158156
vt 0.050447 0.116663
vt 0.080294 0.080294
vt 0.116663 0.050447
vt 0.158156 0.028269
vt 0.203178 0.014612
vt 0.250000 0.010000
vt 0.296822 0.014612
vt 0.341844 0.028269
vt 0.383337 0.050447
vt 0.419706 0.080294
vt 0.449553 0.116663
vt 0.471731 0.158156
vt 0.485388 0.203178
vt 0.490000 0.250000
vt 0.485388 0.296822
vt 0.471731 0.341844
vt 0.449553 0.383337
vt 0.419706 0.419706
vt 0.383337 0.449553
vt 0.341844 0.471731
vt 0.031250 1.000000
vt 0.031250 0.500000
vt 0.000000 1.000000
vt 0.000000 0.500000
vt 0.750000 0.490000
vt 0.796822 0.485388
vt 0.841844 0.471731
vt 0.883337 0.449553
vt 0.919706 0.419706
vt 0.949553 0.383337
vt 0.971731 0.341844
vt 0.985388 0.296822
vt 0.990000 0.250000
vt 0.985388 0.203178
vt 0.971731 0.158156
vt 0.949553 0.116663
vt 0.919706 0.080294
vt 0.883337 0.050447
vt 0.841844 0.028269
vt 0.796822 0.014612
vt 0.750000 0.010000
vt 0.703178 0.014612
vt 0.658156 0.028269
vt 0.616663 0.050447
vt 0.580294 0.080294
vt 0.550447 0.116663
vt 0.528269 0.158156
vt 0.514612 0.203178
vt 0.510000 0.250000
vt 0.514612 0.296822
vt 0.528269 0.341844
vt 0.550447 0.383337
vt 0.580294 0.419706
vt 0.616663 0.449553
vt 0.658156 0.471731
vt 0.703178 0.485388
s 0
usemtl Lamp_4_mat
f 2994/4492/1098 2995/4493/1098 2997/4494/1098 2996/4495/1098
f 2996/4495/1099 2997/4494/1099 2999/4496/1099 2998/4497/1099
f 2998/4497/1100 2999/4496/1100 3001/4498/1100 3000/4499/1100
f 3000/4499/1101 3001/4498/1101 3003/4500/1101 3002/4501/1101
f 3002/4501/1102 3003/4500/1102 3005/4502/1102 3004/4503/1102
f 3004/4503/1103 3005/4502/1103 3007/4504/1103 3006/4505/1103
f 3006/4505/1104 3007/4504/1104 3009/4506/1104 3008/4507/1104
f 3008/4507/1105 3009/4506/1105 3011/4508/1105 3010/4509/1105
f 3010/4509/1106 3011/4508/1106 3013/4510/1106 3012/4511/1106
f 3012/4511/1107 3013/4510/1107 3015/4512/1107 3014/4513/1107
f 3014/4513/1108 3015/4512/1108 3017/4514/1108 3016/4515/1108
f 3016/4515/1109 3017/4514/1109 3019/4516/1109 3018/4517/1109
f 3018/4517/1110 3019/4516/1110 3021/4518/1110 3020/4519/1110
f 3020/4519/1111 3021/4518/1111 3023/4520/1111 3022/4521/1111
f 3022/4521/1112 3023/4520/1112 3025/4522/1112 3024/4523/1112
f 3024/4523/1113 3025/4522/1113 3027/4524/1113 3026/4525/1113
f 3026/4525/1114 3027/4524/1114 3029/4526/1114 3028/4527/1114
f 3028/4527/1115 3029/4526/1115 3031/4528/1115 3030/4529/1115
f 3030/4529/1116 3031/4528/1116 3033/4530/1116 3032/4531/1116
f 3032/4531/1117 3033/4530/1117 3035/4532/1117 3034/4533/1117
f 3034/4533/1118 3035/4532/1118 3037/4534/1118 3036/4535/1118
f 3036/4535/1119 3037/4534/1119 3039/4536/1119 3038/4537/1119
f 3038/4537/1120 3039/4536/1120 3041/4538/1120 3040/4539/1120
f 3040/4539/1121 3041/4538/1121 3043/4540/1121 3042/4541/1121
f 3042/4541/1122 3043/4540/1122 3045/4542/1122 3044/4543/1122
f 3044/4543/1123 3045/4542/1123 3047/4544/1123 3046/4545/1123
f 3046/4545/1124 3047/4544/1124 3049/4546/1124 3048/4547/1124
f 3048/4547/1125 3049/4546/1125 3051/4548/1125 3050/4549/1125
f 3050/4549/1126 3051/4548/1126 3053/4550/1126 3052/4551/1126
f 3052/4551/1127 3053/4550/1127 3055/4552/1127 3054/4553/1127
f 2997/4554/1128 2995/4555/1128 3057/4556/1128 3055/4557/1128 3053/4558/1128 3051/4559/1128 3049/4560/1128 3047/4561/1128 3045/4562/1128 3043/4563/1128 3041/4564/1128 3039/4565/1128 3037/4566/1128 3035/4567/1128 3033/4568/1128 3031/4569/1128 3029/4570/1128 3027/4571/1128 3025/4572/1128 3023/4573/1128 3021/4574/1128 3019/4575/1128 3017/4576/1128 3015/4577/1128 3013/4578/1128 3011/4579/1128 3009/4580/1128 3007/4581/1128 3005/4582/1128 3003/4583/1128 3001/4584/1128 2999/4585/1128
f 3054/4553/1129 3055/4552/1129 3057/4586/1129 3056/4587/1129
f 3056/4587/1130 3057/4586/1130 2995/4588/1130 2994/4589/1130
f 2994/4590/1131 2996/4591/1131 2998/4592/1131 3000/4593/1131 3002/4594/1131 3004/4595/1131 3006/4596/1131 3008/4597/1131 3010/4598/1131 3012/4599/1131 3014/4600/1131 3016/4601/1131 3018/4602/1131 3020/4603/1131 3022/4604/1131 3024/4605/1131 3026/4606/1131 3028/4607/1131 3030/4608/1131 3032/4609/1131 3034/4610/1131 3036/4611/1131 3038/4612/1131 3040/4613/1131 3042/4614/1131 3044/4615/1131 3046/4616/1131 3048/4617/1131 3050/4618/1131 3052/4619/1131 3054/4620/1131 3056/4621/1131
o Lamp_5
v 1.200000 1.390000 -0.880000
v 1.200000 1.510000 -0.880000
v 1.235116 1.390000 -0.876541
v 1.235116 1.510000 -0.876541
v 1.268883 1.390000 -0.866298
v 1.268883 1.510000 -0.866298
v 1.300003 1.390000 -0.849665
v 1.300003 1.510000 -0.849665
v 1.327279 1.390000 -0.827279
v 1.327279 1.510000 -0.827279
v 1.349665 1.390000 -0.800003
v 1.349665 1.510000 -0.800003
v 1.366298 1.390000 -0.768883
v 1.366298 1.510000 -0.768883
v 1.376541 1.390000 -0.735116
v 1.376541 1.510000 -0.735116
v 1.380000 1.390000 -0.700000
v 1.380000 1.510000 -0.700000
v 1.376541 1.390000 -0.664884
v 1.376541 1.510000 -0.664884
v 1.366298 1.390000 -0.631117
v 1.366298 1.510000 -0.631117
v 1.349665 1.390000 -0.599997
v 1.349665 1.510000 -0.599997
v 1.327279 1.390000 -0.572721
v 1.327279 1.510000 -0.572721
v 1.300003 1.390000 -0.550335
v 1.300003 1.510000 -0.550335
v 1.268883 1.390000 -0.533702
v 1.268883 1.510000 -0.533702
v 1.235116 1.390000 -0.523459
v 1.235116 1.510000 -0.523459
v 1.200000 1.390000 -0.520000
v 1.200000 1.510000 -0.520000
v 1.164884 1.390000 -0.523459
v 1.164884 1.510000 -0.523459
v 1.131117 1.390000 -0.533702
v 1.131117 1.510000 -0.533702
v 1.099997 1.390000 -0.550335
v 1.099997 1.510000 -0.550335
v 1.072721 1.390000 -0.572721
v 1.072721 1.510000 -0.572721
v 1.050336 1.390000 -0.599997
v 1.050336 1.510000 -0.599997
v 1.033702 1.390000 -0.631117
v 1.033702 1.510000 -0.631117
v 1.023459 1.390000 -0.664884
v 1.023459 1.510000 -0.664884
v 1.020000 1.390000 -0.700000
v 1.020000 1.510000 -0.700000
v 1.023459 1.390000 -0.735116
v 1.023459 1.510000 -0.735116
v 1.033702 1.390000 -0.768883
v 1.033702 1.510000 -0.768883
v 1.050336 1.390000 -0.800003
v 1.050336 1.510000 -0.800003
v 1.072721 1.390000 -0.827279
v 1.072721 1.510000 -0.827279
v 1.099997 1.390000 -0.849665
v 1.099997 1.510000 -0.849665
v 1.131117 1.390000 -0.866298
v 1.131117 1.510000 -0.866298
v 1.164884 1.390000 -0.876541
v 1.164884 1.510000 -0.876541
vn 0.0980 -0.0000 -0.9952
vn 0.2903 -0.0000 -0.9569
vn 0.4714 -0.0000 -0.8819
vn 0.6344 -0.0000 -0.7730
vn 0.7730 -0.0000 -0.6344
vn 0.8819 -0.0000 -0.4714
vn 0.9569 -0.0000 -0.2903
vn 0.9952 -0.0000 -0.0980
vn 0.9952 -0.0000 0.0980
vn 0.9569 -0.0000 0.2903
vn 0.8819 -0.0000 0.4714
vn 0.7730 -0.0000 0.6344
vn 0.6344 -0.0000 0.7730
vn 0.4714 -0.0000 0.8819
vn 0.2903 -0.0000 0.9569
vn 0.0980 -0.0000 0.9952
vn -0.0980 -0.0000 0.9952
vn -0.2903 -0.0000 0.9569
vn -0.4714 -0.0000 0.8819
vn -0.6344 -0.0000 0.7730
vn -0.7730 -0.0000 0.6344
vn -0.8819 -0.0000 0.4714
vn -0.9569 -0.0000 0.2903
vn -0.9952 -0.0000 0.0980
vn -0.9952 -0.0000 -0.0980
vn -0.9569 -0.0000 -0.2903
vn -0.8819 -0.0000 -0.4714
vn -0.7730 -0.0000 -0.6344
vn -0.6344 -0.0000 -0.7730
vn -0.4714 -0.0000 -0.8819
vn -0.0000 1.0000 -0.0000
vn -0.2903 -0.0000 -0.9569
vn -0.0980 -0.0000 -0.9952
vn -0.0000 -1.0000 -0.0000
vt 1.000000 0.500000
vt 1.000000 1.000000
vt 0.968750 1.000000
vt 0.968750 0.500000
vt 0.937500 1.000000
vt 0.937500 0.500000
vt 0.906250 1.000000
vt 0.906250 0.500000
vt 0.875000 1.000000
vt 0.875000 0.500000
vt 0.843750 1.000000
vt 0.843750 0.500000
vt 0.812500 1.000000
vt 0.812500 0.500000
vt 0.781250 1.000000
vt 0.781250 0.500000
vt 0.750000 1.000000
vt 0.750000 0.500000
vt 0.718750 1.000000
vt 0.718750 0.500000
vt 0.687500 1.000000
vt 0.687500 0.500000
vt 0.656250 1.000000
vt 0.656250 0.500000
vt 0.625000 1.000000
vt 0.625000 0.500000
vt 0.593750 1.000000
vt 0.593750 0.500000
vt 0.562500 1.000000
vt 0.562500 0.500000
vt 0.531250 1.000000
vt 0.531250 0.500000
vt 0.500000 1.000000
vt 0.500000 0.500000
vt 0.468750 1.000000
vt 0.468750 0.500000
vt 0.437500 1.000000
vt 0.437500 0.500000
vt 0.406250 1.000000
vt 0.406250 0.500000
vt 0.375000 1.000000
vt 0.375000 0.500000
vt 0.343750 1.000000
vt 0.343750 0.500000
vt 0.312500 1.000000
vt 0.312500 0.500000
vt 0.281250 1.000000
vt 0.281250 0.500000
vt 0.250000 1.000000
vt 0.250000 0.500000
vt 0.218750 1.000000
vt 0.218750 0.500000
vt 0.187500 1.000000
vt 0.187500 0.500000
vt 0.156250 1.000000
vt 0.156250 0.500000
vt 0.125000 1.000000
vt 0.125000 0.500000
vt 0.093750 1.000000
vt 0.093750 0.500000
vt 0.062500 1.000000
vt 0.062500 0.500000
vt 0.296822 0.485388
vt 0.250000 0.490000
vt 0.203178 0.485388
vt 0.158156 0.471731
vt 0.116663 0.449553
vt 0.080294 0.419706
vt 0.050447 0.383337
vt 0.028269 0.341844
vt 0.014612 0.296822
vt 0.010000 0.250000
vt 0.014612 0.203178
vt 0.028269 0.158156
vt 0.050447 0.116663
vt 0.080294 0.080294
vt 0.116663 0.050447
vt 0.158156 0.028269
vt 0.203178 0.014612
vt 0.250000 0.010000
vt 0.296822 0.014612
vt 0.341844 0.028269
vt 0.383337 0.050447
vt 0.419706 0.080294
vt 0.449553 0.116663
vt 0.471731 0.158156
vt 0.485388 0.203178
vt 0.490000 0.250000
vt 0.485388 0.296822
vt 0.471731 0.341844
vt 0.449553 0.383337
vt 0.419706 0.419706
vt 0.383337 0.449553
vt 0.341844 0.471731
vt 0.031250 1.000000
vt 0.031250 0.500000
vt 0.000000 1.000000
vt 0.000000 0.500000
vt 0.750000 0.490000
vt 0.796822 0.485388
vt 0.841844 0.471731
vt 0.883337 0.449553
vt 0.919706 0.419706
vt 0.949553 0.383337
vt 0.971731 0.341844
vt 0.985388 0.296822
vt 0.990000 0.250000
vt 0.985388 0.203178
vt 0.971731 0.158156
vt 0.949553 0.116663
vt 0.919706 0.080294
vt 0.883337 0.050447
vt 0.841844 0.028269
vt 0.796822 0.014612
vt 0.750000 0.010000
vt 0.703178 0.014612
vt 0.658156 0.028269
vt 0.616663 0.050447
vt 0.580294 0.080294
vt 0.550447 0.116663
vt 0.528269 0.158156
vt 0.514612 0.203178
vt 0.510000 0.250000
vt 0.514612 0.296822
vt 0.528269 0.341844
vt 0.550447 0.383337
vt 0.580294 0.419706
vt 0.616663 0.449553
vt 0.658156 0.471731
vt 0.703178 0.485388
s 0
usemtl Lamp_5_mat
f 3058/4622/1132 3059/4623/1132 3061/4624/1132 3060/4625/1132
f 3060/4625/1133 3061/4624/1133 3063/4626/1133 3062/4627/1133
f 3062/4627/1134 3063/4626/1134 3065/4628/1134 3064/4629/1134
f 3064/4629/1135 3065/4628/1135 3067/4630/1135 3066/4631/1135
f 3066/4631/1136 3067/4630/1136 3069/4632/1136 3068/4633/1136
f 3068/4633/1137 3069/4632/1137 3071/4634/1137 3070/4635/1137
f 3070/4635/1138 3071/4634/1138 3073/4636/1138 3072/4637/1138
f 3072/4637/1139 3073/4636/1139 3075/4638/1139 3074/4639/1139
f 3074/4639/1140 3075/4638/1140 3077/4640/1140 3076/4641/1140
f 3076/4641/1141 3077/4640/1141 3079/4642/1141 3078/4643/1141
f 3078/4643/1142 3079/4642/1142 3081/4644/1142 3080/4645/1142
f 3080/4645/1143 3081/4644/1143 3083/4646/1143 3082/4647/1143
f 3082/4647/1144 3083/4646/1144 3085/4648/1144 3084/4649/1144
f 3084/4649/1145 3085/4648/1145 3087/4650/1145 3086/4651/1145
f 3086/4651/1146 3087/4650/1146 3089/4652/1146 3088/4653/1146
f 3088/4653/1147 3089/4652/1147 3091/4654/1147 3090/4655/1147
f 3090/4655/1148 3091/4654/1148 3093/4656/1148 3092/4657/1148
f 3092/4657/1149 3093/4656/1149 3095/4658/1149 3094/4659/1149
f 3094/4659/1150 3095/4658/1150 3097/4660/1150 3096/4661/1150
f 3096/4661/1151 3097/4660/1151 3099/4662/1151 3098/4663/1151
f 3098/4663/1152 3099/4662/1152 3101/4664/1152 3100/4665/1152
f 3100/4665/1153 3101/4664/1153 3103/4666/1153 3102/4667/1153
f 3102/4667/1154 3103/4666/1154 3105/4668/1154 3104/4669/1154
f 3104/4669/1155 3105/4668/1155 3107/4670/1155 3106/4671/1155
f 3106/4671/1156 3107/4670/1156 3109/4672/1156 3108/4673/1156
f 3108/4673/1157 3109/4672/1157 3111/4674/1157 3110/4675/1157
f 3110/4675/1158 3111/4674/1158 3113/4676/1158 3112/4677/1158
f 3112/4677/1159 3113/4676/1159 3115/4678/1159 3114/4679/1159
f 3114/4679/1160 3115/4678/1160 3117/4680/1160 3116/4681/1160
f 3116/4681/1161 3117/4680/1161 3119/4682/1161 3118/4683/1161
f 3061/4684/1162 3059/4685/1162 3121/4686/1162 3119/4687/1162 3117/4688/1162 3115/4689/1162 3113/4690/1162 3111/4691/1162 3109/4692/1162 3107/4693/1162 3105/4694/1162 3103/4695/1162 3101/4696/1162 3099/4697/1162 3097/4698/1162 3095/4699/1162 3093/4700/1162 3091/4701/1162 3089/4702/1162 3087/4703/1162 3085/4704/1162 3083/4705/1162 3081/4706/1162 3079/4707/1162 3077/4708/1162 3075/4709/1162 3073/4710/1162 3071/4711/1162 3069/4712/1162 3067/4713/1162 3065/4714/1162 3063/4715/1162
f 3118/4683/1163 3119/4682/1163 3121/4716/1163 3120/4717/1163
f 3120/4717/1164 3121/4716/1164 3059/4718/1164 3058/4719/1164
f 3058/4720/1165 3060/4721/1165 3062/4722/1165 3064/4723/1165 3066/4724/1165 3068/4725/1165 3070/4726/1165 3072/4727/1165 3074/4728/1165 3076/4729/1165 3078/4730/1165 3080/4731/1165 3082/4732/1165 3084/4733/1165 3086/4734/1165 3088/4735/1165 3090/4736/1165 3092/4737/1165 3094/4738/1165 3096/4739/1165 3098/4740/1165 3100/4741/1165 3102/4742/1165 3104/4743/1165 3106/4744/1165 3108/4745/1165 3110/4746/1165 3112/4747/1165 3114/4748/1165 3116/4749/1165 3118/4750/1165 3120/4751/1165
o Lamp_6
v 3.600000 1.390000 -2.980000
v 3.600000 1.510000 -2.980000
v 3.635116 1.390000 -2.976541
v 3.635116 1.510000 -2.976541
v 3.668883 1.390000 -2.966298
v 3.668883 1.510000 -2.966298
v 3.700003 1.390000 -2.949665
v 3.700003 1.510000 -2.949665
v 3.727279 1.390000 -2.927279
v 3.727279 1.510000 -2.927279
v 3.749665 1.390000 -2.900002
v 3.749665 1.510000 -2.900002
v 3.766298 1.390000 -2.868883
v 3.766298 1.510000 -2.868883
v 3.776541 1.390000 -2.835116
v 3.776541 1.510000 -2.835116
v 3.780000 1.390000 -2.800000
v 3.780000 1.510000 -2.800000
v 3.776541 1.390000 -2.764884
v 3.776541 1.510000 -2.764884
v 3.766298 1.390000 -2.731117
v 3.766298 1.510000 -2.731117
v 3.749665 1.390000 -2.699997
v 3.749665 1.510000 -2.699997
v 3.727279 1.390000 -2.672721
v 3.727279 1.510000 -2.672721
v 3.700003 1.390000 -2.650335
v 3.700003 1.510000 -2.650335
v 3.668883 1.390000 -2.633702
v 3.668883 1.510000 -2.633702
v 3.635116 1.390000 -2.623459
v 3.635116 1.510000 -2.623459
v 3.600000 1.390000 -2.620000
v 3.600000 1.510000 -2.620000
v 3.564884 1.390000 -2.623459
v 3.564884 1.510000 -2.623459
v 3.531117 1.390000 -2.633702
v 3.531117 1.510000 -2.633702
v 3.499997 1.390000 -2.650335
v 3.499997 1.510000 -2.650335
v 3.472721 1.390000 -2.672721
v 3.472721 1.510000 -2.672721
v 3.450335 1.390000 -2.699997
v 3.450335 1.510000 -2.699997
v 3.433702 1.390000 -2.731117
v 3.433702 1.510000 -2.731117
v 3.423459 1.390000 -2.764884
v 3.423459 1.510000 -2.764884
v 3.420000 1.390000 -2.800000
v 3.420000 1.510000 -2.800000
v 3.423459 1.390000 -2.835116
v 3.423459 1.510000 -2.835116
v 3.433702 1.390000 -2.868883
v 3.433702 1.510000 -2.868883
v 3.450335 1.390000 -2.900002
v 3.450335 1.510000 -2.900002
v 3.472721 1.390000 -2.927279
v 3.472721 1.510000 -2.927279
v 3.499997 1.390000 -2.949665
v 3.499997 1.510000 -2.949665
v 3.531117 1.390000 -2.966298
v 3.531117 1.510000 -2.966298
v 3.564884 1.390000 -2.976541
v 3.564884 1.510000 -2.976541
vn 0.0980 -0.0000 -0.9952
vn 0.2903 -0.0000 -0.9569
vn 0.4714 -0.0000 -0.8819
vn 0.6344 -0.0000 -0.7730
vn 0.7730 -0.0000 -0.6344
vn 0.8819 -0.0000 -0.4714
vn 0.9569 -0.0000 -0.2903
vn 0.9952 -0.0000 -0.0980
vn 0.9952 -0.0000 0.0980
vn 0.9569 -0.0000 0.2903
vn 0.8819 -0.0000 0.4714
vn 0.7730 -0.0000 0.6344
vn 0.6344 -0.0000 0.7730
vn 0.4714 -0.0000 0.8819
vn 0.2903 -0.0000 0.9569
vn 0.0980 -0.0000 0.9952
vn -0.0980 -0.0000 0.9952
vn -0.2903 -0.0000 0.9569
vn -0.4714 -0.0000 0.8819
vn -0.6344 -0.0000 0.7730
vn -0.7730 -0.0000 0.6344
vn -0.8819 -0.0000 0.4714
vn -0.9569 -0.0000 0.2903
vn -0.9952 -0.0000 0.0980
vn -0.9952 -0.0000 -0.0980
vn -0.9569 -0.0000 -0.2903
vn -0.8819 -0.0000 -0.4714
vn -0.7730 -0.0000 -0.6344
vn -0.6344 -0.0000 -0.7730
vn -0.4714 -0.0000 -0.8819
vn -0.0000 1.0000 -0.0000
vn -0.2903 -0.0000 -0.9569
vn -0.0980 -0.0000 -0.9952
vn -0.0000 -1.0000 -0.0000
vt 1.000000 0.500000
vt 1.000000 1.000000
vt 0.968750 1.000000
vt 0.968750 0.500000
vt 0.937500 1.000000
vt 0.937500 0.500000
vt 0.906250 1.000000
vt 0.906250 0.500000
vt 0.875000 1.000000
vt 0.875000 0.500000
vt 0.843750 1.000000
vt 0.843750 0.500000
vt 0.812500 1.000000
vt 0.812500 0.500000
vt 0.781250 1.000000
vt 0.781250 0.500000
vt 0.750000 1.000000
vt 0.750000 0.500000
vt 0.718750 1.000000
vt 0.718750 0.500000
vt 0.687500 1.000000
vt 0.687500 0.500000
vt 0.656250 1.000000
vt 0.656250 0.500000
vt 0.625000 1.000000
vt 0.625000 0.500000
vt 0.593750 1.000000
vt 0.593750 0.500000
vt 0.562500 1.000000
vt 0.562500 0.500000
vt 0.531250 1.000000
vt 0.531250 0.500000
vt 0.500000 1.000000
vt 0.500000 0.500000
vt 0.468750 1.000000
vt 0.468750 0.500000
vt 0.437500 1.000000
vt 0.437500 0.500000
vt 0.406250 1.000000
vt 0.406250 0.500000
vt 0.375000 1.000000
vt 0.375000 0.500000
vt 0.343750 1.000000
vt 0.343750 0.500000
vt 0.312500 1.000000
vt 0.312500 0.500000
vt 0.281250 1.000000
vt 0.281250 0.500000
vt 0.250000 1.000000
vt 0.250000 0.500000
vt 0.218750 1.000000
vt 0.218750 0.500000
vt 0.187500 1.000000
vt 0.187500 0.500000
vt 0.156250 1.000000
vt 0.156250 0.500000
vt 0.125000 1.000000
vt 0.125000 0.500000
vt 0.093750 1.000000
vt 0.093750 0.500000
vt 0.062500 1.000000
vt 0.062500 0.500000
vt 0.296822 0.485388
vt 0.250000 0.490000
vt 0.203178 0.485388
vt 0.158156 0.471731
vt 0.116663 0.449553
vt 0.080294 0.419706
vt 0.050447 0.383337
vt 0.028269 0.341844
vt 0.014612 0.296822
vt 0.010000 0.250000
vt 0.014612 0.203178
vt 0.028269 0.158156
vt 0.050447 0.116663
vt 0.080294 0.080294
vt 0.116663 0.050447
vt 0.158156 0.028269
vt 0.203178 0.014612
vt 0.250000 0.010000
vt 0.296822 0.014612
vt 0.341844 0.028269
vt 0.383337 0.050447
vt 0.419706 0.080294
vt 0.449553 0.116663
vt 0.471731 0.158156
vt 0.485388 0.203178
vt 0.490000 0.250000
vt 0.485388 0.296822
vt 0.471731 0.341844
vt 0.449553 0.383337
vt 0.419706 0.419706
vt 0.383337 0.449553
vt 0.341844 0.471731
vt 0.031250 1.000000
vt 0.031250 0.500000
vt 0.000000 1.000000
vt 0.000000 0.500000
vt 0.750000 0.490000
vt 0.796822 0.485388
vt 0.841844 0.471731
vt 0.883337 0.449553
vt 0.919706 0.419706
vt 0.949553 0.383337
vt 0.971731 0.341844
vt 0.985388 0.296822
vt 0.990000 0.250000
vt 0.985388 0.203178
vt 0.971731 0.158156
vt 0.949553 0.116663
vt 0.919706 0.080294
vt 0.883337 0.050447
vt 0.841844 0.028269
vt 0.796822 0.014612
vt 0.750000 0.010000
vt 0.703178 0.014612
vt 0.658156 0.028269
vt 0.616663 0.050447
vt 0.580294 0.080294
vt 0.550447 0.116663
vt 0.528269 0.158156
vt 0.514612 0.203178
vt 0.510000 0.250000
vt 0.514612 0.296822
vt 0.528269 0.341844
vt 0.550447 0.383337
vt 0.580294 0.419706
vt 0.616663 0.449553
vt 0.658156 0.471731
vt 0.703178 0.485388
s 0
usemtl Lamp_6_mat
f 3122/4752/1166 3123/4753/1166 3125/4754/1166 3124/4755/1166
f 3124/4755/1167 3125/4754/1167 3127/4756/1167 3126/4757/1167
f 3126/4757/1168 3127/4756/1168 3129/4758/1168 3128/4759/1168
f 3128/4759/1169 3129/4758/1169 3131/4760/1169 3130/4761/1169
f 3130/4761/1170 3131/4760/1170 3133/4762/1170 3132/4763/1170
f 3132/4763/1171 3133/4762/1171 3135/4764/1171 3134/4765/1171
f 3134/4765/1172 3135/4764/1172 3137/4766/1172 3136/4767/1172
f 3136/4767/1173 3137/4766/1173 3139/4768/1173 3138/4769/1173
f 3138/4769/1174 3139/4768/1174 3141/4770/1174 3140/4771/1174
f 3140/4771/1175 3141/4770/1175 3143/4772/1175 3142/4773/1175
f 3142/4773/1176 3143/4772/1176 3145/4774/1176 3144/4775/1176
f 3144/4775/1177 3145/4774/1177 3147/4776/1177 3146/4777/1177
f 3146/4777/1178 3147/4776/1178 3149/4778/1178 3148/4779/1178
f 3148/4779/1179 3149/4778/1179 3151/4780/1179 3150/4781/1179
f 3150/4781/1180 3151/4780/1180 3153/4782/1180 3152/4783/1180
f 3152/4783/1181 3153/4782/1181 3155/4784/1181 3154/4785/1181
f 3154/4785/1182 3155/4784/1182 3157/4786/1182 3156/4787/1182
f 3156/4787/1183 3157/4786/1183 3159/4788/1183 3158/4789/1183
f 3158/4789/1184 3159/4788/1184 3161/4790/1184 3160/4791/1184
f 3160/4791/1185 3161/4790/1185 3163/4792/1185 3162/4793/1185
f 3162/4793/1186 3163/4792/1186 3165/4794/1186 3164/4795/1186
f 3164/4795/1187 3165/4794/1187 3167/4796/1187 3166/4797/1187
f 3166/4797/1188 3167/4796/1188 3169/4798/1188 3168/4799/1188
f 3168/4799/1189 3169/4798/1189 3171/4800/1189 3170/4801/1189
f 3170/4801/1190 3171/4800/1190 3173/4802/1190 3172/4803/1190
f 3172/4803/1191 3173/4802/1191 3175/4804/1191 3174/4805/1191
f 3174/4805/1192 3175/4804/1192 3177/4806/1192 3176/4807/1192
f 3176/4807/1193 3177/4806/1193 3179/4808/1193 3178/4809/1193
f 3178/4809/1194 3179/4808/1194 3181/4810/1194 3180/4811/1194
f 3180/4811/1195 3181/4810/1195 3183/4812/1195 3182/4813/1195
f 3125/4814/1196 3123/4815/1196 3185/4816/1196 3183/4817/1196 3181/4818/1196 3179/4819/1196 3177/4820/1196 3175/4821/1196 3173/4822/1196 3171/4823/1196 3169/4824/1196 3167/4825/1196 3165/4826/1196 3163/4827/1196 3161/4828/1196 3159/4829/1196 3157/4830/1196 3155/4831/1196 3153/4832/1196 3151/4833/1196 3149/4834/1196 3147/4835/1196 3145/4836/1196 3143/4837/1196 3141/4838/1196 3139/4839/1196 3137/4840/1196 3135/4841/1196 3133/4842/1196 3131/4843/1196 3129/4844/1196 3127/4845/1196
f 3182/4813/1197 3183/4812/1197 3185/4846/1197 3184/4847/1197
f 3184/4847/1198 3185/4846/1198 3123/4848/1198 3122/4849/1198
f 3122/4850/1199 3124/4851/1199 3126/4852/1199 3128/4853/1199 3130/4854/1199 3132/4855/1199 3134/4856/1199 3136/4857/1199 3138/4858/1199 3140/4859/1199 3142/4860/1199 3144/4861/1199 3146/4862/1199 3148/4863/1199 3150/4864/1199 3152/4865/1199 3154/4866/1199 3156/4867/1199 3158/4868/1199 3160/4869/1199 3162/4870/1199 3164/4871/1199 3166/4872/1199 3168/4873/1199 3170/4874/1199 3172/4875/1199 3174/4876/1199 3176/4877/1199 3178/4878/1199 3180/4879/1199 3182/4880/1199 3184/4881/1199
