# Blender 5.1.1
# www.blender.org
mtllib mapa2.mtl
o Floor_Bottom
v -0.600000 0.090000 0.010000
v -0.600000 0.780000 0.010000
v -0.600000 0.090000 0.000000
v -0.600000 0.780000 0.000000
v 0.600000 0.090000 0.010000
v 0.600000 0.780000 0.010000
v 0.600000 0.090000 0.000000
v 0.600000 0.780000 0.000000
vn -1.0000 -0.0000 -0.0000
vn -0.0000 -0.0000 -1.0000
vn 1.0000 -0.0000 -0.0000
vn -0.0000 -0.0000 1.0000
vn -0.0000 -1.0000 -0.0000
vn -0.0000 1.0000 -0.0000
vt 0.375000 0.000000
vt 0.625000 0.000000
vt 0.625000 0.250000
vt 0.375000 0.250000
vt 0.625000 0.500000
vt 0.375000 0.500000
vt 0.625000 0.750000
vt 0.375000 0.750000
vt 0.625000 1.000000
vt 0.375000 1.000000
vt 0.125000 0.500000
vt 0.125000 0.750000
vt 0.875000 0.500000
vt 0.875000 0.750000
s 0
usemtl Floor_Bottom_mat.037
f 1/1/1 2/2/1 4/3/1 3/4/1
f 3/4/2 4/3/2 8/5/2 7/6/2
f 7/6/3 8/5/3 6/7/3 5/8/3
f 5/8/4 6/7/4 2/9/4 1/10/4
f 3/11/5 7/6/5 5/8/5 1/12/5
f 8/5/6 4/13/6 2/14/6 6/7/6
o Floor_Top
v -0.090000 -0.360000 0.010000
v -0.090000 0.090000 0.010000
v -0.090000 -0.360000 0.000000
v -0.090000 0.090000 0.000000
v 0.600000 -0.360000 0.010000
v 0.600000 0.090000 0.010000
v 0.600000 -0.360000 0.000000
v 0.600000 0.090000 0.000000
vn -1.0000 -0.0000 -0.0000
vn -0.0000 -0.0000 -1.0000
vn 1.0000 -0.0000 -0.0000
vn -0.0000 -0.0000 1.0000
vn -0.0000 -1.0000 -0.0000
vn -0.0000 1.0000 -0.0000
vt 0.375000 0.000000
vt 0.625000 0.000000
vt 0.625000 0.250000
vt 0.375000 0.250000
vt 0.625000 0.500000
vt 0.375000 0.500000
vt 0.625000 0.750000
vt 0.375000 0.750000
vt 0.625000 1.000000
vt 0.375000 1.000000
vt 0.125000 0.500000
vt 0.125000 0.750000
vt 0.875000 0.500000
vt 0.875000 0.750000
s 0
usemtl Floor_Top_mat.037
f 9/15/7 10/16/7 12/17/7 11/18/7
f 11/18/8 12/17/8 16/19/8 15/20/8
f 15/20/9 16/19/9 14/21/9 13/22/9
f 13/22/10 14/21/10 10/23/10 9/24/10
f 11/25/11 15/20/11 13/22/11 9/26/11
f 16/19/12 12/27/12 10/28/12 14/21/12
o Wall_Bottom
v -0.618000 0.780000 0.000000
v -0.618000 0.798000 0.000000
v -0.618000 0.780000 -0.192000
v -0.618000 0.798000 -0.192000
v 0.618000 0.780000 0.000000
v 0.618000 0.798000 0.000000
v 0.618000 0.780000 -0.192000
v 0.618000 0.798000 -0.192000
vn -1.0000 -0.0000 -0.0000
vn -0.0000 -0.0000 -1.0000
vn 1.0000 -0.0000 -0.0000
vn -0.0000 -0.0000 1.0000
vn -0.0000 -1.0000 -0.0000
vn -0.0000 1.0000 -0.0000
vt 0.375000 0.000000
vt 0.625000 0.000000
vt 0.625000 0.250000
vt 0.375000 0.250000
vt 0.625000 0.500000
vt 0.375000 0.500000
vt 0.625000 0.750000
vt 0.375000 0.750000
vt 0.625000 1.000000
vt 0.375000 1.000000
vt 0.125000 0.500000
vt 0.125000 0.750000
vt 0.875000 0.500000
vt 0.875000 0.750000
s 0
usemtl Wall_Bottom_mat.044
f 17/29/13 18/30/13 20/31/13 19/32/13
f 19/32/14 20/31/14 24/33/14 23/34/14
f 23/34/15 24/33/15 22/35/15 21/36/15
f 21/36/16 22/35/16 18/37/16 17/38/16
f 19/39/17 23/34/17 21/36/17 17/40/17
f 24/33/18 20/41/18 18/42/18 22/35/18
o Wall_Left
v -0.618000 0.072000 0.000000
v -0.618000 0.789000 0.000000
v -0.618000 0.072000 -0.192000
v -0.618000 0.789000 -0.192000
v -0.600000 0.072000 0.000000
v -0.600000 0.789000 0.000000
v -0.600000 0.072000 -0.192000
v -0.600000 0.789000 -0.192000
vn -1.0000 -0.0000 -0.0000
vn -0.0000 -0.0000 -1.0000
vn 1.0000 -0.0000 -0.0000
vn -0.0000 -0.0000 1.0000
vn -0.0000 -1.0000 -0.0000
vn -0.0000 1.0000 -0.0000
vt 0.375000 0.000000
vt 0.625000 0.000000
vt 0.625000 0.250000
vt 0.375000 0.250000
vt 0.625000 0.500000
vt 0.375000 0.500000
vt 0.625000 0.750000
vt 0.375000 0.750000
vt 0.625000 1.000000
vt 0.375000 1.000000
vt 0.125000 0.500000
vt 0.125000 0.750000
vt 0.875000 0.500000
vt 0.875000 0.750000
s 0
usemtl Wall_Left_mat.037
f 25/43/19 26/44/19 28/45/19 27/46/19
f 27/46/20 28/45/20 32/47/20 31/48/20
f 31/48/21 32/47/21 30/49/21 29/50/21
f 29/50/22 30/49/22 26/51/22 25/52/22
f 27/53/23 31/48/23 29/50/23 25/54/23
f 32/47/24 28/55/24 26/56/24 30/49/24
o Wall_Right
v 0.600000 -0.378000 0.000000
v 0.600000 0.798000 0.000000
v 0.600000 -0.378000 -0.192000
v 0.600000 0.798000 -0.192000
v 0.618000 -0.378000 0.000000
v 0.618000 0.798000 0.000000
v 0.618000 -0.378000 -0.192000
v 0.618000 0.798000 -0.192000
vn -1.0000 -0.0000 -0.0000
vn -0.0000 -0.0000 -1.0000
vn 1.0000 -0.0000 -0.0000
vn -0.0000 -0.0000 1.0000
vn -0.0000 -1.0000 -0.0000
vn -0.0000 1.0000 -0.0000
vt 0.375000 0.000000
vt 0.625000 0.000000
vt 0.625000 0.250000
vt 0.375000 0.250000
vt 0.625000 0.500000
vt 0.375000 0.500000
vt 0.625000 0.750000
vt 0.375000 0.750000
vt 0.625000 1.000000
vt 0.375000 1.000000
vt 0.125000 0.500000
vt 0.125000 0.750000
vt 0.875000 0.500000
vt 0.875000 0.750000
s 0
usemtl Wall_Right_mat.040
f 33/57/25 34/58/25 36/59/25 35/60/25
f 35/60/26 36/59/26 40/61/26 39/62/26
f 39/62/27 40/61/27 38/63/27 37/64/27
f 37/64/28 38/63/28 34/65/28 33/66/28
f 35/67/29 39/62/29 37/64/29 33/68/29
f 40/61/30 36/69/30 34/70/30 38/63/30
o Wall_Top
v -0.108000 -0.378000 0.000000
v -0.108000 -0.360000 0.000000
v -0.108000 -0.378000 -0.192000
v -0.108000 -0.360000 -0.192000
v 0.618000 -0.378000 0.000000
v 0.618000 -0.360000 0.000000
v 0.618000 -0.378000 -0.192000
v 0.618000 -0.360000 -0.192000
vn -1.0000 -0.0000 -0.0000
vn -0.0000 -0.0000 -1.0000
vn 1.0000 -0.0000 -0.0000
vn -0.0000 -0.0000 1.0000
vn -0.0000 -1.0000 -0.0000
vn -0.0000 1.0000 -0.0000
vt 0.375000 0.000000
vt 0.625000 0.000000
vt 0.625000 0.250000
vt 0.375000 0.250000
vt 0.625000 0.500000
vt 0.375000 0.500000
vt 0.625000 0.750000
vt 0.375000 0.750000
vt 0.625000 1.000000
vt 0.375000 1.000000
vt 0.125000 0.500000
vt 0.125000 0.750000
vt 0.875000 0.500000
vt 0.875000 0.750000
s 0
usemtl Wall_Top_mat.040
f 41/71/31 42/72/31 44/73/31 43/74/31
f 43/74/32 44/73/32 48/75/32 47/76/32
f 47/76/33 48/75/33 46/77/33 45/78/33
f 45/78/34 46/77/34 42/79/34 41/80/34
f 43/81/35 47/76/35 45/78/35 41/82/35
f 48/75/36 44/83/36 42/84/36 46/77/36
o Wall_Inner_H
v -0.600000 0.072000 0.000000
v -0.600000 0.090000 0.000000
v -0.600000 0.072000 -0.192000
v -0.600000 0.090000 -0.192000
v -0.090000 0.072000 0.000000
v -0.090000 0.090000 0.000000
v -0.090000 0.072000 -0.192000
v -0.090000 0.090000 -0.192000
vn -1.0000 -0.0000 -0.0000
vn -0.0000 -0.0000 -1.0000
vn 1.0000 -0.0000 -0.0000
vn -0.0000 -0.0000 1.0000
vn -0.0000 -1.0000 -0.0000
vn -0.0000 1.0000 -0.0000
vt 0.375000 0.000000
vt 0.625000 0.000000
vt 0.625000 0.250000
vt 0.375000 0.250000
vt 0.625000 0.500000
vt 0.375000 0.500000
vt 0.625000 0.750000
vt 0.375000 0.750000
vt 0.625000 1.000000
vt 0.375000 1.000000
vt 0.125000 0.500000
vt 0.125000 0.750000
vt 0.875000 0.500000
vt 0.875000 0.750000
s 0
usemtl Wall_Inner_H_mat.036
f 49/85/37 50/86/37 52/87/37 51/88/37
f 51/88/38 52/87/38 56/89/38 55/90/38
f 55/90/39 56/89/39 54/91/39 53/92/39
f 53/92/40 54/91/40 50/93/40 49/94/40
f 51/95/41 55/90/41 53/92/41 49/96/41
f 56/89/42 52/97/42 50/98/42 54/91/42
o Wall_Inner_V
v -0.108000 -0.360000 0.000000
v -0.108000 0.090000 0.000000
v -0.108000 -0.360000 -0.192000
v -0.108000 0.090000 -0.192000
v -0.090000 -0.360000 0.000000
v -0.090000 0.090000 0.000000
v -0.090000 -0.360000 -0.192000
v -0.090000 0.090000 -0.192000
vn -1.0000 -0.0000 -0.0000
vn -0.0000 -0.0000 -1.0000
vn 1.0000 -0.0000 -0.0000
vn -0.0000 -0.0000 1.0000
vn -0.0000 -1.0000 -0.0000
vn -0.0000 1.0000 -0.0000
vt 0.375000 0.000000
vt 0.625000 0.000000
vt 0.625000 0.250000
vt 0.375000 0.250000
vt 0.625000 0.500000
vt 0.375000 0.500000
vt 0.625000 0.750000
vt 0.375000 0.750000
vt 0.625000 1.000000
vt 0.375000 1.000000
vt 0.125000 0.500000
vt 0.125000 0.750000
vt 0.875000 0.500000
vt 0.875000 0.750000
s 0
usemtl Wall_Inner_V_mat.036
f 57/99/43 58/100/43 60/101/43 59/102/43
f 59/102/44 60/101/44 64/103/44 63/104/44
f 63/104/45 64/103/45 62/105/45 61/106/45
f 61/106/46 62/105/46 58/107/46 57/108/46
f 59/109/47 63/104/47 61/106/47 57/110/47
f 64/103/48 60/111/48 58/112/48 62/105/48
o Robot_Base_Counter
v 0.132000 -0.339000 0.000000
v 0.132000 -0.273000 0.000000
v 0.132000 -0.339000 -0.108000
v 0.132000 -0.273000 -0.108000
v 0.468000 -0.339000 0.000000
v 0.468000 -0.273000 0.000000
v 0.468000 -0.339000 -0.108000
v 0.468000 -0.273000 -0.108000
vn -1.0000 -0.0000 -0.0000
vn -0.0000 -0.0000 -1.0000
vn 1.0000 -0.0000 -0.0000
vn -0.0000 -0.0000 1.0000
vn -0.0000 -1.0000 -0.0000
vn -0.0000 1.0000 -0.0000
vt 0.375000 0.000000
vt 0.625000 0.000000
vt 0.625000 0.250000
vt 0.375000 0.250000
vt 0.625000 0.500000
vt 0.375000 0.500000
vt 0.625000 0.750000
vt 0.375000 0.750000
vt 0.625000 1.000000
vt 0.375000 1.000000
vt 0.125000 0.500000
vt 0.125000 0.750000
vt 0.875000 0.500000
vt 0.875000 0.750000
s 0
usemtl Robot_Base_Counter_mat.043
f 65/113/49 66/114/49 68/115/49 67/116/49
f 67/116/50 68/115/50 72/117/50 71/118/50
f 71/118/51 72/117/51 70/119/51 69/120/51
f 69/120/52 70/119/52 66/121/52 65/122/52
f 67/123/53 71/118/53 69/120/53 65/124/53
f 72/117/54 68/125/54 66/126/54 70/119/54
o Base_Label
v 0.336603 -0.335700 -0.100116
v 0.336603 -0.335700 -0.097232
v 0.340509 -0.335700 -0.097232
v 0.340509 -0.335700 -0.096000
v 0.336603 -0.335700 -0.096000
v 0.336603 -0.335700 -0.093032
v 0.340775 -0.335700 -0.093032
v 0.340775 -0.335700 -0.091800
v 0.335231 -0.335700 -0.091800
v 0.335231 -0.335700 -0.101348
v 0.340649 -0.335700 -0.101348
v 0.340649 -0.335700 -0.100116
v 0.333153 -0.335700 -0.099429
v 0.332952 -0.335700 -0.099589
v 0.332753 -0.335700 -0.099728
v 0.332556 -0.335700 -0.099848
v 0.332363 -0.335700 -0.099949
v 0.332172 -0.335700 -0.100034
v 0.331985 -0.335700 -0.100102
v 0.331802 -0.335700 -0.100155
v 0.331623 -0.335700 -0.100195
v 0.331448 -0.335700 -0.100222
v 0.331279 -0.335700 -0.100237
v 0.331115 -0.335700 -0.100242
v 0.330900 -0.335700 -0.100233
v 0.330697 -0.335700 -0.100205
v 0.330507 -0.335700 -0.100159
v 0.330331 -0.335700 -0.100097
v 0.330171 -0.335700 -0.100020
v 0.330028 -0.335700 -0.099927
v 0.329904 -0.335700 -0.099820
v 0.329799 -0.335700 -0.099701
v 0.329715 -0.335700 -0.099569
v 0.329654 -0.335700 -0.099425
v 0.329616 -0.335700 -0.099271
v 0.329603 -0.335700 -0.099108
v 0.329684 -0.335700 -0.098685
v 0.329909 -0.335700 -0.098323
v 0.330248 -0.335700 -0.098005
v 0.330674 -0.335700 -0.097712
v 0.331157 -0.335700 -0.097429
v 0.331668 -0.335700 -0.097138
v 0.332179 -0.335700 -0.096821
v 0.332662 -0.335700 -0.096463
v 0.333088 -0.335700 -0.096045
v 0.333427 -0.335700 -0.095550
v 0.333652 -0.335700 -0.094962
v 0.333733 -0.335700 -0.094264
v 0.333710 -0.335700 -0.093898
v 0.333642 -0.335700 -0.093552
v 0.333532 -0.335700 -0.093227
v 0.333382 -0.335700 -0.092927
v 0.333195 -0.335700 -0.092653
v 0.332974 -0.335700 -0.092407
v 0.332720 -0.335700 -0.092193
v 0.332437 -0.335700 -0.092013
v 0.332126 -0.335700 -0.091868
v 0.331792 -0.335700 -0.091762
v 0.331435 -0.335700 -0.091696
v 0.331059 -0.335700 -0.091674
v 0.330804 -0.335700 -0.091680
v 0.330557 -0.335700 -0.091698
v 0.330316 -0.335700 -0.091727
v 0.330083 -0.335700 -0.091769
v 0.329855 -0.335700 -0.091823
v 0.329633 -0.335700 -0.091889
v 0.329416 -0.335700 -0.091968
v 0.329203 -0.335700 -0.092060
v 0.328994 -0.335700 -0.092164
v 0.328788 -0.335700 -0.092282
v 0.328585 -0.335700 -0.092412
v 0.328385 -0.335700 -0.092556
v 0.328385 -0.335700 -0.094292
v 0.328564 -0.335700 -0.094077
v 0.328750 -0.335700 -0.093878
v 0.328942 -0.335700 -0.093697
v 0.329141 -0.335700 -0.093534
v 0.329346 -0.335700 -0.093390
v 0.329556 -0.335700 -0.093263
v 0.329771 -0.335700 -0.093155
v 0.329990 -0.335700 -0.093066
v 0.330214 -0.335700 -0.092997
v 0.330441 -0.335700 -0.092946
v 0.330672 -0.335700 -0.092916
v 0.330905 -0.335700 -0.092906
v 0.331159 -0.335700 -0.092920
v 0.331390 -0.335700 -0.092958
v 0.331597 -0.335700 -0.093019
v 0.331781 -0.335700 -0.093100
v 0.331942 -0.335700 -0.093197
v 0.332081 -0.335700 -0.093309
v 0.332198 -0.335700 -0.093431
v 0.332293 -0.335700 -0.093561
v 0.332366 -0.335700 -0.093697
v 0.332418 -0.335700 -0.093836
v 0.332449 -0.335700 -0.093975
v 0.332459 -0.335700 -0.094110
v 0.332378 -0.335700 -0.094569
v 0.332153 -0.335700 -0.094970
v 0.331814 -0.335700 -0.095327
v 0.331388 -0.335700 -0.095654
v 0.330905 -0.335700 -0.095966
v 0.330394 -0.335700 -0.096276
v 0.329883 -0.335700 -0.096601
v 0.329400 -0.335700 -0.096953
v 0.328974 -0.335700 -0.097347
v 0.328635 -0.335700 -0.097797
v 0.328410 -0.335700 -0.098319
v 0.328329 -0.335700 -0.098926
v 0.328353 -0.335700 -0.099303
v 0.328422 -0.335700 -0.099654
v 0.328536 -0.335700 -0.099980
v 0.328691 -0.335700 -0.100277
v 0.328887 -0.335700 -0.100545
v 0.329122 -0.335700 -0.100783
v 0.329393 -0.335700 -0.100988
v 0.329698 -0.335700 -0.101159
v 0.330036 -0.335700 -0.101294
v 0.330405 -0.335700 -0.101393
v 0.330802 -0.335700 -0.101454
v 0.331227 -0.335700 -0.101474
v 0.331409 -0.335700 -0.101469
v 0.331591 -0.335700 -0.101455
v 0.331772 -0.335700 -0.101432
v 0.331953 -0.335700 -0.101399
v 0.332133 -0.335700 -0.101357
v 0.332312 -0.335700 -0.101306
v 0.332490 -0.335700 -0.101245
v 0.332666 -0.335700 -0.101175
v 0.332841 -0.335700 -0.101096
v 0.333015 -0.335700 -0.101007
v 0.333186 -0.335700 -0.100909
v 0.333355 -0.335700 -0.100802
v 0.333355 -0.335700 -0.099248
v 0.326369 -0.335700 -0.091800
v 0.325095 -0.335700 -0.094614
v 0.321035 -0.335700 -0.094614
v 0.319831 -0.335700 -0.091800
v 0.318431 -0.335700 -0.091800
v 0.322533 -0.335700 -0.101404
v 0.323499 -0.335700 -0.101404
v 0.327769 -0.335700 -0.091800
v 0.324535 -0.335700 -0.095846
v 0.322995 -0.335700 -0.099304
v 0.321567 -0.335700 -0.095846
v 0.314371 -0.335700 -0.101348
v 0.314861 -0.335700 -0.101323
v 0.315303 -0.335700 -0.101251
v 0.315699 -0.335700 -0.101137
v 0.316048 -0.335700 -0.100984
v 0.316352 -0.335700 -0.100797
v 0.316613 -0.335700 -0.100582
v 0.316830 -0.335700 -0.100340
v 0.317006 -0.335700 -0.100079
v 0.317141 -0.335700 -0.099801
v 0.317236 -0.335700 -0.099510
v 0.317292 -0.335700 -0.099213
v 0.317311 -0.335700 -0.098912
v 0.317301 -0.335700 -0.098671
v 0.317272 -0.335700 -0.098444
v 0.317223 -0.335700 -0.098230
v 0.317154 -0.335700 -0.098031
v 0.317065 -0.335700 -0.097844
v 0.316956 -0.335700 -0.097669
v 0.316825 -0.335700 -0.097508
v 0.316674 -0.335700 -0.097357
v 0.316502 -0.335700 -0.097219
v 0.316308 -0.335700 -0.097091
v 0.316092 -0.335700 -0.096975
v 0.315855 -0.335700 -0.096868
v 0.315855 -0.335700 -0.096840
v 0.316200 -0.335700 -0.096760
v 0.316521 -0.335700 -0.096652
v 0.316816 -0.335700 -0.096520
v 0.317085 -0.335700 -0.096362
v 0.317326 -0.335700 -0.096181
v 0.317538 -0.335700 -0.095977
v 0.317721 -0.335700 -0.095752
v 0.317873 -0.335700 -0.095507
v 0.317993 -0.335700 -0.095243
v 0.318080 -0.335700 -0.094961
v 0.318133 -0.335700 -0.094663
v 0.318151 -0.335700 -0.094348
v 0.318132 -0.335700 -0.094051
v 0.318075 -0.335700 -0.093751
v 0.317976 -0.335700 -0.093454
v 0.317834 -0.335700 -0.093165
v 0.317646 -0.335700 -0.092889
v 0.317411 -0.335700 -0.092633
v 0.317126 -0.335700 -0.092401
v 0.316788 -0.335700 -0.092199
v 0.316397 -0.335700 -0.092033
v 0.315949 -0.335700 -0.091907
v 0.315442 -0.335700 -0.091828
v 0.314875 -0.335700 -0.091800
v 0.311599 -0.335700 -0.091800
v 0.311599 -0.335700 -0.101348
v 0.313881 -0.335700 -0.097260
v 0.314206 -0.335700 -0.097271
v 0.314502 -0.335700 -0.097302
v 0.314769 -0.335700 -0.097355
v 0.315007 -0.335700 -0.097429
v 0.315217 -0.335700 -0.097524
v 0.315398 -0.335700 -0.097640
v 0.315551 -0.335700 -0.097777
v 0.315676 -0.335700 -0.097936
v 0.315773 -0.335700 -0.098116
v 0.315842 -0.335700 -0.098318
v 0.315883 -0.335700 -0.098541
v 0.315897 -0.335700 -0.098786
v 0.315888 -0.335700 -0.098962
v 0.315861 -0.335700 -0.099132
v 0.315814 -0.335700 -0.099295
v 0.315745 -0.335700 -0.099448
v 0.315653 -0.335700 -0.099590
v 0.315536 -0.335700 -0.099719
v 0.315394 -0.335700 -0.099833
v 0.315223 -0.335700 -0.099930
v 0.315023 -0.335700 -0.100009
v 0.314792 -0.335700 -0.100067
v 0.314528 -0.335700 -0.100103
v 0.314231 -0.335700 -0.100116
v 0.312971 -0.335700 -0.100116
v 0.312971 -0.335700 -0.097260
v 0.314693 -0.335700 -0.093032
v 0.315071 -0.335700 -0.093048
v 0.315403 -0.335700 -0.093094
v 0.315692 -0.335700 -0.093168
v 0.315939 -0.335700 -0.093265
v 0.316147 -0.335700 -0.093384
v 0.316319 -0.335700 -0.093520
v 0.316457 -0.335700 -0.093672
v 0.316565 -0.335700 -0.093835
v 0.316644 -0.335700 -0.094007
v 0.316697 -0.335700 -0.094184
v 0.316728 -0.335700 -0.094364
v 0.316737 -0.335700 -0.094544
v 0.316723 -0.335700 -0.094756
v 0.316681 -0.335700 -0.094955
v 0.316609 -0.335700 -0.095142
v 0.316509 -0.335700 -0.095315
v 0.316380 -0.335700 -0.095471
v 0.316221 -0.335700 -0.095611
v 0.316032 -0.335700 -0.095734
v 0.315812 -0.335700 -0.095836
v 0.315562 -0.335700 -0.095918
v 0.315280 -0.335700 -0.095978
v 0.314968 -0.335700 -0.096015
v 0.314623 -0.335700 -0.096028
v 0.312971 -0.335700 -0.096028
v 0.312971 -0.335700 -0.093032
v 0.303115 -0.335700 -0.100116
v 0.303115 -0.335700 -0.091800
v 0.301743 -0.335700 -0.091800
v 0.301743 -0.335700 -0.100116
v 0.298439 -0.335700 -0.100116
v 0.298439 -0.335700 -0.101348
v 0.306419 -0.335700 -0.101348
v 0.306419 -0.335700 -0.100116
v 0.293196 -0.335700 -0.101428
v 0.293907 -0.335700 -0.101296
v 0.294565 -0.335700 -0.101082
v 0.295165 -0.335700 -0.100795
v 0.295706 -0.335700 -0.100439
v 0.296183 -0.335700 -0.100022
v 0.296595 -0.335700 -0.099549
v 0.296939 -0.335700 -0.099027
v 0.297211 -0.335700 -0.098462
v 0.297409 -0.335700 -0.097861
v 0.297530 -0.335700 -0.097229
v 0.297571 -0.335700 -0.096574
v 0.297531 -0.335700 -0.095936
v 0.297413 -0.335700 -0.095317
v 0.297219 -0.335700 -0.094722
v 0.296950 -0.335700 -0.094159
v 0.296610 -0.335700 -0.093635
v 0.296201 -0.335700 -0.093158
v 0.295724 -0.335700 -0.092735
v 0.295182 -0.335700 -0.092372
v 0.294577 -0.335700 -0.092077
v 0.293911 -0.335700 -0.091858
v 0.293186 -0.335700 -0.091721
v 0.292405 -0.335700 -0.091674
v 0.291649 -0.335700 -0.091721
v 0.290944 -0.335700 -0.091857
v 0.290292 -0.335700 -0.092075
v 0.289696 -0.335700 -0.092369
v 0.289160 -0.335700 -0.092730
v 0.288686 -0.335700 -0.093153
v 0.288277 -0.335700 -0.093629
v 0.287936 -0.335700 -0.094153
v 0.287666 -0.335700 -0.094716
v 0.287470 -0.335700 -0.095312
v 0.287350 -0.335700 -0.095934
v 0.287309 -0.335700 -0.096574
v 0.287351 -0.335700 -0.097226
v 0.287474 -0.335700 -0.097856
v 0.287675 -0.335700 -0.098456
v 0.287950 -0.335700 -0.099020
v 0.288296 -0.335700 -0.099543
v 0.288711 -0.335700 -0.100016
v 0.289190 -0.335700 -0.100435
v 0.289729 -0.335700 -0.100792
v 0.290327 -0.335700 -0.101080
v 0.290979 -0.335700 -0.101295
v 0.291682 -0.335700 -0.101428
v 0.292433 -0.335700 -0.101474
v 0.292956 -0.335700 -0.092966
v 0.293453 -0.335700 -0.093059
v 0.293919 -0.335700 -0.093209
v 0.294351 -0.335700 -0.093414
v 0.294745 -0.335700 -0.093669
v 0.295098 -0.335700 -0.093972
v 0.295407 -0.335700 -0.094318
v 0.295668 -0.335700 -0.094703
v 0.295876 -0.335700 -0.095125
v 0.296030 -0.335700 -0.095580
v 0.296125 -0.335700 -0.096064
v 0.296157 -0.335700 -0.096574
v 0.296125 -0.335700 -0.097087
v 0.296030 -0.335700 -0.097573
v 0.295876 -0.335700 -0.098029
v 0.295668 -0.335700 -0.098451
v 0.295407 -0.335700 -0.098836
v 0.295098 -0.335700 -0.099182
v 0.294745 -0.335700 -0.099483
v 0.294351 -0.335700 -0.099737
v 0.293919 -0.335700 -0.099941
v 0.293453 -0.335700 -0.100090
v 0.292956 -0.335700 -0.100182
v 0.292433 -0.335700 -0.100214
v 0.291913 -0.335700 -0.100182
v 0.291419 -0.335700 -0.100090
v 0.290956 -0.335700 -0.099941
v 0.290525 -0.335700 -0.099737
v 0.290132 -0.335700 -0.099483
v 0.289780 -0.335700 -0.099182
v 0.289472 -0.335700 -0.098836
v 0.289212 -0.335700 -0.098451
v 0.289003 -0.335700 -0.098029
v 0.288850 -0.335700 -0.097573
v 0.288755 -0.335700 -0.097087
v 0.288723 -0.335700 -0.096574
v 0.288755 -0.335700 -0.096064
v 0.288850 -0.335700 -0.095580
v 0.289003 -0.335700 -0.095125
v 0.289212 -0.335700 -0.094703
v 0.289472 -0.335700 -0.094318
v 0.289780 -0.335700 -0.093972
v 0.290132 -0.335700 -0.093669
v 0.290525 -0.335700 -0.093414
v 0.290956 -0.335700 -0.093209
v 0.291419 -0.335700 -0.093059
v 0.291913 -0.335700 -0.092966
v 0.292433 -0.335700 -0.092934
v 0.282619 -0.335700 -0.101348
v 0.283109 -0.335700 -0.101323
v 0.283551 -0.335700 -0.101251
v 0.283947 -0.335700 -0.101137
v 0.284296 -0.335700 -0.100984
v 0.284600 -0.335700 -0.100797
v 0.284861 -0.335700 -0.100582
v 0.285078 -0.335700 -0.100340
v 0.285254 -0.335700 -0.100079
v 0.285389 -0.335700 -0.099801
v 0.285484 -0.335700 -0.099510
v 0.285540 -0.335700 -0.099213
v 0.285559 -0.335700 -0.098912
v 0.285549 -0.335700 -0.098671
v 0.285520 -0.335700 -0.098444
v 0.285471 -0.335700 -0.098230
v 0.285402 -0.335700 -0.098031
v 0.285313 -0.335700 -0.097844
v 0.285204 -0.335700 -0.097669
v 0.285073 -0.335700 -0.097508
v 0.284922 -0.335700 -0.097357
v 0.284750 -0.335700 -0.097219
v 0.284556 -0.335700 -0.097091
v 0.284340 -0.335700 -0.096975
v 0.284103 -0.335700 -0.096868
v 0.284103 -0.335700 -0.096840
v 0.284448 -0.335700 -0.096760
v 0.284769 -0.335700 -0.096652
v 0.285064 -0.335700 -0.096520
v 0.285333 -0.335700 -0.096362
v 0.285574 -0.335700 -0.096181
v 0.285787 -0.335700 -0.095977
v 0.285969 -0.335700 -0.095752
v 0.286121 -0.335700 -0.095507
v 0.286241 -0.335700 -0.095243
v 0.286328 -0.335700 -0.094961
v 0.286381 -0.335700 -0.094663
v 0.286399 -0.335700 -0.094348
v 0.286380 -0.335700 -0.094051
v 0.286323 -0.335700 -0.093751
v 0.286224 -0.335700 -0.093454
v 0.286082 -0.335700 -0.093165
v 0.285894 -0.335700 -0.092889
v 0.285659 -0.335700 -0.092633
v 0.285374 -0.335700 -0.092401
v 0.285036 -0.335700 -0.092199
v 0.284645 -0.335700 -0.092033
v 0.284197 -0.335700 -0.091907
v 0.283690 -0.335700 -0.091828
v 0.283123 -0.335700 -0.091800
v 0.279847 -0.335700 -0.091800
v 0.279847 -0.335700 -0.101348
v 0.282129 -0.335700 -0.097260
v 0.282454 -0.335700 -0.097271
v 0.282750 -0.335700 -0.097302
v 0.283017 -0.335700 -0.097355
v 0.283255 -0.335700 -0.097429
v 0.283465 -0.335700 -0.097524
v 0.283646 -0.335700 -0.097640
v 0.283799 -0.335700 -0.097777
v 0.283924 -0.335700 -0.097936
v 0.284021 -0.335700 -0.098116
v 0.284090 -0.335700 -0.098318
v 0.284131 -0.335700 -0.098541
v 0.284145 -0.335700 -0.098786
v 0.284136 -0.335700 -0.098962
v 0.284109 -0.335700 -0.099132
v 0.284062 -0.335700 -0.099295
v 0.283993 -0.335700 -0.099448
v 0.283901 -0.335700 -0.099590
v 0.283785 -0.335700 -0.099719
v 0.283642 -0.335700 -0.099833
v 0.283471 -0.335700 -0.099930
v 0.283271 -0.335700 -0.100009
v 0.283040 -0.335700 -0.100067
v 0.282776 -0.335700 -0.100103
v 0.282479 -0.335700 -0.100116
v 0.281219 -0.335700 -0.100116
v 0.281219 -0.335700 -0.097260
v 0.282941 -0.335700 -0.093032
v 0.283319 -0.335700 -0.093048
v 0.283651 -0.335700 -0.093094
v 0.283940 -0.335700 -0.093168
v 0.284186 -0.335700 -0.093265
v 0.284395 -0.335700 -0.093384
v 0.284567 -0.335700 -0.093520
v 0.284705 -0.335700 -0.093672
v 0.284813 -0.335700 -0.093835
v 0.284892 -0.335700 -0.094007
v 0.284945 -0.335700 -0.094184
v 0.284976 -0.335700 -0.094364
v 0.284985 -0.335700 -0.094544
v 0.284971 -0.335700 -0.094756
v 0.284929 -0.335700 -0.094955
v 0.284857 -0.335700 -0.095142
v 0.284757 -0.335700 -0.095315
v 0.284628 -0.335700 -0.095471
v 0.284469 -0.335700 -0.095611
v 0.284280 -0.335700 -0.095734
v 0.284060 -0.335700 -0.095836
v 0.283810 -0.335700 -0.095918
v 0.283528 -0.335700 -0.095978
v 0.283216 -0.335700 -0.096015
v 0.282871 -0.335700 -0.096028
v 0.281219 -0.335700 -0.096028
v 0.281219 -0.335700 -0.093032
v 0.273792 -0.335700 -0.101428
v 0.274503 -0.335700 -0.101296
v 0.275161 -0.335700 -0.101082
v 0.275761 -0.335700 -0.100795
v 0.276302 -0.335700 -0.100439
v 0.276779 -0.335700 -0.100022
v 0.277191 -0.335700 -0.099549
v 0.277535 -0.335700 -0.099027
v 0.277807 -0.335700 -0.098462
v 0.278005 -0.335700 -0.097861
v 0.278126 -0.335700 -0.097229
v 0.278167 -0.335700 -0.096574
v 0.278127 -0.335700 -0.095936
v 0.278009 -0.335700 -0.095317
v 0.277815 -0.335700 -0.094722
v 0.277546 -0.335700 -0.094159
v 0.277206 -0.335700 -0.093635
v 0.276797 -0.335700 -0.093158
v 0.276320 -0.335700 -0.092735
v 0.275778 -0.335700 -0.092372
v 0.275173 -0.335700 -0.092077
v 0.274507 -0.335700 -0.091858
v 0.273782 -0.335700 -0.091721
v 0.273001 -0.335700 -0.091674
v 0.272245 -0.335700 -0.091721
v 0.271540 -0.335700 -0.091857
v 0.270888 -0.335700 -0.092075
v 0.270292 -0.335700 -0.092369
v 0.269756 -0.335700 -0.092730
v 0.269282 -0.335700 -0.093153
v 0.268873 -0.335700 -0.093629
v 0.268532 -0.335700 -0.094153
v 0.268262 -0.335700 -0.094716
v 0.268066 -0.335700 -0.095312
v 0.267946 -0.335700 -0.095934
v 0.267905 -0.335700 -0.096574
v 0.267947 -0.335700 -0.097226
v 0.268070 -0.335700 -0.097856
v 0.268271 -0.335700 -0.098456
v 0.268546 -0.335700 -0.099020
v 0.268892 -0.335700 -0.099543
v 0.269307 -0.335700 -0.100016
v 0.269786 -0.335700 -0.100435
v 0.270325 -0.335700 -0.100792
v 0.270923 -0.335700 -0.101080
v 0.271575 -0.335700 -0.101295
v 0.272278 -0.335700 -0.101428
v 0.273029 -0.335700 -0.101474
v 0.273552 -0.335700 -0.092966
v 0.274049 -0.335700 -0.093059
v 0.274515 -0.335700 -0.093209
v 0.274946 -0.335700 -0.093414
v 0.275341 -0.335700 -0.093669
v 0.275694 -0.335700 -0.093972
v 0.276003 -0.335700 -0.094318
v 0.276264 -0.335700 -0.094703
v 0.276472 -0.335700 -0.095125
v 0.276626 -0.335700 -0.095580
v 0.276721 -0.335700 -0.096064
v 0.276753 -0.335700 -0.096574
v 0.276721 -0.335700 -0.097087
v 0.276626 -0.335700 -0.097573
v 0.276472 -0.335700 -0.098029
v 0.276264 -0.335700 -0.098451
v 0.276003 -0.335700 -0.098836
v 0.275694 -0.335700 -0.099182
v 0.275341 -0.335700 -0.099483
v 0.274946 -0.335700 -0.099737
v 0.274515 -0.335700 -0.099941
v 0.274049 -0.335700 -0.100090
v 0.273552 -0.335700 -0.100182
v 0.273029 -0.335700 -0.100214
v 0.272509 -0.335700 -0.100182
v 0.272015 -0.335700 -0.100090
v 0.271552 -0.335700 -0.099941
v 0.271121 -0.335700 -0.099737
v 0.270728 -0.335700 -0.099483
v 0.270376 -0.335700 -0.099182
v 0.270068 -0.335700 -0.098836
v 0.269808 -0.335700 -0.098451
v 0.269599 -0.335700 -0.098029
v 0.269446 -0.335700 -0.097573
v 0.269351 -0.335700 -0.097087
v 0.269319 -0.335700 -0.096574
v 0.269351 -0.335700 -0.096064
v 0.269446 -0.335700 -0.095580
v 0.269599 -0.335700 -0.095125
v 0.269808 -0.335700 -0.094703
v 0.270068 -0.335700 -0.094318
v 0.270376 -0.335700 -0.093972
v 0.270728 -0.335700 -0.093669
v 0.271121 -0.335700 -0.093414
v 0.271552 -0.335700 -0.093209
v 0.272015 -0.335700 -0.093059
v 0.272509 -0.335700 -0.092966
v 0.273029 -0.335700 -0.092934
v 0.262773 -0.335700 -0.101327
v 0.263208 -0.335700 -0.101265
v 0.263610 -0.335700 -0.101163
v 0.263977 -0.335700 -0.101022
v 0.264306 -0.335700 -0.100844
v 0.264598 -0.335700 -0.100630
v 0.264848 -0.335700 -0.100383
v 0.265057 -0.335700 -0.100101
v 0.265223 -0.335700 -0.099789
v 0.265343 -0.335700 -0.099446
v 0.265416 -0.335700 -0.099074
v 0.265441 -0.335700 -0.098674
v 0.265429 -0.335700 -0.098403
v 0.265394 -0.335700 -0.098145
v 0.265335 -0.335700 -0.097899
v 0.265254 -0.335700 -0.097667
v 0.265151 -0.335700 -0.097447
v 0.265026 -0.335700 -0.097243
v 0.264880 -0.335700 -0.097052
v 0.264713 -0.335700 -0.096877
v 0.264526 -0.335700 -0.096717
v 0.264318 -0.335700 -0.096573
v 0.264091 -0.335700 -0.096446
v 0.263845 -0.335700 -0.096336
v 0.264055 -0.335700 -0.096186
v 0.264253 -0.335700 -0.096023
v 0.264441 -0.335700 -0.095848
v 0.264621 -0.335700 -0.095659
v 0.264793 -0.335700 -0.095458
v 0.264962 -0.335700 -0.095244
v 0.265127 -0.335700 -0.095017
v 0.265291 -0.335700 -0.094777
v 0.265455 -0.335700 -0.094525
v 0.265623 -0.335700 -0.094259
v 0.265795 -0.335700 -0.093981
v 0.265973 -0.335700 -0.093690
v 0.266071 -0.335700 -0.093532
v 0.266165 -0.335700 -0.093385
v 0.266255 -0.335700 -0.093245
v 0.266345 -0.335700 -0.093110
v 0.266436 -0.335700 -0.092976
v 0.266530 -0.335700 -0.092840
v 0.266629 -0.335700 -0.092698
v 0.266735 -0.335700 -0.092548
v 0.266851 -0.335700 -0.092387
v 0.266978 -0.335700 -0.092210
v 0.267119 -0.335700 -0.092016
v 0.267275 -0.335700 -0.091800
v 0.265637 -0.335700 -0.091800
v 0.264377 -0.335700 -0.093760
v 0.264076 -0.335700 -0.094215
v 0.263800 -0.335700 -0.094602
v 0.263548 -0.335700 -0.094928
v 0.263316 -0.335700 -0.095197
v 0.263101 -0.335700 -0.095415
v 0.262900 -0.335700 -0.095587
v 0.262711 -0.335700 -0.095718
v 0.262531 -0.335700 -0.095813
v 0.262357 -0.335700 -0.095878
v 0.262186 -0.335700 -0.095918
v 0.262016 -0.335700 -0.095938
v 0.261843 -0.335700 -0.095944
v 0.261269 -0.335700 -0.095944
v 0.261269 -0.335700 -0.091800
v 0.259897 -0.335700 -0.091800
v 0.259897 -0.335700 -0.101348
v 0.262305 -0.335700 -0.101348
v 0.262151 -0.335700 -0.097176
v 0.262497 -0.335700 -0.097191
v 0.262801 -0.335700 -0.097236
v 0.263066 -0.335700 -0.097307
v 0.263294 -0.335700 -0.097402
v 0.263486 -0.335700 -0.097518
v 0.263645 -0.335700 -0.097654
v 0.263774 -0.335700 -0.097806
v 0.263874 -0.335700 -0.097972
v 0.263947 -0.335700 -0.098151
v 0.263995 -0.335700 -0.098338
v 0.264021 -0.335700 -0.098532
v 0.264027 -0.335700 -0.098730
v 0.264013 -0.335700 -0.098947
v 0.263976 -0.335700 -0.099148
v 0.263915 -0.335700 -0.099333
v 0.263830 -0.335700 -0.099502
v 0.263719 -0.335700 -0.099654
v 0.263582 -0.335700 -0.099787
v 0.263418 -0.335700 -0.099902
v 0.263225 -0.335700 -0.099997
v 0.263003 -0.335700 -0.100073
v 0.262751 -0.335700 -0.100127
v 0.262467 -0.335700 -0.100161
v 0.262151 -0.335700 -0.100172
v 0.261269 -0.335700 -0.100172
v 0.261269 -0.335700 -0.097176
v 0.336603 -0.336300 -0.100116
v 0.336603 -0.336300 -0.097232
v 0.340509 -0.336300 -0.097232
v 0.340509 -0.336300 -0.096000
v 0.336603 -0.336300 -0.096000
v 0.336603 -0.336300 -0.093032
v 0.340775 -0.336300 -0.093032
v 0.340775 -0.336300 -0.091800
v 0.335231 -0.336300 -0.091800
v 0.335231 -0.336300 -0.101348
v 0.340649 -0.336300 -0.101348
v 0.340649 -0.336300 -0.100116
v 0.333153 -0.336300 -0.099429
v 0.332952 -0.336300 -0.099589
v 0.332753 -0.336300 -0.099728
v 0.332556 -0.336300 -0.099848
v 0.332363 -0.336300 -0.099949
v 0.332172 -0.336300 -0.100034
v 0.331985 -0.336300 -0.100102
v 0.331802 -0.336300 -0.100155
v 0.331623 -0.336300 -0.100195
v 0.331448 -0.336300 -0.100222
v 0.331279 -0.336300 -0.100237
v 0.331115 -0.336300 -0.100242
v 0.330900 -0.336300 -0.100233
v 0.330697 -0.336300 -0.100205
v 0.330507 -0.336300 -0.100159
v 0.330331 -0.336300 -0.100097
v 0.330171 -0.336300 -0.100020
v 0.330028 -0.336300 -0.099927
v 0.329904 -0.336300 -0.099820
v 0.329799 -0.336300 -0.099701
v 0.329715 -0.336300 -0.099569
v 0.329654 -0.336300 -0.099425
v 0.329616 -0.336300 -0.099271
v 0.329603 -0.336300 -0.099108
v 0.329684 -0.336300 -0.098685
v 0.329909 -0.336300 -0.098323
v 0.330248 -0.336300 -0.098005
v 0.330674 -0.336300 -0.097712
v 0.331157 -0.336300 -0.097429
v 0.331668 -0.336300 -0.097138
v 0.332179 -0.336300 -0.096821
v 0.332662 -0.336300 -0.096463
v 0.333088 -0.336300 -0.096045
v 0.333427 -0.336300 -0.095550
v 0.333652 -0.336300 -0.094962
v 0.333733 -0.336300 -0.094264
v 0.333710 -0.336300 -0.093898
v 0.333642 -0.336300 -0.093552
v 0.333532 -0.336300 -0.093227
v 0.333382 -0.336300 -0.092927
v 0.333195 -0.336300 -0.092653
v 0.332974 -0.336300 -0.092407
v 0.332720 -0.336300 -0.092193
v 0.332437 -0.336300 -0.092013
v 0.332126 -0.336300 -0.091868
v 0.331792 -0.336300 -0.091762
v 0.331435 -0.336300 -0.091696
v 0.331059 -0.336300 -0.091674
v 0.330804 -0.336300 -0.091680
v 0.330557 -0.336300 -0.091698
v 0.330316 -0.336300 -0.091727
v 0.330083 -0.336300 -0.091769
v 0.329855 -0.336300 -0.091823
v 0.329633 -0.336300 -0.091889
v 0.329416 -0.336300 -0.091968
v 0.329203 -0.336300 -0.092060
v 0.328994 -0.336300 -0.092164
v 0.328788 -0.336300 -0.092282
v 0.328585 -0.336300 -0.092412
v 0.328385 -0.336300 -0.092556
v 0.328385 -0.336300 -0.094292
v 0.328564 -0.336300 -0.094077
v 0.328750 -0.336300 -0.093878
v 0.328942 -0.336300 -0.093697
v 0.329141 -0.336300 -0.093534
v 0.329346 -0.336300 -0.093390
v 0.329556 -0.336300 -0.093263
v 0.329771 -0.336300 -0.093155
v 0.329990 -0.336300 -0.093066
v 0.330214 -0.336300 -0.092997
v 0.330441 -0.336300 -0.092946
v 0.330672 -0.336300 -0.092916
v 0.330905 -0.336300 -0.092906
v 0.331159 -0.336300 -0.092920
v 0.331390 -0.336300 -0.092958
v 0.331597 -0.336300 -0.093019
v 0.331781 -0.336300 -0.093100
v 0.331942 -0.336300 -0.093197
v 0.332081 -0.336300 -0.093309
v 0.332198 -0.336300 -0.093431
v 0.332293 -0.336300 -0.093561
v 0.332366 -0.336300 -0.093697
v 0.332418 -0.336300 -0.093836
v 0.332449 -0.336300 -0.093975
v 0.332459 -0.336300 -0.094110
v 0.332378 -0.336300 -0.094569
v 0.332153 -0.336300 -0.094970
v 0.331814 -0.336300 -0.095327
v 0.331388 -0.336300 -0.095654
v 0.330905 -0.336300 -0.095966
v 0.330394 -0.336300 -0.096276
v 0.329883 -0.336300 -0.096601
v 0.329400 -0.336300 -0.096953
v 0.328974 -0.336300 -0.097347
v 0.328635 -0.336300 -0.097797
v 0.328410 -0.336300 -0.098319
v 0.328329 -0.336300 -0.098926
v 0.328353 -0.336300 -0.099303
v 0.328422 -0.336300 -0.099654
v 0.328536 -0.336300 -0.099980
v 0.328691 -0.336300 -0.100277
v 0.328887 -0.336300 -0.100545
v 0.329122 -0.336300 -0.100783
v 0.329393 -0.336300 -0.100988
v 0.329698 -0.336300 -0.101159
v 0.330036 -0.336300 -0.101294
v 0.330405 -0.336300 -0.101393
v 0.330802 -0.336300 -0.101454
v 0.331227 -0.336300 -0.101474
v 0.331409 -0.336300 -0.101469
v 0.331591 -0.336300 -0.101455
v 0.331772 -0.336300 -0.101432
v 0.331953 -0.336300 -0.101399
v 0.332133 -0.336300 -0.101357
v 0.332312 -0.336300 -0.101306
v 0.332490 -0.336300 -0.101245
v 0.332666 -0.336300 -0.101175
v 0.332841 -0.336300 -0.101096
v 0.333015 -0.336300 -0.101007
v 0.333186 -0.336300 -0.100909
v 0.333355 -0.336300 -0.100802
v 0.333355 -0.336300 -0.099248
v 0.326369 -0.336300 -0.091800
v 0.325095 -0.336300 -0.094614
v 0.321035 -0.336300 -0.094614
v 0.319831 -0.336300 -0.091800
v 0.318431 -0.336300 -0.091800
v 0.322533 -0.336300 -0.101404
v 0.323499 -0.336300 -0.101404
v 0.327769 -0.336300 -0.091800
v 0.324535 -0.336300 -0.095846
v 0.322995 -0.336300 -0.099304
v 0.321567 -0.336300 -0.095846
v 0.314371 -0.336300 -0.101348
v 0.314861 -0.336300 -0.101323
v 0.315303 -0.336300 -0.101251
v 0.315699 -0.336300 -0.101137
v 0.316048 -0.336300 -0.100984
v 0.316352 -0.336300 -0.100797
v 0.316613 -0.336300 -0.100582
v 0.316830 -0.336300 -0.100340
v 0.317006 -0.336300 -0.100079
v 0.317141 -0.336300 -0.099801
v 0.317236 -0.336300 -0.099510
v 0.317292 -0.336300 -0.099213
v 0.317311 -0.336300 -0.098912
v 0.317301 -0.336300 -0.098671
v 0.317272 -0.336300 -0.098444
v 0.317223 -0.336300 -0.098230
v 0.317154 -0.336300 -0.098031
v 0.317065 -0.336300 -0.097844
v 0.316956 -0.336300 -0.097669
v 0.316825 -0.336300 -0.097508
v 0.316674 -0.336300 -0.097357
v 0.316502 -0.336300 -0.097219
v 0.316308 -0.336300 -0.097091
v 0.316092 -0.336300 -0.096975
v 0.315855 -0.336300 -0.096868
v 0.315855 -0.336300 -0.096840
v 0.316200 -0.336300 -0.096760
v 0.316521 -0.336300 -0.096652
v 0.316816 -0.336300 -0.096520
v 0.317085 -0.336300 -0.096362
v 0.317326 -0.336300 -0.096181
v 0.317538 -0.336300 -0.095977
v 0.317721 -0.336300 -0.095752
v 0.317873 -0.336300 -0.095507
v 0.317993 -0.336300 -0.095243
v 0.318080 -0.336300 -0.094961
v 0.318133 -0.336300 -0.094663
v 0.318151 -0.336300 -0.094348
v 0.318132 -0.336300 -0.094051
v 0.318075 -0.336300 -0.093751
v 0.317976 -0.336300 -0.093454
v 0.317834 -0.336300 -0.093165
v 0.317646 -0.336300 -0.092889
v 0.317411 -0.336300 -0.092633
v 0.317126 -0.336300 -0.092401
v 0.316788 -0.336300 -0.092199
v 0.316397 -0.336300 -0.092033
v 0.315949 -0.336300 -0.091907
v 0.315442 -0.336300 -0.091828
v 0.314875 -0.336300 -0.091800
v 0.311599 -0.336300 -0.091800
v 0.311599 -0.336300 -0.101348
v 0.313881 -0.336300 -0.097260
v 0.314206 -0.336300 -0.097271
v 0.314502 -0.336300 -0.097302
v 0.314769 -0.336300 -0.097355
v 0.315007 -0.336300 -0.097429
v 0.315217 -0.336300 -0.097524
v 0.315398 -0.336300 -0.097640
v 0.315551 -0.336300 -0.097777
v 0.315676 -0.336300 -0.097936
v 0.315773 -0.336300 -0.098116
v 0.315842 -0.336300 -0.098318
v 0.315883 -0.336300 -0.098541
v 0.315897 -0.336300 -0.098786
v 0.315888 -0.336300 -0.098962
v 0.315861 -0.336300 -0.099132
v 0.315814 -0.336300 -0.099295
v 0.315745 -0.336300 -0.099448
v 0.315653 -0.336300 -0.099590
v 0.315536 -0.336300 -0.099719
v 0.315394 -0.336300 -0.099833
v 0.315223 -0.336300 -0.099930
v 0.315023 -0.336300 -0.100009
v 0.314792 -0.336300 -0.100067
v 0.314528 -0.336300 -0.100103
v 0.314231 -0.336300 -0.100116
v 0.312971 -0.336300 -0.100116
v 0.312971 -0.336300 -0.097260
v 0.314693 -0.336300 -0.093032
v 0.315071 -0.336300 -0.093048
v 0.315403 -0.336300 -0.093094
v 0.315692 -0.336300 -0.093168
v 0.315939 -0.336300 -0.093265
v 0.316147 -0.336300 -0.093384
v 0.316319 -0.336300 -0.093520
v 0.316457 -0.336300 -0.093672
v 0.316565 -0.336300 -0.093835
v 0.316644 -0.336300 -0.094007
v 0.316697 -0.336300 -0.094184
v 0.316728 -0.336300 -0.094364
v 0.316737 -0.336300 -0.094544
v 0.316723 -0.336300 -0.094756
v 0.316681 -0.336300 -0.094955
v 0.316609 -0.336300 -0.095142
v 0.316509 -0.336300 -0.095315
v 0.316380 -0.336300 -0.095471
v 0.316221 -0.336300 -0.095611
v 0.316032 -0.336300 -0.095734
v 0.315812 -0.336300 -0.095836
v 0.315562 -0.336300 -0.095918
v 0.315280 -0.336300 -0.095978
v 0.314968 -0.336300 -0.096015
v 0.314623 -0.336300 -0.096028
v 0.312971 -0.336300 -0.096028
v 0.312971 -0.336300 -0.093032
v 0.303115 -0.336300 -0.100116
v 0.303115 -0.336300 -0.091800
v 0.301743 -0.336300 -0.091800
v 0.301743 -0.336300 -0.100116
v 0.298439 -0.336300 -0.100116
v 0.298439 -0.336300 -0.101348
v 0.306419 -0.336300 -0.101348
v 0.306419 -0.336300 -0.100116
v 0.293196 -0.336300 -0.101428
v 0.293907 -0.336300 -0.101296
v 0.294565 -0.336300 -0.101082
v 0.295165 -0.336300 -0.100795
v 0.295706 -0.336300 -0.100439
v 0.296183 -0.336300 -0.100022
v 0.296595 -0.336300 -0.099549
v 0.296939 -0.336300 -0.099027
v 0.297211 -0.336300 -0.098462
v 0.297409 -0.336300 -0.097861
v 0.297530 -0.336300 -0.097229
v 0.297571 -0.336300 -0.096574
v 0.297531 -0.336300 -0.095936
v 0.297413 -0.336300 -0.095317
v 0.297219 -0.336300 -0.094722
v 0.296950 -0.336300 -0.094159
v 0.296610 -0.336300 -0.093635
v 0.296201 -0.336300 -0.093158
v 0.295724 -0.336300 -0.092735
v 0.295182 -0.336300 -0.092372
v 0.294577 -0.336300 -0.092077
v 0.293911 -0.336300 -0.091858
v 0.293186 -0.336300 -0.091721
v 0.292405 -0.336300 -0.091674
v 0.291649 -0.336300 -0.091721
v 0.290944 -0.336300 -0.091857
v 0.290292 -0.336300 -0.092075
v 0.289696 -0.336300 -0.092369
v 0.289160 -0.336300 -0.092730
v 0.288686 -0.336300 -0.093153
v 0.288277 -0.336300 -0.093629
v 0.287936 -0.336300 -0.094153
v 0.287666 -0.336300 -0.094716
v 0.287470 -0.336300 -0.095312
v 0.287350 -0.336300 -0.095934
v 0.287309 -0.336300 -0.096574
v 0.287351 -0.336300 -0.097226
v 0.287474 -0.336300 -0.097856
v 0.287675 -0.336300 -0.098456
v 0.287950 -0.336300 -0.099020
v 0.288296 -0.336300 -0.099543
v 0.288711 -0.336300 -0.100016
v 0.289190 -0.336300 -0.100435
v 0.289729 -0.336300 -0.100792
v 0.290327 -0.336300 -0.101080
v 0.290979 -0.336300 -0.101295
v 0.291682 -0.336300 -0.101428
v 0.292433 -0.336300 -0.101474
v 0.292956 -0.336300 -0.092966
v 0.293453 -0.336300 -0.093059
v 0.293919 -0.336300 -0.093209
v 0.294351 -0.336300 -0.093414
v 0.294745 -0.336300 -0.093669
v 0.295098 -0.336300 -0.093972
v 0.295407 -0.336300 -0.094318
v 0.295668 -0.336300 -0.094703
v 0.295876 -0.336300 -0.095125
v 0.296030 -0.336300 -0.095580
v 0.296125 -0.336300 -0.096064
v 0.296157 -0.336300 -0.096574
v 0.296125 -0.336300 -0.097087
v 0.296030 -0.336300 -0.097573
v 0.295876 -0.336300 -0.098029
v 0.295668 -0.336300 -0.098451
v 0.295407 -0.336300 -0.098836
v 0.295098 -0.336300 -0.099182
v 0.294745 -0.336300 -0.099483
v 0.294351 -0.336300 -0.099737
v 0.293919 -0.336300 -0.099941
v 0.293453 -0.336300 -0.100090
v 0.292956 -0.336300 -0.100182
v 0.292433 -0.336300 -0.100214
v 0.291913 -0.336300 -0.100182
v 0.291419 -0.336300 -0.100090
v 0.290956 -0.336300 -0.099941
v 0.290525 -0.336300 -0.099737
v 0.290132 -0.336300 -0.099483
v 0.289780 -0.336300 -0.099182
v 0.289472 -0.336300 -0.098836
v 0.289212 -0.336300 -0.098451
v 0.289003 -0.336300 -0.098029
v 0.288850 -0.336300 -0.097573
v 0.288755 -0.336300 -0.097087
v 0.288723 -0.336300 -0.096574
v 0.288755 -0.336300 -0.096064
v 0.288850 -0.336300 -0.095580
v 0.289003 -0.336300 -0.095125
v 0.289212 -0.336300 -0.094703
v 0.289472 -0.336300 -0.094318
v 0.289780 -0.336300 -0.093972
v 0.290132 -0.336300 -0.093669
v 0.290525 -0.336300 -0.093414
v 0.290956 -0.336300 -0.093209
v 0.291419 -0.336300 -0.093059
v 0.291913 -0.336300 -0.092966
v 0.292433 -0.336300 -0.092934
v 0.282619 -0.336300 -0.101348
v 0.283109 -0.336300 -0.101323
v 0.283551 -0.336300 -0.101251
v 0.283947 -0.336300 -0.101137
v 0.284296 -0.336300 -0.100984
v 0.284600 -0.336300 -0.100797
v 0.284861 -0.336300 -0.100582
v 0.285078 -0.336300 -0.100340
v 0.285254 -0.336300 -0.100079
v 0.285389 -0.336300 -0.099801
v 0.285484 -0.336300 -0.099510
v 0.285540 -0.336300 -0.099213
v 0.285559 -0.336300 -0.098912
v 0.285549 -0.336300 -0.098671
v 0.285520 -0.336300 -0.098444
v 0.285471 -0.336300 -0.098230
v 0.285402 -0.336300 -0.098031
v 0.285313 -0.336300 -0.097844
v 0.285204 -0.336300 -0.097669
v 0.285073 -0.336300 -0.097508
v 0.284922 -0.336300 -0.097357
v 0.284750 -0.336300 -0.097219
v 0.284556 -0.336300 -0.097091
v 0.284340 -0.336300 -0.096975
v 0.284103 -0.336300 -0.096868
v 0.284103 -0.336300 -0.096840
v 0.284448 -0.336300 -0.096760
v 0.284769 -0.336300 -0.096652
v 0.285064 -0.336300 -0.096520
v 0.285333 -0.336300 -0.096362
v 0.285574 -0.336300 -0.096181
v 0.285787 -0.336300 -0.095977
v 0.285969 -0.336300 -0.095752
v 0.286121 -0.336300 -0.095507
v 0.286241 -0.336300 -0.095243
v 0.286328 -0.336300 -0.094961
v 0.286381 -0.336300 -0.094663
v 0.286399 -0.336300 -0.094348
v 0.286380 -0.336300 -0.094051
v 0.286323 -0.336300 -0.093751
v 0.286224 -0.336300 -0.093454
v 0.286082 -0.336300 -0.093165
v 0.285894 -0.336300 -0.092889
v 0.285659 -0.336300 -0.092633
v 0.285374 -0.336300 -0.092401
v 0.285036 -0.336300 -0.092199
v 0.284645 -0.336300 -0.092033
v 0.284197 -0.336300 -0.091907
v 0.283690 -0.336300 -0.091828
v 0.283123 -0.336300 -0.091800
v 0.279847 -0.336300 -0.091800
v 0.279847 -0.336300 -0.101348
v 0.282129 -0.336300 -0.097260
v 0.282454 -0.336300 -0.097271
v 0.282750 -0.336300 -0.097302
v 0.283017 -0.336300 -0.097355
v 0.283255 -0.336300 -0.097429
v 0.283465 -0.336300 -0.097524
v 0.283646 -0.336300 -0.097640
v 0.283799 -0.336300 -0.097777
v 0.283924 -0.336300 -0.097936
v 0.284021 -0.336300 -0.098116
v 0.284090 -0.336300 -0.098318
v 0.284131 -0.336300 -0.098541
v 0.284145 -0.336300 -0.098786
v 0.284136 -0.336300 -0.098962
v 0.284109 -0.336300 -0.099132
v 0.284062 -0.336300 -0.099295
v 0.283993 -0.336300 -0.099448
v 0.283901 -0.336300 -0.099590
v 0.283785 -0.336300 -0.099719
v 0.283642 -0.336300 -0.099833
v 0.283471 -0.336300 -0.099930
v 0.283271 -0.336300 -0.100009
v 0.283040 -0.336300 -0.100067
v 0.282776 -0.336300 -0.100103
v 0.282479 -0.336300 -0.100116
v 0.281219 -0.336300 -0.100116
v 0.281219 -0.336300 -0.097260
v 0.282941 -0.336300 -0.093032
v 0.283319 -0.336300 -0.093048
v 0.283651 -0.336300 -0.093094
v 0.283940 -0.336300 -0.093168
v 0.284186 -0.336300 -0.093265
v 0.284395 -0.336300 -0.093384
v 0.284567 -0.336300 -0.093520
v 0.284705 -0.336300 -0.093672
v 0.284813 -0.336300 -0.093835
v 0.284892 -0.336300 -0.094007
v 0.284945 -0.336300 -0.094184
v 0.284976 -0.336300 -0.094364
v 0.284985 -0.336300 -0.094544
v 0.284971 -0.336300 -0.094756
v 0.284929 -0.336300 -0.094955
v 0.284857 -0.336300 -0.095142
v 0.284757 -0.336300 -0.095315
v 0.284628 -0.336300 -0.095471
v 0.284469 -0.336300 -0.095611
v 0.284280 -0.336300 -0.095734
v 0.284060 -0.336300 -0.095836
v 0.283810 -0.336300 -0.095918
v 0.283528 -0.336300 -0.095978
v 0.283216 -0.336300 -0.096015
v 0.282871 -0.336300 -0.096028
v 0.281219 -0.336300 -0.096028
v 0.281219 -0.336300 -0.093032
v 0.273792 -0.336300 -0.101428
v 0.274503 -0.336300 -0.101296
v 0.275161 -0.336300 -0.101082
v 0.275761 -0.336300 -0.100795
v 0.276302 -0.336300 -0.100439
v 0.276779 -0.336300 -0.100022
v 0.277191 -0.336300 -0.099549
v 0.277535 -0.336300 -0.099027
v 0.277807 -0.336300 -0.098462
v 0.278005 -0.336300 -0.097861
v 0.278126 -0.336300 -0.097229
v 0.278167 -0.336300 -0.096574
v 0.278127 -0.336300 -0.095936
v 0.278009 -0.336300 -0.095317
v 0.277815 -0.336300 -0.094722
v 0.277546 -0.336300 -0.094159
v 0.277206 -0.336300 -0.093635
v 0.276797 -0.336300 -0.093158
v 0.276320 -0.336300 -0.092735
v 0.275778 -0.336300 -0.092372
v 0.275173 -0.336300 -0.092077
v 0.274507 -0.336300 -0.091858
v 0.273782 -0.336300 -0.091721
v 0.273001 -0.336300 -0.091674
v 0.272245 -0.336300 -0.091721
v 0.271540 -0.336300 -0.091857
v 0.270888 -0.336300 -0.092075
v 0.270292 -0.336300 -0.092369
v 0.269756 -0.336300 -0.092730
v 0.269282 -0.336300 -0.093153
v 0.268873 -0.336300 -0.093629
v 0.268532 -0.336300 -0.094153
v 0.268262 -0.336300 -0.094716
v 0.268066 -0.336300 -0.095312
v 0.267946 -0.336300 -0.095934
v 0.267905 -0.336300 -0.096574
v 0.267947 -0.336300 -0.097226
v 0.268070 -0.336300 -0.097856
v 0.268271 -0.336300 -0.098456
v 0.268546 -0.336300 -0.099020
v 0.268892 -0.336300 -0.099543
v 0.269307 -0.336300 -0.100016
v 0.269786 -0.336300 -0.100435
v 0.270325 -0.336300 -0.100792
v 0.270923 -0.336300 -0.101080
v 0.271575 -0.336300 -0.101295
v 0.272278 -0.336300 -0.101428
v 0.273029 -0.336300 -0.101474
v 0.273552 -0.336300 -0.092966
v 0.274049 -0.336300 -0.093059
v 0.274515 -0.336300 -0.093209
v 0.274946 -0.336300 -0.093414
v 0.275341 -0.336300 -0.093669
v 0.275694 -0.336300 -0.093972
v 0.276003 -0.336300 -0.094318
v 0.276264 -0.336300 -0.094703
v 0.276472 -0.336300 -0.095125
v 0.276626 -0.336300 -0.095580
v 0.276721 -0.336300 -0.096064
v 0.276753 -0.336300 -0.096574
v 0.276721 -0.336300 -0.097087
v 0.276626 -0.336300 -0.097573
v 0.276472 -0.336300 -0.098029
v 0.276264 -0.336300 -0.098451
v 0.276003 -0.336300 -0.098836
v 0.275694 -0.336300 -0.099182
v 0.275341 -0.336300 -0.099483
v 0.274946 -0.336300 -0.099737
v 0.274515 -0.336300 -0.099941
v 0.274049 -0.336300 -0.100090
v 0.273552 -0.336300 -0.100182
v 0.273029 -0.336300 -0.100214
v 0.272509 -0.336300 -0.100182
v 0.272015 -0.336300 -0.100090
v 0.271552 -0.336300 -0.099941
v 0.271121 -0.336300 -0.099737
v 0.270728 -0.336300 -0.099483
v 0.270376 -0.336300 -0.099182
v 0.270068 -0.336300 -0.098836
v 0.269808 -0.336300 -0.098451
v 0.269599 -0.336300 -0.098029
v 0.269446 -0.336300 -0.097573
v 0.269351 -0.336300 -0.097087
v 0.269319 -0.336300 -0.096574
v 0.269351 -0.336300 -0.096064
v 0.269446 -0.336300 -0.095580
v 0.269599 -0.336300 -0.095125
v 0.269808 -0.336300 -0.094703
v 0.270068 -0.336300 -0.094318
v 0.270376 -0.336300 -0.093972
v 0.270728 -0.336300 -0.093669
v 0.271121 -0.336300 -0.093414
v 0.271552 -0.336300 -0.093209
v 0.272015 -0.336300 -0.093059
v 0.272509 -0.336300 -0.092966
v 0.273029 -0.336300 -0.092934
v 0.262773 -0.336300 -0.101327
v 0.263208 -0.336300 -0.101265
v 0.263610 -0.336300 -0.101163
v 0.263977 -0.336300 -0.101022
v 0.264306 -0.336300 -0.100844
v 0.264598 -0.336300 -0.100630
v 0.264848 -0.336300 -0.100383
v 0.265057 -0.336300 -0.100101
v 0.265223 -0.336300 -0.099789
v 0.265343 -0.336300 -0.099446
v 0.265416 -0.336300 -0.099074
v 0.265441 -0.336300 -0.098674
v 0.265429 -0.336300 -0.098403
v 0.265394 -0.336300 -0.098145
v 0.265335 -0.336300 -0.097899
v 0.265254 -0.336300 -0.097667
v 0.265151 -0.336300 -0.097447
v 0.265026 -0.336300 -0.097243
v 0.264880 -0.336300 -0.097052
v 0.264713 -0.336300 -0.096877
v 0.264526 -0.336300 -0.096717
v 0.264318 -0.336300 -0.096573
v 0.264091 -0.336300 -0.096446
v 0.263845 -0.336300 -0.096336
v 0.264055 -0.336300 -0.096186
v 0.264253 -0.336300 -0.096023
v 0.264441 -0.336300 -0.095848
v 0.264621 -0.336300 -0.095659
v 0.264793 -0.336300 -0.095458
v 0.264962 -0.336300 -0.095244
v 0.265127 -0.336300 -0.095017
v 0.265291 -0.336300 -0.094777
v 0.265455 -0.336300 -0.094525
v 0.265623 -0.336300 -0.094259
v 0.265795 -0.336300 -0.093981
v 0.265973 -0.336300 -0.093690
v 0.266071 -0.336300 -0.093532
v 0.266165 -0.336300 -0.093385
v 0.266255 -0.336300 -0.093245
v 0.266345 -0.336300 -0.093110
v 0.266436 -0.336300 -0.092976
v 0.266530 -0.336300 -0.092840
v 0.266629 -0.336300 -0.092698
v 0.266735 -0.336300 -0.092548
v 0.266851 -0.336300 -0.092387
v 0.266978 -0.336300 -0.092210
v 0.267119 -0.336300 -0.092016
v 0.267275 -0.336300 -0.091800
v 0.265637 -0.336300 -0.091800
v 0.264377 -0.336300 -0.093760
v 0.264076 -0.336300 -0.094215
v 0.263800 -0.336300 -0.094602
v 0.263548 -0.336300 -0.094928
v 0.263316 -0.336300 -0.095197
v 0.263101 -0.336300 -0.095415
v 0.262900 -0.336300 -0.095587
v 0.262711 -0.336300 -0.095718
v 0.262531 -0.336300 -0.095813
v 0.262357 -0.336300 -0.095878
v 0.262186 -0.336300 -0.095918
v 0.262016 -0.336300 -0.095938
v 0.261843 -0.336300 -0.095944
v 0.261269 -0.336300 -0.095944
v 0.261269 -0.336300 -0.091800
v 0.259897 -0.336300 -0.091800
v 0.259897 -0.336300 -0.101348
v 0.262305 -0.336300 -0.101348
v 0.262151 -0.336300 -0.097176
v 0.262497 -0.336300 -0.097191
v 0.262801 -0.336300 -0.097236
v 0.263066 -0.336300 -0.097307
v 0.263294 -0.336300 -0.097402
v 0.263486 -0.336300 -0.097518
v 0.263645 -0.336300 -0.097654
v 0.263774 -0.336300 -0.097806
v 0.263874 -0.336300 -0.097972
v 0.263947 -0.336300 -0.098151
v 0.263995 -0.336300 -0.098338
v 0.264021 -0.336300 -0.098532
v 0.264027 -0.336300 -0.098730
v 0.264013 -0.336300 -0.098947
v 0.263976 -0.336300 -0.099148
v 0.263915 -0.336300 -0.099333
v 0.263830 -0.336300 -0.099502
v 0.263719 -0.336300 -0.099654
v 0.263582 -0.336300 -0.099787
v 0.263418 -0.336300 -0.099902
v 0.263225 -0.336300 -0.099997
v 0.263003 -0.336300 -0.100073
v 0.262751 -0.336300 -0.100127
v 0.262467 -0.336300 -0.100161
v 0.262151 -0.336300 -0.100172
v 0.261269 -0.336300 -0.100172
v 0.261269 -0.336300 -0.097176
v 0.262773 -0.336300 -0.101327
v 0.262773 -0.335700 -0.101327
v 0.263208 -0.336300 -0.101265
v 0.263208 -0.335700 -0.101265
v 0.263610 -0.336300 -0.101163
v 0.263610 -0.335700 -0.101163
v 0.263977 -0.336300 -0.101022
v 0.263977 -0.335700 -0.101022
v 0.264306 -0.336300 -0.100844
v 0.264306 -0.335700 -0.100844
v 0.264598 -0.336300 -0.100630
v 0.264598 -0.335700 -0.100630
v 0.264848 -0.336300 -0.100383
v 0.264848 -0.335700 -0.100383
v 0.265057 -0.336300 -0.100101
v 0.265057 -0.335700 -0.100101
v 0.265223 -0.336300 -0.099789
v 0.265223 -0.335700 -0.099789
v 0.265343 -0.336300 -0.099446
v 0.265343 -0.335700 -0.099446
v 0.265416 -0.336300 -0.099074
v 0.265416 -0.335700 -0.099074
v 0.265441 -0.336300 -0.098674
v 0.265441 -0.335700 -0.098674
v 0.265429 -0.336300 -0.098403
v 0.265429 -0.335700 -0.098403
v 0.265394 -0.336300 -0.098145
v 0.265394 -0.335700 -0.098145
v 0.265335 -0.336300 -0.097899
v 0.265335 -0.335700 -0.097899
v 0.265254 -0.336300 -0.097667
v 0.265254 -0.335700 -0.097667
v 0.265151 -0.336300 -0.097447
v 0.265151 -0.335700 -0.097447
v 0.265026 -0.336300 -0.097243
v 0.265026 -0.335700 -0.097243
v 0.264880 -0.336300 -0.097052
v 0.264880 -0.335700 -0.097052
v 0.264713 -0.336300 -0.096877
v 0.264713 -0.335700 -0.096877
v 0.264526 -0.336300 -0.096717
v 0.264526 -0.335700 -0.096717
v 0.264318 -0.336300 -0.096573
v 0.264318 -0.335700 -0.096573
v 0.264091 -0.336300 -0.096446
v 0.264091 -0.335700 -0.096446
v 0.263845 -0.336300 -0.096336
v 0.263845 -0.335700 -0.096336
v 0.264055 -0.336300 -0.096186
v 0.264055 -0.335700 -0.096186
v 0.264253 -0.336300 -0.096023
v 0.264253 -0.335700 -0.096023
v 0.264441 -0.336300 -0.095848
v 0.264441 -0.335700 -0.095848
v 0.264621 -0.336300 -0.095659
v 0.264621 -0.335700 -0.095659
v 0.264793 -0.336300 -0.095458
v 0.264793 -0.335700 -0.095458
v 0.264962 -0.336300 -0.095244
v 0.264962 -0.335700 -0.095244
v 0.265127 -0.336300 -0.095017
v 0.265127 -0.335700 -0.095017
v 0.265291 -0.336300 -0.094777
v 0.265291 -0.335700 -0.094777
v 0.265455 -0.336300 -0.094525
v 0.265455 -0.335700 -0.094525
v 0.265623 -0.336300 -0.094259
v 0.265623 -0.335700 -0.094259
v 0.265795 -0.336300 -0.093981
v 0.265795 -0.335700 -0.093981
v 0.265973 -0.336300 -0.093690
v 0.265973 -0.335700 -0.093690
v 0.266071 -0.336300 -0.093532
v 0.266071 -0.335700 -0.093532
v 0.266165 -0.336300 -0.093385
v 0.266165 -0.335700 -0.093385
v 0.266255 -0.336300 -0.093245
v 0.266255 -0.335700 -0.093245
v 0.266345 -0.336300 -0.093110
v 0.266345 -0.335700 -0.093110
v 0.266436 -0.336300 -0.092976
v 0.266436 -0.335700 -0.092976
v 0.266530 -0.336300 -0.092840
v 0.266530 -0.335700 -0.092840
v 0.266629 -0.336300 -0.092698
v 0.266629 -0.335700 -0.092698
v 0.266735 -0.336300 -0.092548
v 0.266735 -0.335700 -0.092548
v 0.266851 -0.336300 -0.092387
v 0.266851 -0.335700 -0.092387
v 0.266978 -0.336300 -0.092210
v 0.266978 -0.335700 -0.092210
v 0.267119 -0.336300 -0.092016
v 0.267119 -0.335700 -0.092016
v 0.267275 -0.336300 -0.091800
v 0.267275 -0.335700 -0.091800
v 0.265637 -0.336300 -0.091800
v 0.265637 -0.335700 -0.091800
v 0.264377 -0.336300 -0.093760
v 0.264377 -0.335700 -0.093760
v 0.264076 -0.336300 -0.094215
v 0.264076 -0.335700 -0.094215
v 0.263800 -0.336300 -0.094602
v 0.263800 -0.335700 -0.094602
v 0.263548 -0.336300 -0.094928
v 0.263548 -0.335700 -0.094928
v 0.263316 -0.336300 -0.095197
v 0.263316 -0.335700 -0.095197
v 0.263101 -0.336300 -0.095415
v 0.263101 -0.335700 -0.095415
v 0.262900 -0.336300 -0.095587
v 0.262900 -0.335700 -0.095587
v 0.262711 -0.336300 -0.095718
v 0.262711 -0.335700 -0.095718
v 0.262531 -0.336300 -0.095813
v 0.262531 -0.335700 -0.095813
v 0.262357 -0.336300 -0.095878
v 0.262357 -0.335700 -0.095878
v 0.262186 -0.336300 -0.095918
v 0.262186 -0.335700 -0.095918
v 0.262016 -0.336300 -0.095938
v 0.262016 -0.335700 -0.095938
v 0.261843 -0.336300 -0.095944
v 0.261843 -0.335700 -0.095944
v 0.261269 -0.336300 -0.095944
v 0.261269 -0.335700 -0.095944
v 0.261269 -0.336300 -0.091800
v 0.261269 -0.335700 -0.091800
v 0.259897 -0.336300 -0.091800
v 0.259897 -0.335700 -0.091800
v 0.259897 -0.336300 -0.101348
v 0.259897 -0.335700 -0.101348
v 0.262305 -0.336300 -0.101348
v 0.262305 -0.335700 -0.101348
v 0.262151 -0.336300 -0.097176
v 0.262151 -0.335700 -0.097176
v 0.262497 -0.336300 -0.097191
v 0.262497 -0.335700 -0.097191
v 0.262801 -0.336300 -0.097236
v 0.262801 -0.335700 -0.097236
v 0.263066 -0.336300 -0.097307
v 0.263066 -0.335700 -0.097307
v 0.263294 -0.336300 -0.097402
v 0.263294 -0.335700 -0.097402
v 0.263486 -0.336300 -0.097518
v 0.263486 -0.335700 -0.097518
v 0.263645 -0.336300 -0.097654
v 0.263645 -0.335700 -0.097654
v 0.263774 -0.336300 -0.097806
v 0.263774 -0.335700 -0.097806
v 0.263874 -0.336300 -0.097972
v 0.263874 -0.335700 -0.097972
v 0.263947 -0.336300 -0.098151
v 0.263947 -0.335700 -0.098151
v 0.263995 -0.336300 -0.098338
v 0.263995 -0.335700 -0.098338
v 0.264021 -0.336300 -0.098532
v 0.264021 -0.335700 -0.098532
v 0.264027 -0.336300 -0.098730
v 0.264027 -0.335700 -0.098730
v 0.264013 -0.336300 -0.098947
v 0.264013 -0.335700 -0.098947
v 0.263976 -0.336300 -0.099148
v 0.263976 -0.335700 -0.099148
v 0.263915 -0.336300 -0.099333
v 0.263915 -0.335700 -0.099333
v 0.263830 -0.336300 -0.099502
v 0.263830 -0.335700 -0.099502
v 0.263719 -0.336300 -0.099654
v 0.263719 -0.335700 -0.099654
v 0.263582 -0.336300 -0.099787
v 0.263582 -0.335700 -0.099787
v 0.263418 -0.336300 -0.099902
v 0.263418 -0.335700 -0.099902
v 0.263225 -0.336300 -0.099997
v 0.263225 -0.335700 -0.099997
v 0.263003 -0.336300 -0.100073
v 0.263003 -0.335700 -0.100073
v 0.262751 -0.336300 -0.100127
v 0.262751 -0.335700 -0.100127
v 0.262467 -0.336300 -0.100161
v 0.262467 -0.335700 -0.100161
v 0.262151 -0.336300 -0.100172
v 0.262151 -0.335700 -0.100172
v 0.261269 -0.336300 -0.100172
v 0.261269 -0.335700 -0.100172
v 0.261269 -0.336300 -0.097176
v 0.261269 -0.335700 -0.097176
v 0.273792 -0.336300 -0.101428
v 0.273792 -0.335700 -0.101428
v 0.274503 -0.336300 -0.101296
v 0.274503 -0.335700 -0.101296
v 0.275161 -0.336300 -0.101082
v 0.275161 -0.335700 -0.101082
v 0.275761 -0.336300 -0.100795
v 0.275761 -0.335700 -0.100795
v 0.276302 -0.336300 -0.100439
v 0.276302 -0.335700 -0.100439
v 0.276779 -0.336300 -0.100022
v 0.276779 -0.335700 -0.100022
v 0.277191 -0.336300 -0.099549
v 0.277191 -0.335700 -0.099549
v 0.277535 -0.336300 -0.099027
v 0.277535 -0.335700 -0.099027
v 0.277807 -0.336300 -0.098462
v 0.277807 -0.335700 -0.098462
v 0.278005 -0.336300 -0.097861
v 0.278005 -0.335700 -0.097861
v 0.278126 -0.336300 -0.097229
v 0.278126 -0.335700 -0.097229
v 0.278167 -0.336300 -0.096574
v 0.278167 -0.335700 -0.096574
v 0.278127 -0.336300 -0.095936
v 0.278127 -0.335700 -0.095936
v 0.278009 -0.336300 -0.095317
v 0.278009 -0.335700 -0.095317
v 0.277815 -0.336300 -0.094722
v 0.277815 -0.335700 -0.094722
v 0.277546 -0.336300 -0.094159
v 0.277546 -0.335700 -0.094159
v 0.277206 -0.336300 -0.093635
v 0.277206 -0.335700 -0.093635
v 0.276797 -0.336300 -0.093158
v 0.276797 -0.335700 -0.093158
v 0.276320 -0.336300 -0.092735
v 0.276320 -0.335700 -0.092735
v 0.275778 -0.336300 -0.092372
v 0.275778 -0.335700 -0.092372
v 0.275173 -0.336300 -0.092077
v 0.275173 -0.335700 -0.092077
v 0.274507 -0.336300 -0.091858
v 0.274507 -0.335700 -0.091858
v 0.273782 -0.336300 -0.091721
v 0.273782 -0.335700 -0.091721
v 0.273001 -0.336300 -0.091674
v 0.273001 -0.335700 -0.091674
v 0.272245 -0.336300 -0.091721
v 0.272245 -0.335700 -0.091721
v 0.271540 -0.336300 -0.091857
v 0.271540 -0.335700 -0.091857
v 0.270888 -0.336300 -0.092075
v 0.270888 -0.335700 -0.092075
v 0.270292 -0.336300 -0.092369
v 0.270292 -0.335700 -0.092369
v 0.269756 -0.336300 -0.092730
v 0.269756 -0.335700 -0.092730
v 0.269282 -0.336300 -0.093153
v 0.269282 -0.335700 -0.093153
v 0.268873 -0.336300 -0.093629
v 0.268873 -0.335700 -0.093629
v 0.268532 -0.336300 -0.094153
v 0.268532 -0.335700 -0.094153
v 0.268262 -0.336300 -0.094716
v 0.268262 -0.335700 -0.094716
v 0.268066 -0.336300 -0.095312
v 0.268066 -0.335700 -0.095312
v 0.267946 -0.336300 -0.095934
v 0.267946 -0.335700 -0.095934
v 0.267905 -0.336300 -0.096574
v 0.267905 -0.335700 -0.096574
v 0.267947 -0.336300 -0.097226
v 0.267947 -0.335700 -0.097226
v 0.268070 -0.336300 -0.097856
v 0.268070 -0.335700 -0.097856
v 0.268271 -0.336300 -0.098456
v 0.268271 -0.335700 -0.098456
v 0.268546 -0.336300 -0.099020
v 0.268546 -0.335700 -0.099020
v 0.268892 -0.336300 -0.099543
v 0.268892 -0.335700 -0.099543
v 0.269307 -0.336300 -0.100016
v 0.269307 -0.335700 -0.100016
v 0.269786 -0.336300 -0.100435
v 0.269786 -0.335700 -0.100435
v 0.270325 -0.336300 -0.100792
v 0.270325 -0.335700 -0.100792
v 0.270923 -0.336300 -0.101080
v 0.270923 -0.335700 -0.101080
v 0.271575 -0.336300 -0.101295
v 0.271575 -0.335700 -0.101295
v 0.272278 -0.336300 -0.101428
v 0.272278 -0.335700 -0.101428
v 0.273029 -0.336300 -0.101474
v 0.273029 -0.335700 -0.101474
v 0.273552 -0.336300 -0.092966
v 0.273552 -0.335700 -0.092966
v 0.274049 -0.336300 -0.093059
v 0.274049 -0.335700 -0.093059
v 0.274515 -0.336300 -0.093209
v 0.274515 -0.335700 -0.093209
v 0.274946 -0.336300 -0.093414
v 0.274946 -0.335700 -0.093414
v 0.275341 -0.336300 -0.093669
v 0.275341 -0.335700 -0.093669
v 0.275694 -0.336300 -0.093972
v 0.275694 -0.335700 -0.093972
v 0.276003 -0.336300 -0.094318
v 0.276003 -0.335700 -0.094318
v 0.276264 -0.336300 -0.094703
v 0.276264 -0.335700 -0.094703
v 0.276472 -0.336300 -0.095125
v 0.276472 -0.335700 -0.095125
v 0.276626 -0.336300 -0.095580
v 0.276626 -0.335700 -0.095580
v 0.276721 -0.336300 -0.096064
v 0.276721 -0.335700 -0.096064
v 0.276753 -0.336300 -0.096574
v 0.276753 -0.335700 -0.096574
v 0.276721 -0.336300 -0.097087
v 0.276721 -0.335700 -0.097087
v 0.276626 -0.336300 -0.097573
v 0.276626 -0.335700 -0.097573
v 0.276472 -0.336300 -0.098029
v 0.276472 -0.335700 -0.098029
v 0.276264 -0.336300 -0.098451
v 0.276264 -0.335700 -0.098451
v 0.276003 -0.336300 -0.098836
v 0.276003 -0.335700 -0.098836
v 0.275694 -0.336300 -0.099182
v 0.275694 -0.335700 -0.099182
v 0.275341 -0.336300 -0.099483
v 0.275341 -0.335700 -0.099483
v 0.274946 -0.336300 -0.099737
v 0.274946 -0.335700 -0.099737
v 0.274515 -0.336300 -0.099941
v 0.274515 -0.335700 -0.099941
v 0.274049 -0.336300 -0.100090
v 0.274049 -0.335700 -0.100090
v 0.273552 -0.336300 -0.100182
v 0.273552 -0.335700 -0.100182
v 0.273029 -0.336300 -0.100214
v 0.273029 -0.335700 -0.100214
v 0.272509 -0.336300 -0.100182
v 0.272509 -0.335700 -0.100182
v 0.272015 -0.336300 -0.100090
v 0.272015 -0.335700 -0.100090
v 0.271552 -0.336300 -0.099941
v 0.271552 -0.335700 -0.099941
v 0.271121 -0.336300 -0.099737
v 0.271121 -0.335700 -0.099737
v 0.270728 -0.336300 -0.099483
v 0.270728 -0.335700 -0.099483
v 0.270376 -0.336300 -0.099182
v 0.270376 -0.335700 -0.099182
v 0.270068 -0.336300 -0.098836
v 0.270068 -0.335700 -0.098836
v 0.269808 -0.336300 -0.098451
v 0.269808 -0.335700 -0.098451
v 0.269599 -0.336300 -0.098029
v 0.269599 -0.335700 -0.098029
v 0.269446 -0.336300 -0.097573
v 0.269446 -0.335700 -0.097573
v 0.269351 -0.336300 -0.097087
v 0.269351 -0.335700 -0.097087
v 0.269319 -0.336300 -0.096574
v 0.269319 -0.335700 -0.096574
v 0.269351 -0.336300 -0.096064
v 0.269351 -0.335700 -0.096064
v 0.269446 -0.336300 -0.095580
v 0.269446 -0.335700 -0.095580
v 0.269599 -0.336300 -0.095125
v 0.269599 -0.335700 -0.095125
v 0.269808 -0.336300 -0.094703
v 0.269808 -0.335700 -0.094703
v 0.270068 -0.336300 -0.094318
v 0.270068 -0.335700 -0.094318
v 0.270376 -0.336300 -0.093972
v 0.270376 -0.335700 -0.093972
v 0.270728 -0.336300 -0.093669
v 0.270728 -0.335700 -0.093669
v 0.271121 -0.336300 -0.093414
v 0.271121 -0.335700 -0.093414
v 0.271552 -0.336300 -0.093209
v 0.271552 -0.335700 -0.093209
v 0.272015 -0.336300 -0.093059
v 0.272015 -0.335700 -0.093059
v 0.272509 -0.336300 -0.092966
v 0.272509 -0.335700 -0.092966
v 0.273029 -0.336300 -0.092934
v 0.273029 -0.335700 -0.092934
v 0.282619 -0.336300 -0.101348
v 0.282619 -0.335700 -0.101348
v 0.283109 -0.336300 -0.101323
v 0.283109 -0.335700 -0.101323
v 0.283551 -0.336300 -0.101251
v 0.283551 -0.335700 -0.101251
v 0.283947 -0.336300 -0.101137
v 0.283947 -0.335700 -0.101137
v 0.284296 -0.336300 -0.100984
v 0.284296 -0.335700 -0.100984
v 0.284600 -0.336300 -0.100797
v 0.284600 -0.335700 -0.100797
v 0.284861 -0.336300 -0.100582
v 0.284861 -0.335700 -0.100582
v 0.285078 -0.336300 -0.100340
v 0.285078 -0.335700 -0.100340
v 0.285254 -0.336300 -0.100079
v 0.285254 -0.335700 -0.100079
v 0.285389 -0.336300 -0.099801
v 0.285389 -0.335700 -0.099801
v 0.285484 -0.336300 -0.099510
v 0.285484 -0.335700 -0.099510
v 0.285540 -0.336300 -0.099213
v 0.285540 -0.335700 -0.099213
v 0.285559 -0.336300 -0.098912
v 0.285559 -0.335700 -0.098912
v 0.285549 -0.336300 -0.098671
v 0.285549 -0.335700 -0.098671
v 0.285520 -0.336300 -0.098444
v 0.285520 -0.335700 -0.098444
v 0.285471 -0.336300 -0.098230
v 0.285471 -0.335700 -0.098230
v 0.285402 -0.336300 -0.098031
v 0.285402 -0.335700 -0.098031
v 0.285313 -0.336300 -0.097844
v 0.285313 -0.335700 -0.097844
v 0.285204 -0.336300 -0.097669
v 0.285204 -0.335700 -0.097669
v 0.285073 -0.336300 -0.097508
v 0.285073 -0.335700 -0.097508
v 0.284922 -0.336300 -0.097357
v 0.284922 -0.335700 -0.097357
v 0.284750 -0.336300 -0.097219
v 0.284750 -0.335700 -0.097219
v 0.284556 -0.336300 -0.097091
v 0.284556 -0.335700 -0.097091
v 0.284340 -0.336300 -0.096975
v 0.284340 -0.335700 -0.096975
v 0.284103 -0.336300 -0.096868
v 0.284103 -0.335700 -0.096868
v 0.284103 -0.336300 -0.096840
v 0.284103 -0.335700 -0.096840
v 0.284448 -0.336300 -0.096760
v 0.284448 -0.335700 -0.096760
v 0.284769 -0.336300 -0.096652
v 0.284769 -0.335700 -0.096652
v 0.285064 -0.336300 -0.096520
v 0.285064 -0.335700 -0.096520
v 0.285333 -0.336300 -0.096362
v 0.285333 -0.335700 -0.096362
v 0.285574 -0.336300 -0.096181
v 0.285574 -0.335700 -0.096181
v 0.285787 -0.336300 -0.095977
v 0.285787 -0.335700 -0.095977
v 0.285969 -0.336300 -0.095752
v 0.285969 -0.335700 -0.095752
v 0.286121 -0.336300 -0.095507
v 0.286121 -0.335700 -0.095507
v 0.286241 -0.336300 -0.095243
v 0.286241 -0.335700 -0.095243
v 0.286328 -0.336300 -0.094961
v 0.286328 -0.335700 -0.094961
v 0.286381 -0.336300 -0.094663
v 0.286381 -0.335700 -0.094663
v 0.286399 -0.336300 -0.094348
v 0.286399 -0.335700 -0.094348
v 0.286380 -0.336300 -0.094051
v 0.286380 -0.335700 -0.094051
v 0.286323 -0.336300 -0.093751
v 0.286323 -0.335700 -0.093751
v 0.286224 -0.336300 -0.093454
v 0.286224 -0.335700 -0.093454
v 0.286082 -0.336300 -0.093165
v 0.286082 -0.335700 -0.093165
v 0.285894 -0.336300 -0.092889
v 0.285894 -0.335700 -0.092889
v 0.285659 -0.336300 -0.092633
v 0.285659 -0.335700 -0.092633
v 0.285374 -0.336300 -0.092401
v 0.285374 -0.335700 -0.092401
v 0.285036 -0.336300 -0.092199
v 0.285036 -0.335700 -0.092199
v 0.284645 -0.336300 -0.092033
v 0.284645 -0.335700 -0.092033
v 0.284197 -0.336300 -0.091907
v 0.284197 -0.335700 -0.091907
v 0.283690 -0.336300 -0.091828
v 0.283690 -0.335700 -0.091828
v 0.283123 -0.336300 -0.091800
v 0.283123 -0.335700 -0.091800
v 0.279847 -0.336300 -0.091800
v 0.279847 -0.335700 -0.091800
v 0.279847 -0.336300 -0.101348
v 0.279847 -0.335700 -0.101348
v 0.282129 -0.336300 -0.097260
v 0.282129 -0.335700 -0.097260
v 0.282454 -0.336300 -0.097271
v 0.282454 -0.335700 -0.097271
v 0.282750 -0.336300 -0.097302
v 0.282750 -0.335700 -0.097302
v 0.283017 -0.336300 -0.097355
v 0.283017 -0.335700 -0.097355
v 0.283255 -0.336300 -0.097429
v 0.283255 -0.335700 -0.097429
v 0.283465 -0.336300 -0.097524
v 0.283465 -0.335700 -0.097524
v 0.283646 -0.336300 -0.097640
v 0.283646 -0.335700 -0.097640
v 0.283799 -0.336300 -0.097777
v 0.283799 -0.335700 -0.097777
v 0.283924 -0.336300 -0.097936
v 0.283924 -0.335700 -0.097936
v 0.284021 -0.336300 -0.098116
v 0.284021 -0.335700 -0.098116
v 0.284090 -0.336300 -0.098318
v 0.284090 -0.335700 -0.098318
v 0.284131 -0.336300 -0.098541
v 0.284131 -0.335700 -0.098541
v 0.284145 -0.336300 -0.098786
v 0.284145 -0.335700 -0.098786
v 0.284136 -0.336300 -0.098962
v 0.284136 -0.335700 -0.098962
v 0.284109 -0.336300 -0.099132
v 0.284109 -0.335700 -0.099132
v 0.284062 -0.336300 -0.099295
v 0.284062 -0.335700 -0.099295
v 0.283993 -0.336300 -0.099448
v 0.283993 -0.335700 -0.099448
v 0.283901 -0.336300 -0.099590
v 0.283901 -0.335700 -0.099590
v 0.283785 -0.336300 -0.099719
v 0.283785 -0.335700 -0.099719
v 0.283642 -0.336300 -0.099833
v 0.283642 -0.335700 -0.099833
v 0.283471 -0.336300 -0.099930
v 0.283471 -0.335700 -0.099930
v 0.283271 -0.336300 -0.100009
v 0.283271 -0.335700 -0.100009
v 0.283040 -0.336300 -0.100067
v 0.283040 -0.335700 -0.100067
v 0.282776 -0.336300 -0.100103
v 0.282776 -0.335700 -0.100103
v 0.282479 -0.336300 -0.100116
v 0.282479 -0.335700 -0.100116
v 0.281219 -0.336300 -0.100116
v 0.281219 -0.335700 -0.100116
v 0.281219 -0.336300 -0.097260
v 0.281219 -0.335700 -0.097260
v 0.282941 -0.336300 -0.093032
v 0.282941 -0.335700 -0.093032
v 0.283319 -0.336300 -0.093048
v 0.283319 -0.335700 -0.093048
v 0.283651 -0.336300 -0.093094
v 0.283651 -0.335700 -0.093094
v 0.283940 -0.336300 -0.093168
v 0.283940 -0.335700 -0.093168
v 0.284186 -0.336300 -0.093265
v 0.284186 -0.335700 -0.093265
v 0.284395 -0.336300 -0.093384
v 0.284395 -0.335700 -0.093384
v 0.284567 -0.336300 -0.093520
v 0.284567 -0.335700 -0.093520
v 0.284705 -0.336300 -0.093672
v 0.284705 -0.335700 -0.093672
v 0.284813 -0.336300 -0.093835
v 0.284813 -0.335700 -0.093835
v 0.284892 -0.336300 -0.094007
v 0.284892 -0.335700 -0.094007
v 0.284945 -0.336300 -0.094184
v 0.284945 -0.335700 -0.094184
v 0.284976 -0.336300 -0.094364
v 0.284976 -0.335700 -0.094364
v 0.284985 -0.336300 -0.094544
v 0.284985 -0.335700 -0.094544
v 0.284971 -0.336300 -0.094756
v 0.284971 -0.335700 -0.094756
v 0.284929 -0.336300 -0.094955
v 0.284929 -0.335700 -0.094955
v 0.284857 -0.336300 -0.095142
v 0.284857 -0.335700 -0.095142
v 0.284757 -0.336300 -0.095315
v 0.284757 -0.335700 -0.095315
v 0.284628 -0.336300 -0.095471
v 0.284628 -0.335700 -0.095471
v 0.284469 -0.336300 -0.095611
v 0.284469 -0.335700 -0.095611
v 0.284280 -0.336300 -0.095734
v 0.284280 -0.335700 -0.095734
v 0.284060 -0.336300 -0.095836
v 0.284060 -0.335700 -0.095836
v 0.283810 -0.336300 -0.095918
v 0.283810 -0.335700 -0.095918
v 0.283528 -0.336300 -0.095978
v 0.283528 -0.335700 -0.095978
v 0.283216 -0.336300 -0.096015
v 0.283216 -0.335700 -0.096015
v 0.282871 -0.336300 -0.096028
v 0.282871 -0.335700 -0.096028
v 0.281219 -0.336300 -0.096028
v 0.281219 -0.335700 -0.096028
v 0.281219 -0.336300 -0.093032
v 0.281219 -0.335700 -0.093032
v 0.293196 -0.336300 -0.101428
v 0.293196 -0.335700 -0.101428
v 0.293907 -0.336300 -0.101296
v 0.293907 -0.335700 -0.101296
v 0.294565 -0.336300 -0.101082
v 0.294565 -0.335700 -0.101082
v 0.295165 -0.336300 -0.100795
v 0.295165 -0.335700 -0.100795
v 0.295706 -0.336300 -0.100439
v 0.295706 -0.335700 -0.100439
v 0.296183 -0.336300 -0.100022
v 0.296183 -0.335700 -0.100022
v 0.296595 -0.336300 -0.099549
v 0.296595 -0.335700 -0.099549
v 0.296939 -0.336300 -0.099027
v 0.296939 -0.335700 -0.099027
v 0.297211 -0.336300 -0.098462
v 0.297211 -0.335700 -0.098462
v 0.297409 -0.336300 -0.097861
v 0.297409 -0.335700 -0.097861
v 0.297530 -0.336300 -0.097229
v 0.297530 -0.335700 -0.097229
v 0.297571 -0.336300 -0.096574
v 0.297571 -0.335700 -0.096574
v 0.297531 -0.336300 -0.095936
v 0.297531 -0.335700 -0.095936
v 0.297413 -0.336300 -0.095317
v 0.297413 -0.335700 -0.095317
v 0.297219 -0.336300 -0.094722
v 0.297219 -0.335700 -0.094722
v 0.296950 -0.336300 -0.094159
v 0.296950 -0.335700 -0.094159
v 0.296610 -0.336300 -0.093635
v 0.296610 -0.335700 -0.093635
v 0.296201 -0.336300 -0.093158
v 0.296201 -0.335700 -0.093158
v 0.295724 -0.336300 -0.092735
v 0.295724 -0.335700 -0.092735
v 0.295182 -0.336300 -0.092372
v 0.295182 -0.335700 -0.092372
v 0.294577 -0.336300 -0.092077
v 0.294577 -0.335700 -0.092077
v 0.293911 -0.336300 -0.091858
v 0.293911 -0.335700 -0.091858
v 0.293186 -0.336300 -0.091721
v 0.293186 -0.335700 -0.091721
v 0.292405 -0.336300 -0.091674
v 0.292405 -0.335700 -0.091674
v 0.291649 -0.336300 -0.091721
v 0.291649 -0.335700 -0.091721
v 0.290944 -0.336300 -0.091857
v 0.290944 -0.335700 -0.091857
v 0.290292 -0.336300 -0.092075
v 0.290292 -0.335700 -0.092075
v 0.289696 -0.336300 -0.092369
v 0.289696 -0.335700 -0.092369
v 0.289160 -0.336300 -0.092730
v 0.289160 -0.335700 -0.092730
v 0.288686 -0.336300 -0.093153
v 0.288686 -0.335700 -0.093153
v 0.288277 -0.336300 -0.093629
v 0.288277 -0.335700 -0.093629
v 0.287936 -0.336300 -0.094153
v 0.287936 -0.335700 -0.094153
v 0.287666 -0.336300 -0.094716
v 0.287666 -0.335700 -0.094716
v 0.287470 -0.336300 -0.095312
v 0.287470 -0.335700 -0.095312
v 0.287350 -0.336300 -0.095934
v 0.287350 -0.335700 -0.095934
v 0.287309 -0.336300 -0.096574
v 0.287309 -0.335700 -0.096574
v 0.287351 -0.336300 -0.097226
v 0.287351 -0.335700 -0.097226
v 0.287474 -0.336300 -0.097856
v 0.287474 -0.335700 -0.097856
v 0.287675 -0.336300 -0.098456
v 0.287675 -0.335700 -0.098456
v 0.287950 -0.336300 -0.099020
v 0.287950 -0.335700 -0.099020
v 0.288296 -0.336300 -0.099543
v 0.288296 -0.335700 -0.099543
v 0.288711 -0.336300 -0.100016
v 0.288711 -0.335700 -0.100016
v 0.289190 -0.336300 -0.100435
v 0.289190 -0.335700 -0.100435
v 0.289729 -0.336300 -0.100792
v 0.289729 -0.335700 -0.100792
v 0.290327 -0.336300 -0.101080
v 0.290327 -0.335700 -0.101080
v 0.290979 -0.336300 -0.101295
v 0.290979 -0.335700 -0.101295
v 0.291682 -0.336300 -0.101428
v 0.291682 -0.335700 -0.101428
v 0.292433 -0.336300 -0.101474
v 0.292433 -0.335700 -0.101474
v 0.292956 -0.336300 -0.092966
v 0.292956 -0.335700 -0.092966
v 0.293453 -0.336300 -0.093059
v 0.293453 -0.335700 -0.093059
v 0.293919 -0.336300 -0.093209
v 0.293919 -0.335700 -0.093209
v 0.294351 -0.336300 -0.093414
v 0.294351 -0.335700 -0.093414
v 0.294745 -0.336300 -0.093669
v 0.294745 -0.335700 -0.093669
v 0.295098 -0.336300 -0.093972
v 0.295098 -0.335700 -0.093972
v 0.295407 -0.336300 -0.094318
v 0.295407 -0.335700 -0.094318
v 0.295668 -0.336300 -0.094703
v 0.295668 -0.335700 -0.094703
v 0.295876 -0.336300 -0.095125
v 0.295876 -0.335700 -0.095125
v 0.296030 -0.336300 -0.095580
v 0.296030 -0.335700 -0.095580
v 0.296125 -0.336300 -0.096064
v 0.296125 -0.335700 -0.096064
v 0.296157 -0.336300 -0.096574
v 0.296157 -0.335700 -0.096574
v 0.296125 -0.336300 -0.097087
v 0.296125 -0.335700 -0.097087
v 0.296030 -0.336300 -0.097573
v 0.296030 -0.335700 -0.097573
v 0.295876 -0.336300 -0.098029
v 0.295876 -0.335700 -0.098029
v 0.295668 -0.336300 -0.098451
v 0.295668 -0.335700 -0.098451
v 0.295407 -0.336300 -0.098836
v 0.295407 -0.335700 -0.098836
v 0.295098 -0.336300 -0.099182
v 0.295098 -0.335700 -0.099182
v 0.294745 -0.336300 -0.099483
v 0.294745 -0.335700 -0.099483
v 0.294351 -0.336300 -0.099737
v 0.294351 -0.335700 -0.099737
v 0.293919 -0.336300 -0.099941
v 0.293919 -0.335700 -0.099941
v 0.293453 -0.336300 -0.100090
v 0.293453 -0.335700 -0.100090
v 0.292956 -0.336300 -0.100182
v 0.292956 -0.335700 -0.100182
v 0.292433 -0.336300 -0.100214
v 0.292433 -0.335700 -0.100214
v 0.291913 -0.336300 -0.100182
v 0.291913 -0.335700 -0.100182
v 0.291419 -0.336300 -0.100090
v 0.291419 -0.335700 -0.100090
v 0.290956 -0.336300 -0.099941
v 0.290956 -0.335700 -0.099941
v 0.290525 -0.336300 -0.099737
v 0.290525 -0.335700 -0.099737
v 0.290132 -0.336300 -0.099483
v 0.290132 -0.335700 -0.099483
v 0.289780 -0.336300 -0.099182
v 0.289780 -0.335700 -0.099182
v 0.289472 -0.336300 -0.098836
v 0.289472 -0.335700 -0.098836
v 0.289212 -0.336300 -0.098451
v 0.289212 -0.335700 -0.098451
v 0.289003 -0.336300 -0.098029
v 0.289003 -0.335700 -0.098029
v 0.288850 -0.336300 -0.097573
v 0.288850 -0.335700 -0.097573
v 0.288755 -0.336300 -0.097087
v 0.288755 -0.335700 -0.097087
v 0.288723 -0.336300 -0.096574
v 0.288723 -0.335700 -0.096574
v 0.288755 -0.336300 -0.096064
v 0.288755 -0.335700 -0.096064
v 0.288850 -0.336300 -0.095580
v 0.288850 -0.335700 -0.095580
v 0.289003 -0.336300 -0.095125
v 0.289003 -0.335700 -0.095125
v 0.289212 -0.336300 -0.094703
v 0.289212 -0.335700 -0.094703
v 0.289472 -0.336300 -0.094318
v 0.289472 -0.335700 -0.094318
v 0.289780 -0.336300 -0.093972
v 0.289780 -0.335700 -0.093972
v 0.290132 -0.336300 -0.093669
v 0.290132 -0.335700 -0.093669
v 0.290525 -0.336300 -0.093414
v 0.290525 -0.335700 -0.093414
v 0.290956 -0.336300 -0.093209
v 0.290956 -0.335700 -0.093209
v 0.291419 -0.336300 -0.093059
v 0.291419 -0.335700 -0.093059
v 0.291913 -0.336300 -0.092966
v 0.291913 -0.335700 -0.092966
v 0.292433 -0.336300 -0.092934
v 0.292433 -0.335700 -0.092934
v 0.303115 -0.336300 -0.100116
v 0.303115 -0.335700 -0.100116
v 0.303115 -0.336300 -0.091800
v 0.303115 -0.335700 -0.091800
v 0.301743 -0.336300 -0.091800
v 0.301743 -0.335700 -0.091800
v 0.301743 -0.336300 -0.100116
v 0.301743 -0.335700 -0.100116
v 0.298439 -0.336300 -0.100116
v 0.298439 -0.335700 -0.100116
v 0.298439 -0.336300 -0.101348
v 0.298439 -0.335700 -0.101348
v 0.306419 -0.336300 -0.101348
v 0.306419 -0.335700 -0.101348
v 0.306419 -0.336300 -0.100116
v 0.306419 -0.335700 -0.100116
v 0.314371 -0.336300 -0.101348
v 0.314371 -0.335700 -0.101348
v 0.314861 -0.336300 -0.101323
v 0.314861 -0.335700 -0.101323
v 0.315303 -0.336300 -0.101251
v 0.315303 -0.335700 -0.101251
v 0.315699 -0.336300 -0.101137
v 0.315699 -0.335700 -0.101137
v 0.316048 -0.336300 -0.100984
v 0.316048 -0.335700 -0.100984
v 0.316352 -0.336300 -0.100797
v 0.316352 -0.335700 -0.100797
v 0.316613 -0.336300 -0.100582
v 0.316613 -0.335700 -0.100582
v 0.316830 -0.336300 -0.100340
v 0.316830 -0.335700 -0.100340
v 0.317006 -0.336300 -0.100079
v 0.317006 -0.335700 -0.100079
v 0.317141 -0.336300 -0.099801
v 0.317141 -0.335700 -0.099801
v 0.317236 -0.336300 -0.099510
v 0.317236 -0.335700 -0.099510
v 0.317292 -0.336300 -0.099213
v 0.317292 -0.335700 -0.099213
v 0.317311 -0.336300 -0.098912
v 0.317311 -0.335700 -0.098912
v 0.317301 -0.336300 -0.098671
v 0.317301 -0.335700 -0.098671
v 0.317272 -0.336300 -0.098444
v 0.317272 -0.335700 -0.098444
v 0.317223 -0.336300 -0.098230
v 0.317223 -0.335700 -0.098230
v 0.317154 -0.336300 -0.098031
v 0.317154 -0.335700 -0.098031
v 0.317065 -0.336300 -0.097844
v 0.317065 -0.335700 -0.097844
v 0.316956 -0.336300 -0.097669
v 0.316956 -0.335700 -0.097669
v 0.316825 -0.336300 -0.097508
v 0.316825 -0.335700 -0.097508
v 0.316674 -0.336300 -0.097357
v 0.316674 -0.335700 -0.097357
v 0.316502 -0.336300 -0.097219
v 0.316502 -0.335700 -0.097219
v 0.316308 -0.336300 -0.097091
v 0.316308 -0.335700 -0.097091
v 0.316092 -0.336300 -0.096975
v 0.316092 -0.335700 -0.096975
v 0.315855 -0.336300 -0.096868
v 0.315855 -0.335700 -0.096868
v 0.315855 -0.336300 -0.096840
v 0.315855 -0.335700 -0.096840
v 0.316200 -0.336300 -0.096760
v 0.316200 -0.335700 -0.096760
v 0.316521 -0.336300 -0.096652
v 0.316521 -0.335700 -0.096652
v 0.316816 -0.336300 -0.096520
v 0.316816 -0.335700 -0.096520
v 0.317085 -0.336300 -0.096362
v 0.317085 -0.335700 -0.096362
v 0.317326 -0.336300 -0.096181
v 0.317326 -0.335700 -0.096181
v 0.317538 -0.336300 -0.095977
v 0.317538 -0.335700 -0.095977
v 0.317721 -0.336300 -0.095752
v 0.317721 -0.335700 -0.095752
v 0.317873 -0.336300 -0.095507
v 0.317873 -0.335700 -0.095507
v 0.317993 -0.336300 -0.095243
v 0.317993 -0.335700 -0.095243
v 0.318080 -0.336300 -0.094961
v 0.318080 -0.335700 -0.094961
v 0.318133 -0.336300 -0.094663
v 0.318133 -0.335700 -0.094663
v 0.318151 -0.336300 -0.094348
v 0.318151 -0.335700 -0.094348
v 0.318132 -0.336300 -0.094051
v 0.318132 -0.335700 -0.094051
v 0.318075 -0.336300 -0.093751
v 0.318075 -0.335700 -0.093751
v 0.317976 -0.336300 -0.093454
v 0.317976 -0.335700 -0.093454
v 0.317834 -0.336300 -0.093165
v 0.317834 -0.335700 -0.093165
v 0.317646 -0.336300 -0.092889
v 0.317646 -0.335700 -0.092889
v 0.317411 -0.336300 -0.092633
v 0.317411 -0.335700 -0.092633
v 0.317126 -0.336300 -0.092401
v 0.317126 -0.335700 -0.092401
v 0.316788 -0.336300 -0.092199
v 0.316788 -0.335700 -0.092199
v 0.316397 -0.336300 -0.092033
v 0.316397 -0.335700 -0.092033
v 0.315949 -0.336300 -0.091907
v 0.315949 -0.335700 -0.091907
v 0.315442 -0.336300 -0.091828
v 0.315442 -0.335700 -0.091828
v 0.314875 -0.336300 -0.091800
v 0.314875 -0.335700 -0.091800
v 0.311599 -0.336300 -0.091800
v 0.311599 -0.335700 -0.091800
v 0.311599 -0.336300 -0.101348
v 0.311599 -0.335700 -0.101348
v 0.313881 -0.336300 -0.097260
v 0.313881 -0.335700 -0.097260
v 0.314206 -0.336300 -0.097271
v 0.314206 -0.335700 -0.097271
v 0.314502 -0.336300 -0.097302
v 0.314502 -0.335700 -0.097302
v 0.314769 -0.336300 -0.097355
v 0.314769 -0.335700 -0.097355
v 0.315007 -0.336300 -0.097429
v 0.315007 -0.335700 -0.097429
v 0.315217 -0.336300 -0.097524
v 0.315217 -0.335700 -0.097524
v 0.315398 -0.336300 -0.097640
v 0.315398 -0.335700 -0.097640
v 0.315551 -0.336300 -0.097777
v 0.315551 -0.335700 -0.097777
v 0.315676 -0.336300 -0.097936
v 0.315676 -0.335700 -0.097936
v 0.315773 -0.336300 -0.098116
v 0.315773 -0.335700 -0.098116
v 0.315842 -0.336300 -0.098318
v 0.315842 -0.335700 -0.098318
v 0.315883 -0.336300 -0.098541
v 0.315883 -0.335700 -0.098541
v 0.315897 -0.336300 -0.098786
v 0.315897 -0.335700 -0.098786
v 0.315888 -0.336300 -0.098962
v 0.315888 -0.335700 -0.098962
v 0.315861 -0.336300 -0.099132
v 0.315861 -0.335700 -0.099132
v 0.315814 -0.336300 -0.099295
v 0.315814 -0.335700 -0.099295
v 0.315745 -0.336300 -0.099448
v 0.315745 -0.335700 -0.099448
v 0.315653 -0.336300 -0.099590
v 0.315653 -0.335700 -0.099590
v 0.315536 -0.336300 -0.099719
v 0.315536 -0.335700 -0.099719
v 0.315394 -0.336300 -0.099833
v 0.315394 -0.335700 -0.099833
v 0.315223 -0.336300 -0.099930
v 0.315223 -0.335700 -0.099930
v 0.315023 -0.336300 -0.100009
v 0.315023 -0.335700 -0.100009
v 0.314792 -0.336300 -0.100067
v 0.314792 -0.335700 -0.100067
v 0.314528 -0.336300 -0.100103
v 0.314528 -0.335700 -0.100103
v 0.314231 -0.336300 -0.100116
v 0.314231 -0.335700 -0.100116
v 0.312971 -0.336300 -0.100116
v 0.312971 -0.335700 -0.100116
v 0.312971 -0.336300 -0.097260
v 0.312971 -0.335700 -0.097260
v 0.314693 -0.336300 -0.093032
v 0.314693 -0.335700 -0.093032
v 0.315071 -0.336300 -0.093048
v 0.315071 -0.335700 -0.093048
v 0.315403 -0.336300 -0.093094
v 0.315403 -0.335700 -0.093094
v 0.315692 -0.336300 -0.093168
v 0.315692 -0.335700 -0.093168
v 0.315939 -0.336300 -0.093265
v 0.315939 -0.335700 -0.093265
v 0.316147 -0.336300 -0.093384
v 0.316147 -0.335700 -0.093384
v 0.316319 -0.336300 -0.093520
v 0.316319 -0.335700 -0.093520
v 0.316457 -0.336300 -0.093672
v 0.316457 -0.335700 -0.093672
v 0.316565 -0.336300 -0.093835
v 0.316565 -0.335700 -0.093835
v 0.316644 -0.336300 -0.094007
v 0.316644 -0.335700 -0.094007
v 0.316697 -0.336300 -0.094184
v 0.316697 -0.335700 -0.094184
v 0.316728 -0.336300 -0.094364
v 0.316728 -0.335700 -0.094364
v 0.316737 -0.336300 -0.094544
v 0.316737 -0.335700 -0.094544
v 0.316723 -0.336300 -0.094756
v 0.316723 -0.335700 -0.094756
v 0.316681 -0.336300 -0.094955
v 0.316681 -0.335700 -0.094955
v 0.316609 -0.336300 -0.095142
v 0.316609 -0.335700 -0.095142
v 0.316509 -0.336300 -0.095315
v 0.316509 -0.335700 -0.095315
v 0.316380 -0.336300 -0.095471
v 0.316380 -0.335700 -0.095471
v 0.316221 -0.336300 -0.095611
v 0.316221 -0.335700 -0.095611
v 0.316032 -0.336300 -0.095734
v 0.316032 -0.335700 -0.095734
v 0.315812 -0.336300 -0.095836
v 0.315812 -0.335700 -0.095836
v 0.315562 -0.336300 -0.095918
v 0.315562 -0.335700 -0.095918
v 0.315280 -0.336300 -0.095978
v 0.315280 -0.335700 -0.095978
v 0.314968 -0.336300 -0.096015
v 0.314968 -0.335700 -0.096015
v 0.314623 -0.336300 -0.096028
v 0.314623 -0.335700 -0.096028
v 0.312971 -0.336300 -0.096028
v 0.312971 -0.335700 -0.096028
v 0.312971 -0.336300 -0.093032
v 0.312971 -0.335700 -0.093032
v 0.326369 -0.336300 -0.091800
v 0.326369 -0.335700 -0.091800
v 0.325095 -0.336300 -0.094614
v 0.325095 -0.335700 -0.094614
v 0.321035 -0.336300 -0.094614
v 0.321035 -0.335700 -0.094614
v 0.319831 -0.336300 -0.091800
v 0.319831 -0.335700 -0.091800
v 0.318431 -0.336300 -0.091800
v 0.318431 -0.335700 -0.091800
v 0.322533 -0.336300 -0.101404
v 0.322533 -0.335700 -0.101404
v 0.323499 -0.336300 -0.101404
v 0.323499 -0.335700 -0.101404
v 0.327769 -0.336300 -0.091800
v 0.327769 -0.335700 -0.091800
v 0.324535 -0.336300 -0.095846
v 0.324535 -0.335700 -0.095846
v 0.322995 -0.336300 -0.099304
v 0.322995 -0.335700 -0.099304
v 0.321567 -0.336300 -0.095846
v 0.321567 -0.335700 -0.095846
v 0.333153 -0.336300 -0.099429
v 0.333153 -0.335700 -0.099429
v 0.332952 -0.336300 -0.099589
v 0.332952 -0.335700 -0.099589
v 0.332753 -0.336300 -0.099728
v 0.332753 -0.335700 -0.099728
v 0.332556 -0.336300 -0.099848
v 0.332556 -0.335700 -0.099848
v 0.332363 -0.336300 -0.099949
v 0.332363 -0.335700 -0.099949
v 0.332172 -0.336300 -0.100034
v 0.332172 -0.335700 -0.100034
v 0.331985 -0.336300 -0.100102
v 0.331985 -0.335700 -0.100102
v 0.331802 -0.336300 -0.100155
v 0.331802 -0.335700 -0.100155
v 0.331623 -0.336300 -0.100195
v 0.331623 -0.335700 -0.100195
v 0.331448 -0.336300 -0.100222
v 0.331448 -0.335700 -0.100222
v 0.331279 -0.336300 -0.100237
v 0.331279 -0.335700 -0.100237
v 0.331115 -0.336300 -0.100242
v 0.331115 -0.335700 -0.100242
v 0.330900 -0.336300 -0.100233
v 0.330900 -0.335700 -0.100233
v 0.330697 -0.336300 -0.100205
v 0.330697 -0.335700 -0.100205
v 0.330507 -0.336300 -0.100159
v 0.330507 -0.335700 -0.100159
v 0.330331 -0.336300 -0.100097
v 0.330331 -0.335700 -0.100097
v 0.330171 -0.336300 -0.100020
v 0.330171 -0.335700 -0.100020
v 0.330028 -0.336300 -0.099927
v 0.330028 -0.335700 -0.099927
v 0.329904 -0.336300 -0.099820
v 0.329904 -0.335700 -0.099820
v 0.329799 -0.336300 -0.099701
v 0.329799 -0.335700 -0.099701
v 0.329715 -0.336300 -0.099569
v 0.329715 -0.335700 -0.099569
v 0.329654 -0.336300 -0.099425
v 0.329654 -0.335700 -0.099425
v 0.329616 -0.336300 -0.099271
v 0.329616 -0.335700 -0.099271
v 0.329603 -0.336300 -0.099108
v 0.329603 -0.335700 -0.099108
v 0.329684 -0.336300 -0.098685
v 0.329684 -0.335700 -0.098685
v 0.329909 -0.336300 -0.098323
v 0.329909 -0.335700 -0.098323
v 0.330248 -0.336300 -0.098005
v 0.330248 -0.335700 -0.098005
v 0.330674 -0.336300 -0.097712
v 0.330674 -0.335700 -0.097712
v 0.331157 -0.336300 -0.097429
v 0.331157 -0.335700 -0.097429
v 0.331668 -0.336300 -0.097138
v 0.331668 -0.335700 -0.097138
v 0.332179 -0.336300 -0.096821
v 0.332179 -0.335700 -0.096821
v 0.332662 -0.336300 -0.096463
v 0.332662 -0.335700 -0.096463
v 0.333088 -0.336300 -0.096045
v 0.333088 -0.335700 -0.096045
v 0.333427 -0.336300 -0.095550
v 0.333427 -0.335700 -0.095550
v 0.333652 -0.336300 -0.094962
v 0.333652 -0.335700 -0.094962
v 0.333733 -0.336300 -0.094264
v 0.333733 -0.335700 -0.094264
v 0.333710 -0.336300 -0.093898
v 0.333710 -0.335700 -0.093898
v 0.333642 -0.336300 -0.093552
v 0.333642 -0.335700 -0.093552
v 0.333532 -0.336300 -0.093227
v 0.333532 -0.335700 -0.093227
v 0.333382 -0.336300 -0.092927
v 0.333382 -0.335700 -0.092927
v 0.333195 -0.336300 -0.092653
v 0.333195 -0.335700 -0.092653
v 0.332974 -0.336300 -0.092407
v 0.332974 -0.335700 -0.092407
v 0.332720 -0.336300 -0.092193
v 0.332720 -0.335700 -0.092193
v 0.332437 -0.336300 -0.092013
v 0.332437 -0.335700 -0.092013
v 0.332126 -0.336300 -0.091868
v 0.332126 -0.335700 -0.091868
v 0.331792 -0.336300 -0.091762
v 0.331792 -0.335700 -0.091762
v 0.331435 -0.336300 -0.091696
v 0.331435 -0.335700 -0.091696
v 0.331059 -0.336300 -0.091674
v 0.331059 -0.335700 -0.091674
v 0.330804 -0.336300 -0.091680
v 0.330804 -0.335700 -0.091680
v 0.330557 -0.336300 -0.091698
v 0.330557 -0.335700 -0.091698
v 0.330316 -0.336300 -0.091727
v 0.330316 -0.335700 -0.091727
v 0.330083 -0.336300 -0.091769
v 0.330083 -0.335700 -0.091769
v 0.329855 -0.336300 -0.091823
v 0.329855 -0.335700 -0.091823
v 0.329633 -0.336300 -0.091889
v 0.329633 -0.335700 -0.091889
v 0.329416 -0.336300 -0.091968
v 0.329416 -0.335700 -0.091968
v 0.329203 -0.336300 -0.092060
v 0.329203 -0.335700 -0.092060
v 0.328994 -0.336300 -0.092164
v 0.328994 -0.335700 -0.092164
v 0.328788 -0.336300 -0.092282
v 0.328788 -0.335700 -0.092282
v 0.328585 -0.336300 -0.092412
v 0.328585 -0.335700 -0.092412
v 0.328385 -0.336300 -0.092556
v 0.328385 -0.335700 -0.092556
v 0.328385 -0.336300 -0.094292
v 0.328385 -0.335700 -0.094292
v 0.328564 -0.336300 -0.094077
v 0.328564 -0.335700 -0.094077
v 0.328750 -0.336300 -0.093878
v 0.328750 -0.335700 -0.093878
v 0.328942 -0.336300 -0.093697
v 0.328942 -0.335700 -0.093697
v 0.329141 -0.336300 -0.093534
v 0.329141 -0.335700 -0.093534
v 0.329346 -0.336300 -0.093390
v 0.329346 -0.335700 -0.093390
v 0.329556 -0.336300 -0.093263
v 0.329556 -0.335700 -0.093263
v 0.329771 -0.336300 -0.093155
v 0.329771 -0.335700 -0.093155
v 0.329990 -0.336300 -0.093066
v 0.329990 -0.335700 -0.093066
v 0.330214 -0.336300 -0.092997
v 0.330214 -0.335700 -0.092997
v 0.330441 -0.336300 -0.092946
v 0.330441 -0.335700 -0.092946
v 0.330672 -0.336300 -0.092916
v 0.330672 -0.335700 -0.092916
v 0.330905 -0.336300 -0.092906
v 0.330905 -0.335700 -0.092906
v 0.331159 -0.336300 -0.092920
v 0.331159 -0.335700 -0.092920
v 0.331390 -0.336300 -0.092958
v 0.331390 -0.335700 -0.092958
v 0.331597 -0.336300 -0.093019
v 0.331597 -0.335700 -0.093019
v 0.331781 -0.336300 -0.093100
v 0.331781 -0.335700 -0.093100
v 0.331942 -0.336300 -0.093197
v 0.331942 -0.335700 -0.093197
v 0.332081 -0.336300 -0.093309
v 0.332081 -0.335700 -0.093309
v 0.332198 -0.336300 -0.093431
v 0.332198 -0.335700 -0.093431
v 0.332293 -0.336300 -0.093561
v 0.332293 -0.335700 -0.093561
v 0.332366 -0.336300 -0.093697
v 0.332366 -0.335700 -0.093697
v 0.332418 -0.336300 -0.093836
v 0.332418 -0.335700 -0.093836
v 0.332449 -0.336300 -0.093975
v 0.332449 -0.335700 -0.093975
v 0.332459 -0.336300 -0.094110
v 0.332459 -0.335700 -0.094110
v 0.332378 -0.336300 -0.094569
v 0.332378 -0.335700 -0.094569
v 0.332153 -0.336300 -0.094970
v 0.332153 -0.335700 -0.094970
v 0.331814 -0.336300 -0.095327
v 0.331814 -0.335700 -0.095327
v 0.331388 -0.336300 -0.095654
v 0.331388 -0.335700 -0.095654
v 0.330905 -0.336300 -0.095966
v 0.330905 -0.335700 -0.095966
v 0.330394 -0.336300 -0.096276
v 0.330394 -0.335700 -0.096276
v 0.329883 -0.336300 -0.096601
v 0.329883 -0.335700 -0.096601
v 0.329400 -0.336300 -0.096953
v 0.329400 -0.335700 -0.096953
v 0.328974 -0.336300 -0.097347
v 0.328974 -0.335700 -0.097347
v 0.328635 -0.336300 -0.097797
v 0.328635 -0.335700 -0.097797
v 0.328410 -0.336300 -0.098319
v 0.328410 -0.335700 -0.098319
v 0.328329 -0.336300 -0.098926
v 0.328329 -0.335700 -0.098926
v 0.328353 -0.336300 -0.099303
v 0.328353 -0.335700 -0.099303
v 0.328422 -0.336300 -0.099654
v 0.328422 -0.335700 -0.099654
v 0.328536 -0.336300 -0.099980
v 0.328536 -0.335700 -0.099980
v 0.328691 -0.336300 -0.100277
v 0.328691 -0.335700 -0.100277
v 0.328887 -0.336300 -0.100545
v 0.328887 -0.335700 -0.100545
v 0.329122 -0.336300 -0.100783
v 0.329122 -0.335700 -0.100783
v 0.329393 -0.336300 -0.100988
v 0.329393 -0.335700 -0.100988
v 0.329698 -0.336300 -0.101159
v 0.329698 -0.335700 -0.101159
v 0.330036 -0.336300 -0.101294
v 0.330036 -0.335700 -0.101294
v 0.330405 -0.336300 -0.101393
v 0.330405 -0.335700 -0.101393
v 0.330802 -0.336300 -0.101454
v 0.330802 -0.335700 -0.101454
v 0.331227 -0.336300 -0.101474
v 0.331227 -0.335700 -0.101474
v 0.331409 -0.336300 -0.101469
v 0.331409 -0.335700 -0.101469
v 0.331591 -0.336300 -0.101455
v 0.331591 -0.335700 -0.101455
v 0.331772 -0.336300 -0.101432
v 0.331772 -0.335700 -0.101432
v 0.331953 -0.336300 -0.101399
v 0.331953 -0.335700 -0.101399
v 0.332133 -0.336300 -0.101357
v 0.332133 -0.335700 -0.101357
v 0.332312 -0.336300 -0.101306
v 0.332312 -0.335700 -0.101306
v 0.332490 -0.336300 -0.101245
v 0.332490 -0.335700 -0.101245
v 0.332666 -0.336300 -0.101175
v 0.332666 -0.335700 -0.101175
v 0.332841 -0.336300 -0.101096
v 0.332841 -0.335700 -0.101096
v 0.333015 -0.336300 -0.101007
v 0.333015 -0.335700 -0.101007
v 0.333186 -0.336300 -0.100909
v 0.333186 -0.335700 -0.100909
v 0.333355 -0.336300 -0.100802
v 0.333355 -0.335700 -0.100802
v 0.333355 -0.336300 -0.099248
v 0.333355 -0.335700 -0.099248
v 0.336603 -0.336300 -0.100116
v 0.336603 -0.335700 -0.100116
v 0.336603 -0.336300 -0.097232
v 0.336603 -0.335700 -0.097232
v 0.340509 -0.336300 -0.097232
v 0.340509 -0.335700 -0.097232
v 0.340509 -0.336300 -0.096000
v 0.340509 -0.335700 -0.096000
v 0.336603 -0.336300 -0.096000
v 0.336603 -0.335700 -0.096000
v 0.336603 -0.336300 -0.093032
v 0.336603 -0.335700 -0.093032
v 0.340775 -0.336300 -0.093032
v 0.340775 -0.335700 -0.093032
v 0.340775 -0.336300 -0.091800
v 0.340775 -0.335700 -0.091800
v 0.335231 -0.336300 -0.091800
v 0.335231 -0.335700 -0.091800
v 0.335231 -0.336300 -0.101348
v 0.335231 -0.335700 -0.101348
v 0.340649 -0.336300 -0.101348
v 0.340649 -0.335700 -0.101348
v 0.340649 -0.336300 -0.100116
v 0.340649 -0.335700 -0.100116
vn -0.0000 1.0000 -0.0000
vn -0.0000 -1.0000 -0.0000
vn 0.0934 -0.0000 -0.9956
vn 0.1942 -0.0000 -0.9810
vn 0.3028 -0.0000 -0.9531
vn 0.4173 -0.0000 -0.9088
vn 0.5344 -0.0000 -0.8453
vn 0.6490 -0.0000 -0.7608
vn 0.7549 -0.0000 -0.6558
vn 0.8457 -0.0000 -0.5336
vn 0.9164 -0.0000 -0.4002
vn 0.9649 -0.0000 -0.2627
vn 0.9918 -0.0000 -0.1279
vn 1.0000 -0.0000 -0.0090
vn 0.9960 -0.0000 0.0898
vn 0.9830 -0.0000 0.1836
vn 0.9599 -0.0000 0.2804
vn 0.9258 -0.0000 0.3780
vn 0.8806 -0.0000 0.4739
vn 0.8247 -0.0000 0.5656
vn 0.7596 -0.0000 0.6504
vn 0.6872 -0.0000 0.7265
vn 0.6098 -0.0000 0.7926
vn 0.5297 -0.0000 0.8482
vn 0.4492 -0.0000 0.8935
vn 0.9951 -0.0000 0.0990
vn 0.6079 -0.0000 -0.7940
vn 0.6591 -0.0000 -0.7520
vn 0.7038 -0.0000 -0.7104
vn 0.7417 -0.0000 -0.6707
vn 0.7729 -0.0000 -0.6345
vn 0.7978 -0.0000 -0.6030
vn 0.8171 -0.0000 -0.5766
vn 0.8315 -0.0000 -0.5556
vn 0.8417 -0.0000 -0.5400
vn 0.8483 -0.0000 -0.5296
vn 0.8518 -0.0000 -0.5239
vn 0.8509 -0.0000 -0.5253
vn 0.8468 -0.0000 -0.5320
vn 0.8419 -0.0000 -0.5396
vn 0.8365 -0.0000 -0.5479
vn 0.8310 -0.0000 -0.5563
vn 0.8256 -0.0000 -0.5642
vn 0.8208 -0.0000 -0.5712
vn 0.8169 -0.0000 -0.5768
vn 0.8139 -0.0000 -0.5810
vn 0.8119 -0.0000 -0.5838
vn 0.8107 -0.0000 -0.5854
vn 0.8103 -0.0000 -0.5860
vn 0.8905 -0.0000 0.4549
vn -0.4792 -0.0000 0.8777
vn -0.8375 -0.0000 0.5465
vn -0.8246 -0.0000 0.5658
vn -0.8030 -0.0000 0.5960
vn -0.7740 -0.0000 0.6332
vn -0.7348 -0.0000 0.6783
vn -0.6817 -0.0000 0.7316
vn -0.6110 -0.0000 0.7917
vn -0.5199 -0.0000 0.8542
vn -0.4100 -0.0000 0.9121
vn -0.2895 -0.0000 0.9572
vn -0.1728 -0.0000 0.9850
vn -0.0747 -0.0000 0.9972
vn -0.0160 -0.0000 0.9999
vn 0.7071 -0.0000 0.7071
vn -0.7071 -0.0000 0.7071
vn -0.7071 -0.0000 -0.7071
vn 0.0225 -0.0000 -0.9997
vn -0.0221 -0.0000 -0.9998
vn -0.0944 -0.0000 -0.9955
vn -0.2017 -0.0000 -0.9794
vn -0.3225 -0.0000 -0.9466
vn -0.4529 -0.0000 -0.8916
vn -0.5851 -0.0000 -0.8110
vn -0.7088 -0.0000 -0.7054
vn -0.8139 -0.0000 -0.5810
vn -0.8942 -0.0000 -0.4477
vn -0.9489 -0.0000 -0.3156
vn -0.9813 -0.0000 -0.1924
vn -0.9967 -0.0000 -0.0817
vn -0.9998 -0.0000 0.0184
vn -0.9923 -0.0000 0.1239
vn -0.9692 -0.0000 0.2462
vn -0.9245 -0.0000 0.3813
vn -0.8533 -0.0000 0.5215
vn -0.7555 -0.0000 0.6551
vn -0.6374 -0.0000 0.7705
vn -0.5096 -0.0000 0.8604
vn -0.3835 -0.0000 0.9235
vn -0.2671 -0.0000 0.9637
vn -0.1644 -0.0000 0.9864
vn -0.0762 -0.0000 0.9971
vn -0.0178 -0.0000 0.9998
vn 0.7071 -0.0000 -0.7071
vn 0.1217 -0.0000 -0.9926
vn 0.2465 -0.0000 -0.9692
vn 0.3712 -0.0000 -0.9285
vn 0.4921 -0.0000 -0.8705
vn 0.6053 -0.0000 -0.7960
vn 0.7076 -0.0000 -0.7066
vn 0.7964 -0.0000 -0.6048
vn 0.8700 -0.0000 -0.4931
vn 0.9273 -0.0000 -0.3743
vn 0.9680 -0.0000 -0.2510
vn 0.9921 -0.0000 -0.1255
vn 1.0000 -0.0000 -0.0000
vn 0.9921 -0.0000 0.1251
vn 0.9684 -0.0000 0.2494
vn 0.9286 -0.0000 0.3711
vn 0.8726 -0.0000 0.4885
vn 0.8005 -0.0000 0.5993
vn 0.7130 -0.0000 0.7012
vn 0.6114 -0.0000 0.7913
vn 0.4980 -0.0000 0.8672
vn 0.3761 -0.0000 0.9266
vn 0.2497 -0.0000 0.9683
vn 0.1232 -0.0000 0.9924
vn -0.0008 -0.0000 1.0000
vn -0.1260 -0.0000 0.9920
vn -0.2541 -0.0000 0.9672
vn -0.3807 -0.0000 0.9247
vn -0.5017 -0.0000 0.8650
vn -0.6136 -0.0000 0.7896
vn -0.7137 -0.0000 0.7004
vn -0.8001 -0.0000 0.5999
vn -0.8716 -0.0000 0.4902
vn -0.9276 -0.0000 0.3736
vn -0.9678 -0.0000 0.2519
vn -0.9919 -0.0000 0.1267
vn -1.0000 -0.0000 -0.0003
vn -0.9918 -0.0000 -0.1281
vn -0.9669 -0.0000 -0.2551
vn -0.9255 -0.0000 -0.3787
vn -0.8679 -0.0000 -0.4967
vn -0.7947 -0.0000 -0.6070
vn -0.7069 -0.0000 -0.7073
vn -0.6061 -0.0000 -0.7954
vn -0.4944 -0.0000 -0.8692
vn -0.3745 -0.0000 -0.9272
vn -0.2498 -0.0000 -0.9683
vn -0.1239 -0.0000 -0.9923
vn -0.0007 -0.0000 -1.0000
vn -0.1226 -0.0000 -0.9925
vn -0.2464 -0.0000 -0.9692
vn -0.3687 -0.0000 -0.9295
vn -0.4869 -0.0000 -0.8735
vn -0.5981 -0.0000 -0.8015
vn -0.6996 -0.0000 -0.7145
vn -0.7891 -0.0000 -0.6143
vn -0.8644 -0.0000 -0.5028
vn -0.9239 -0.0000 -0.3825
vn -0.9665 -0.0000 -0.2565
vn -0.9918 -0.0000 -0.1280
vn -1.0000 -0.0000 -0.0002
vn -0.9918 -0.0000 0.1274
vn -0.9667 -0.0000 0.2558
vn -0.9241 -0.0000 0.3821
vn -0.8644 -0.0000 0.5028
vn -0.7887 -0.0000 0.6148
vn -0.6986 -0.0000 0.7155
vn -0.5966 -0.0000 0.8025
vn -0.4851 -0.0000 0.8745
vn -0.3668 -0.0000 0.9303
vn -0.2448 -0.0000 0.9696
vn -0.1217 -0.0000 0.9926
vn 0.0002 -0.0000 1.0000
vn 0.1224 -0.0000 0.9925
vn 0.2459 -0.0000 0.9693
vn 0.3682 -0.0000 0.9297
vn 0.4864 -0.0000 0.8737
vn 0.5978 -0.0000 0.8016
vn 0.6996 -0.0000 0.7146
vn 0.7893 -0.0000 0.6140
vn 0.8648 -0.0000 0.5022
vn 0.9243 -0.0000 0.3817
vn 0.9668 -0.0000 0.2556
vn 0.9919 -0.0000 0.1274
vn 1.0000 -0.0000 -0.0002
vn 0.9666 -0.0000 -0.2563
vn 0.9241 -0.0000 -0.3821
vn 0.8648 -0.0000 -0.5022
vn 0.7897 -0.0000 -0.6135
vn 0.7005 -0.0000 -0.7136
vn 0.5993 -0.0000 -0.8005
vn 0.4883 -0.0000 -0.8727
vn 0.3701 -0.0000 -0.9290
vn 0.2475 -0.0000 -0.9689
vn 0.1233 -0.0000 -0.9924
vn 0.0002 -0.0000 -1.0000
vn 0.0254 -0.0000 -0.9997
vn 0.1058 -0.0000 -0.9944
vn 0.2197 -0.0000 -0.9756
vn 0.3401 -0.0000 -0.9404
vn 0.4626 -0.0000 -0.8866
vn 0.5819 -0.0000 -0.8133
vn 0.6921 -0.0000 -0.7218
vn 0.7883 -0.0000 -0.6153
vn 0.8671 -0.0000 -0.4982
vn 0.9271 -0.0000 -0.3749
vn 0.9684 -0.0000 -0.2493
vn 0.9923 -0.0000 -0.1240
vn 0.9999 -0.0000 -0.0108
vn 0.9965 -0.0000 0.0838
vn 0.9845 -0.0000 0.1756
vn 0.9614 -0.0000 0.2750
vn 0.9255 -0.0000 0.3787
vn 0.8760 -0.0000 0.4822
vn 0.8142 -0.0000 0.5806
vn 0.7430 -0.0000 0.6693
vn 0.6664 -0.0000 0.7456
vn 0.5887 -0.0000 0.8083
vn 0.5135 -0.0000 0.8581
vn 0.4432 -0.0000 0.8964
vn 0.8394 -0.0000 0.5435
vn 0.7831 -0.0000 -0.6218
vn 0.2721 -0.0000 -0.9623
vn 0.3642 -0.0000 -0.9313
vn 0.4589 -0.0000 -0.8885
vn 0.5541 -0.0000 -0.8324
vn 0.6474 -0.0000 -0.7622
vn 0.7354 -0.0000 -0.6777
vn 0.8147 -0.0000 -0.5799
vn 0.8820 -0.0000 -0.4713
vn 0.9349 -0.0000 -0.3550
vn 0.9719 -0.0000 -0.2352
vn 0.9933 -0.0000 -0.1159
vn 1.0000 -0.0000 0.0031
vn 0.9920 -0.0000 0.1262
vn 0.9675 -0.0000 0.2527
vn 0.9253 -0.0000 0.3793
vn 0.8641 -0.0000 0.5034
vn 0.7836 -0.0000 0.6212
vn 0.6856 -0.0000 0.7280
vn 0.5737 -0.0000 0.8191
vn 0.4536 -0.0000 0.8912
vn 0.3315 -0.0000 0.9435
vn 0.2129 -0.0000 0.9771
vn 0.1019 -0.0000 0.9948
vn 0.0244 -0.0000 0.9997
vn -0.0162 -0.0000 -0.9999
vn -0.0692 -0.0000 -0.9976
vn -0.1499 -0.0000 -0.9887
vn -0.2450 -0.0000 -0.9695
vn -0.3549 -0.0000 -0.9349
vn -0.4774 -0.0000 -0.8787
vn -0.7301 -0.0000 -0.6834
vn -0.8367 -0.0000 -0.5477
vn -0.9166 -0.0000 -0.3998
vn -0.9673 -0.0000 -0.2535
vn -0.9929 -0.0000 -0.1192
vn -1.0000 -0.0000 -0.0033
vn -0.9946 -0.0000 0.1037
vn -0.9758 -0.0000 0.2187
vn -0.9385 -0.0000 0.3452
vn -0.8782 -0.0000 0.4783
vn -0.7927 -0.0000 0.6096
vn -0.6845 -0.0000 0.7290
vn -0.5608 -0.0000 0.8280
vn -0.4317 -0.0000 0.9020
vn -0.3065 -0.0000 0.9519
vn -0.1914 -0.0000 0.9815
vn -0.0896 -0.0000 0.9960
vn -0.0211 -0.0000 0.9998
vn -0.0213 -0.0000 -0.9998
vn -0.0904 -0.0000 -0.9959
vn -0.1928 -0.0000 -0.9812
vn -0.3077 -0.0000 -0.9515
vn -0.4320 -0.0000 -0.9019
vn -0.5596 -0.0000 -0.8288
vn -0.6816 -0.0000 -0.7318
vn -0.7887 -0.0000 -0.6148
vn -0.8740 -0.0000 -0.4859
vn -0.9352 -0.0000 -0.3540
vn -0.9739 -0.0000 -0.2268
vn -0.9940 -0.0000 -0.1090
vn -1.0000 -0.0000 0.0069
vn -0.9905 -0.0000 0.1373
vn -0.9593 -0.0000 0.2825
vn -0.9027 -0.0000 0.4303
vn -0.8209 -0.0000 0.5711
vn -0.7183 -0.0000 0.6958
vn -0.6030 -0.0000 0.7978
vn -0.4838 -0.0000 0.8752
vn -0.3681 -0.0000 0.9298
vn -0.2606 -0.0000 0.9654
vn -0.1635 -0.0000 0.9865
vn -0.0771 -0.0000 0.9970
vn -0.0183 -0.0000 0.9998
vn 0.8820 -0.0000 -0.4712
vn -1.0000 -0.0000 0.0068
vn -0.5420 -0.0000 0.8404
vn 0.5507 -0.0000 0.8347
vn -0.8345 -0.0000 0.5510
vn -0.5510 -0.0000 -0.8345
vn 0.5449 -0.0000 -0.8385
vn 0.8385 -0.0000 0.5449
vn -0.8387 -0.0000 -0.5446
vn 0.0137 -0.0000 0.9999
vn 0.8312 -0.0000 -0.5560
vn -0.6452 -0.0000 0.7641
vn -0.5982 -0.0000 0.8014
vn -0.5472 -0.0000 0.8370
vn -0.4924 -0.0000 0.8704
vn -0.4344 -0.0000 0.9007
vn -0.3738 -0.0000 0.9275
vn -0.3113 -0.0000 0.9503
vn -0.2478 -0.0000 0.9688
vn -0.1842 -0.0000 0.9829
vn -0.1212 -0.0000 0.9926
vn -0.0598 -0.0000 0.9982
vn 0.0072 -0.0000 1.0000
vn 0.0900 -0.0000 0.9959
vn 0.1842 -0.0000 0.9829
vn 0.2828 -0.0000 0.9592
vn 0.3856 -0.0000 0.9227
vn 0.4915 -0.0000 0.8709
vn 0.5986 -0.0000 0.8011
vn 0.7033 -0.0000 0.7109
vn 0.8007 -0.0000 0.5990
vn 0.8845 -0.0000 0.4665
vn 0.9482 -0.0000 0.3175
vn 0.9872 -0.0000 0.1593
vn 0.9985 -0.0000 -0.0556
vn 0.9314 -0.0000 -0.3641
vn 0.7737 -0.0000 -0.6335
vn 0.6274 -0.0000 -0.7787
vn 0.5367 -0.0000 -0.8438
vn 0.5005 -0.0000 -0.8657
vn 0.5106 -0.0000 -0.8598
vn 0.5617 -0.0000 -0.8274
vn 0.6501 -0.0000 -0.7599
vn 0.7661 -0.0000 -0.6427
vn 0.8854 -0.0000 -0.4648
vn 0.9712 -0.0000 -0.2381
vn 0.9997 -0.0000 -0.0262
vn 0.9918 -0.0000 0.1282
vn 0.9663 -0.0000 0.2574
vn 0.9231 -0.0000 0.3845
vn 0.8626 -0.0000 0.5058
vn 0.7860 -0.0000 0.6182
vn 0.6952 -0.0000 0.7188
vn 0.5927 -0.0000 0.8055
vn 0.4810 -0.0000 0.8767
vn 0.3632 -0.0000 0.9317
vn 0.2420 -0.0000 0.9703
vn 0.1202 -0.0000 0.9928
vn 0.0182 -0.0000 0.9998
vn -0.0471 -0.0000 0.9989
vn -0.0968 -0.0000 0.9953
vn -0.1491 -0.0000 0.9888
vn -0.2033 -0.0000 0.9791
vn -0.2586 -0.0000 0.9660
vn -0.3140 -0.0000 0.9494
vn -0.3686 -0.0000 0.9296
vn -0.4214 -0.0000 0.9069
vn -0.4717 -0.0000 0.8817
vn -0.5189 -0.0000 0.8549
vn -0.5623 -0.0000 0.8269
vn -0.8896 -0.0000 0.4567
vn -0.3393 -0.0000 -0.9407
vn 0.7500 -0.0000 -0.6614
vn 0.7074 -0.0000 -0.7068
vn 0.6596 -0.0000 -0.7516
vn 0.6063 -0.0000 -0.7953
vn 0.5473 -0.0000 -0.8370
vn 0.4825 -0.0000 -0.8759
vn 0.4122 -0.0000 -0.9111
vn 0.3367 -0.0000 -0.9416
vn 0.2566 -0.0000 -0.9665
vn 0.1730 -0.0000 -0.9849
vn 0.0870 -0.0000 -0.9962
vn -0.0048 -0.0000 -1.0000
vn -0.1096 -0.0000 -0.9940
vn -0.2246 -0.0000 -0.9744
vn -0.3426 -0.0000 -0.9395
vn -0.4598 -0.0000 -0.8880
vn -0.5721 -0.0000 -0.8202
vn -0.6758 -0.0000 -0.7371
vn -0.7680 -0.0000 -0.6404
vn -0.8467 -0.0000 -0.5321
vn -0.9105 -0.0000 -0.4135
vn -0.9584 -0.0000 -0.2853
vn -0.9891 -0.0000 -0.1473
vn -0.9988 -0.0000 0.0497
vn -0.9418 -0.0000 0.3362
vn -0.8047 -0.0000 0.5937
vn -0.6690 -0.0000 0.7433
vn -0.5764 -0.0000 0.8172
vn -0.5308 -0.0000 0.8475
vn -0.5272 -0.0000 0.8497
vn -0.5624 -0.0000 0.8268
vn -0.6354 -0.0000 0.7722
vn -0.7422 -0.0000 0.6702
vn -0.8648 -0.0000 0.5021
vn -0.9638 -0.0000 0.2666
vn -0.9994 -0.0000 0.0352
vn -0.9917 -0.0000 -0.1285
vn -0.9650 -0.0000 -0.2624
vn -0.9175 -0.0000 -0.3977
vn -0.8490 -0.0000 -0.5283
vn -0.7616 -0.0000 -0.6481
vn -0.6592 -0.0000 -0.7519
vn -0.5474 -0.0000 -0.8369
vn -0.4315 -0.0000 -0.9021
vn -0.3162 -0.0000 -0.9487
vn -0.2047 -0.0000 -0.9788
vn -0.0992 -0.0000 -0.9951
vn -0.0112 -0.0000 -0.9999
vn 0.0512 -0.0000 -0.9987
vn 0.1022 -0.0000 -0.9948
vn 0.1527 -0.0000 -0.9883
vn 0.2026 -0.0000 -0.9793
vn 0.2515 -0.0000 -0.9679
vn 0.2993 -0.0000 -0.9542
vn 0.3458 -0.0000 -0.9383
vn 0.3909 -0.0000 -0.9204
vn 0.4344 -0.0000 -0.9007
vn 0.4763 -0.0000 -0.8793
vn 0.5164 -0.0000 -0.8564
vn 0.8763 -0.0000 -0.4818
vn 0.4078 -0.0000 0.9131
vt 0.727273 0.000000
vt 0.454545 0.000000
vt 0.363636 0.000000
vt 0.818182 0.000000
vt 0.090909 0.000000
vt 0.000000 0.000000
vt 0.636364 0.000000
vt 0.545455 0.000000
vt 0.272727 0.000000
vt 0.181818 0.000000
vt 1.000000 0.000000
vt 0.909091 0.000000
vt 0.520661 0.000000
vt 0.512397 0.000000
vt 0.487603 0.000000
vt 0.504132 0.000000
vt 0.495868 0.000000
vt 0.462810 0.000000
vt 0.471074 0.000000
vt 0.537190 0.000000
vt 0.479339 0.000000
vt 0.528926 0.000000
vt 0.785124 0.000000
vt 0.776860 0.000000
vt 0.198347 0.000000
vt 0.793388 0.000000
vt 0.190083 0.000000
vt 0.801653 0.000000
vt 0.809917 0.000000
vt 0.173554 0.000000
vt 0.421488 0.000000
vt 0.570248 0.000000
vt 0.429752 0.000000
vt 0.404959 0.000000
vt 0.586777 0.000000
vt 0.413223 0.000000
vt 0.578512 0.000000
vt 0.388430 0.000000
vt 0.595041 0.000000
vt 0.396694 0.000000
vt 0.884298 0.000000
vt 0.107438 0.000000
vt 0.099174 0.000000
vt 0.876033 0.000000
vt 0.115702 0.000000
vt 0.743802 0.000000
vt 0.223140 0.000000
vt 0.752066 0.000000
vt 0.214876 0.000000
vt 0.859504 0.000000
vt 0.132231 0.000000
vt 0.123967 0.000000
vt 0.867769 0.000000
vt 0.438017 0.000000
vt 0.561983 0.000000
vt 0.446281 0.000000
vt 0.553719 0.000000
vt 0.760331 0.000000
vt 0.768595 0.000000
vt 0.206612 0.000000
vt 0.165289 0.000000
vt 0.826446 0.000000
vt 0.157025 0.000000
vt 0.834711 0.000000
vt 0.148760 0.000000
vt 0.842975 0.000000
vt 0.140496 0.000000
vt 0.851240 0.000000
vt 0.082645 0.000000
vt 0.892562 0.000000
vt 0.074380 0.000000
vt 0.900826 0.000000
vt 0.066116 0.000000
vt 0.917355 0.000000
vt 0.611570 0.000000
vt 0.603306 0.000000
vt 0.380165 0.000000
vt 0.925620 0.000000
vt 0.057851 0.000000
vt 0.933884 0.000000
vt 0.371901 0.000000
vt 0.619835 0.000000
vt 0.628099 0.000000
vt 0.239669 0.000000
vt 0.247934 0.000000
vt 0.991736 0.000000
vt 0.008264 0.000000
vt 0.322314 0.000000
vt 0.314050 0.000000
vt 0.669421 0.000000
vt 0.677686 0.000000
vt 0.305785 0.000000
vt 0.685950 0.000000
vt 0.297521 0.000000
vt 0.694215 0.000000
vt 0.289256 0.000000
vt 0.702479 0.000000
vt 0.280992 0.000000
vt 0.016529 0.000000
vt 0.024793 0.000000
vt 0.983471 0.000000
vt 0.975207 0.000000
vt 0.033058 0.000000
vt 0.966942 0.000000
vt 0.355372 0.000000
vt 0.347107 0.000000
vt 0.644628 0.000000
vt 0.338843 0.000000
vt 0.652893 0.000000
vt 0.330579 0.000000
vt 0.661157 0.000000
vt 0.710744 0.000000
vt 0.264463 0.000000
vt 0.719008 0.000000
vt 0.256198 0.000000
vt 0.041322 0.000000
vt 0.958678 0.000000
vt 0.950413 0.000000
vt 0.049587 0.000000
vt 0.942149 0.000000
vt 0.735537 0.000000
vt 0.231405 0.000000
vt 0.400000 0.000000
vt 0.300000 0.000000
vt 0.200000 0.000000
vt 0.500000 0.000000
vt 0.600000 0.000000
vt 0.900000 0.000000
vt 0.800000 0.000000
vt 0.100000 0.000000
vt 0.700000 0.000000
vt 0.476190 0.000000
vt 0.990476 0.000000
vt 0.485714 0.000000
vt 0.742857 0.000000
vt 0.733333 0.000000
vt 0.504762 0.000000
vt 0.495238 0.000000
vt 0.980952 0.000000
vt 0.514286 0.000000
vt 0.714286 0.000000
vt 0.723810 0.000000
vt 0.752381 0.000000
vt 0.466667 0.000000
vt 0.761905 0.000000
vt 0.523810 0.000000
vt 0.971429 0.000000
vt 0.533333 0.000000
vt 0.695238 0.000000
vt 0.019048 0.000000
vt 0.704762 0.000000
vt 0.009524 0.000000
vt 0.771429 0.000000
vt 0.457143 0.000000
vt 0.447619 0.000000
vt 0.780952 0.000000
vt 0.942857 0.000000
vt 0.238095 0.000000
vt 0.952381 0.000000
vt 0.228571 0.000000
vt 0.219048 0.000000
vt 0.552381 0.000000
vt 0.561905 0.000000
vt 0.961905 0.000000
vt 0.542857 0.000000
vt 0.676190 0.000000
vt 0.038095 0.000000
vt 0.685714 0.000000
vt 0.028571 0.000000
vt 0.257143 0.000000
vt 0.923810 0.000000
vt 0.266667 0.000000
vt 0.428571 0.000000
vt 0.419048 0.000000
vt 0.809524 0.000000
vt 0.409524 0.000000
vt 0.819048 0.000000
vt 0.828571 0.000000
vt 0.390476 0.000000
vt 0.838095 0.000000
vt 0.380952 0.000000
vt 0.371429 0.000000
vt 0.847619 0.000000
vt 0.361905 0.000000
vt 0.857143 0.000000
vt 0.352381 0.000000
vt 0.866667 0.000000
vt 0.342857 0.000000
vt 0.333333 0.000000
vt 0.876190 0.000000
vt 0.323810 0.000000
vt 0.885714 0.000000
vt 0.314286 0.000000
vt 0.895238 0.000000
vt 0.304762 0.000000
vt 0.295238 0.000000
vt 0.904762 0.000000
vt 0.285714 0.000000
vt 0.914286 0.000000
vt 0.276190 0.000000
vt 0.438095 0.000000
vt 0.790476 0.000000
vt 0.933333 0.000000
vt 0.247619 0.000000
vt 0.209524 0.000000
vt 0.571429 0.000000
vt 0.190476 0.000000
vt 0.580952 0.000000
vt 0.180952 0.000000
vt 0.171429 0.000000
vt 0.590476 0.000000
vt 0.161905 0.000000
vt 0.152381 0.000000
vt 0.142857 0.000000
vt 0.133333 0.000000
vt 0.609524 0.000000
vt 0.123810 0.000000
vt 0.114286 0.000000
vt 0.619048 0.000000
vt 0.104762 0.000000
vt 0.628571 0.000000
vt 0.095238 0.000000
vt 0.638095 0.000000
vt 0.085714 0.000000
vt 0.076190 0.000000
vt 0.647619 0.000000
vt 0.066667 0.000000
vt 0.657143 0.000000
vt 0.057143 0.000000
vt 0.666667 0.000000
vt 0.047619 0.000000
vt 0.326316 0.000000
vt 0.315789 0.000000
vt 0.915789 0.000000
vt 0.905263 0.000000
vt 0.336842 0.000000
vt 0.894737 0.000000
vt 0.347368 0.000000
vt 0.884211 0.000000
vt 0.357895 0.000000
vt 0.873684 0.000000
vt 0.368421 0.000000
vt 0.378947 0.000000
vt 0.863158 0.000000
vt 0.389474 0.000000
vt 0.852632 0.000000
vt 0.842105 0.000000
vt 0.410526 0.000000
vt 0.831579 0.000000
vt 0.421053 0.000000
vt 0.273684 0.000000
vt 0.957895 0.000000
vt 0.284211 0.000000
vt 0.947368 0.000000
vt 0.789474 0.000000
vt 0.452632 0.000000
vt 0.463158 0.000000
vt 0.968421 0.000000
vt 0.263158 0.000000
vt 0.978947 0.000000
vt 0.768421 0.000000
vt 0.473684 0.000000
vt 0.778947 0.000000
vt 0.989474 0.000000
vt 0.242105 0.000000
vt 0.252632 0.000000
vt 0.757895 0.000000
vt 0.484211 0.000000
vt 0.294737 0.000000
vt 0.936842 0.000000
vt 0.305263 0.000000
vt 0.926316 0.000000
vt 0.821053 0.000000
vt 0.431579 0.000000
vt 0.810526 0.000000
vt 0.442105 0.000000
vt 0.494737 0.000000
vt 0.747368 0.000000
vt 0.736842 0.000000
vt 0.221053 0.000000
vt 0.526316 0.000000
vt 0.515789 0.000000
vt 0.010526 0.000000
vt 0.726316 0.000000
vt 0.715789 0.000000
vt 0.231579 0.000000
vt 0.505263 0.000000
vt 0.536842 0.000000
vt 0.210526 0.000000
vt 0.547368 0.000000
vt 0.705263 0.000000
vt 0.694737 0.000000
vt 0.031579 0.000000
vt 0.021053 0.000000
vt 0.168421 0.000000
vt 0.157895 0.000000
vt 0.578947 0.000000
vt 0.589474 0.000000
vt 0.147368 0.000000
vt 0.136842 0.000000
vt 0.610526 0.000000
vt 0.126316 0.000000
vt 0.621053 0.000000
vt 0.115789 0.000000
vt 0.105263 0.000000
vt 0.631579 0.000000
vt 0.094737 0.000000
vt 0.642105 0.000000
vt 0.084211 0.000000
vt 0.652632 0.000000
vt 0.073684 0.000000
vt 0.663158 0.000000
vt 0.063158 0.000000
vt 0.189474 0.000000
vt 0.557895 0.000000
vt 0.178947 0.000000
vt 0.568421 0.000000
vt 0.673684 0.000000
vt 0.052632 0.000000
vt 0.684211 0.000000
vt 0.042105 0.000000
vt 0.677419 0.000000
vt 0.688172 0.000000
vt 0.698925 0.000000
vt 0.634409 0.000000
vt 0.720430 0.000000
vt 0.645161 0.000000
vt 0.655914 0.000000
vt 0.989247 0.000000
vt 0.612903 0.000000
vt 0.731183 0.000000
vt 0.623656 0.000000
vt 0.602151 0.000000
vt 0.741935 0.000000
vt 0.956989 0.000000
vt 0.967742 0.000000
vt 0.709677 0.000000
vt 0.978495 0.000000
vt 0.774194 0.000000
vt 0.763441 0.000000
vt 0.247312 0.000000
vt 0.935484 0.000000
vt 0.924731 0.000000
vt 0.032258 0.000000
vt 0.021505 0.000000
vt 0.580645 0.000000
vt 0.591398 0.000000
vt 0.752688 0.000000
vt 0.946237 0.000000
vt 0.010753 0.000000
vt 0.322581 0.000000
vt 0.311828 0.000000
vt 0.537634 0.000000
vt 0.505376 0.000000
vt 0.494624 0.000000
vt 0.516129 0.000000
vt 0.483871 0.000000
vt 0.473118 0.000000
vt 0.462366 0.000000
vt 0.451613 0.000000
vt 0.440860 0.000000
vt 0.430108 0.000000
vt 0.419355 0.000000
vt 0.408602 0.000000
vt 0.397849 0.000000
vt 0.387097 0.000000
vt 0.526882 0.000000
vt 0.376344 0.000000
vt 0.365591 0.000000
vt 0.354839 0.000000
vt 0.344086 0.000000
vt 0.118280 0.000000
vt 0.107527 0.000000
vt 0.849462 0.000000
vt 0.548387 0.000000
vt 0.301075 0.000000
vt 0.290323 0.000000
vt 0.559140 0.000000
vt 0.279570 0.000000
vt 0.268817 0.000000
vt 0.569892 0.000000
vt 0.258065 0.000000
vt 0.236559 0.000000
vt 0.225806 0.000000
vt 0.784946 0.000000
vt 0.215054 0.000000
vt 0.204301 0.000000
vt 0.795699 0.000000
vt 0.193548 0.000000
vt 0.806452 0.000000
vt 0.182796 0.000000
vt 0.172043 0.000000
vt 0.817204 0.000000
vt 0.161290 0.000000
vt 0.150538 0.000000
vt 0.827957 0.000000
vt 0.139785 0.000000
vt 0.838710 0.000000
vt 0.129032 0.000000
vt 0.860215 0.000000
vt 0.096774 0.000000
vt 0.870968 0.000000
vt 0.086022 0.000000
vt 0.881720 0.000000
vt 0.075269 0.000000
vt 0.892473 0.000000
vt 0.064516 0.000000
vt 0.903226 0.000000
vt 0.053763 0.000000
vt 0.913979 0.000000
vt 0.043011 0.000000
vt 0.000000 1.000000
vt 0.014925 1.000000
vt 0.014925 0.000000
vt 0.029851 1.000000
vt 0.029851 0.000000
vt 0.044776 1.000000
vt 0.044776 0.000000
vt 0.059701 1.000000
vt 0.059701 0.000000
vt 0.074627 1.000000
vt 0.074627 0.000000
vt 0.089552 1.000000
vt 0.089552 0.000000
vt 0.104478 1.000000
vt 0.104478 0.000000
vt 0.119403 1.000000
vt 0.119403 0.000000
vt 0.134328 1.000000
vt 0.134328 0.000000
vt 0.149254 1.000000
vt 0.149254 0.000000
vt 0.164179 1.000000
vt 0.164179 0.000000
vt 0.179104 1.000000
vt 0.179104 0.000000
vt 0.194030 1.000000
vt 0.194030 0.000000
vt 0.208955 1.000000
vt 0.208955 0.000000
vt 0.223881 1.000000
vt 0.223881 0.000000
vt 0.238806 1.000000
vt 0.238806 0.000000
vt 0.253731 1.000000
vt 0.253731 0.000000
vt 0.268657 1.000000
vt 0.268657 0.000000
vt 0.283582 1.000000
vt 0.283582 0.000000
vt 0.298507 1.000000
vt 0.298507 0.000000
vt 0.313433 1.000000
vt 0.313433 0.000000
vt 0.328358 1.000000
vt 0.328358 0.000000
vt 0.343284 1.000000
vt 0.343284 0.000000
vt 0.358209 1.000000
vt 0.358209 0.000000
vt 0.373134 1.000000
vt 0.373134 0.000000
vt 0.388060 1.000000
vt 0.388060 0.000000
vt 0.402985 1.000000
vt 0.402985 0.000000
vt 0.417910 1.000000
vt 0.417910 0.000000
vt 0.432836 1.000000
vt 0.432836 0.000000
vt 0.447761 1.000000
vt 0.447761 0.000000
vt 0.462687 1.000000
vt 0.462687 0.000000
vt 0.477612 1.000000
vt 0.477612 0.000000
vt 0.492537 1.000000
vt 0.492537 0.000000
vt 0.507463 1.000000
vt 0.507463 0.000000
vt 0.522388 1.000000
vt 0.522388 0.000000
vt 0.537313 1.000000
vt 0.537313 0.000000
vt 0.552239 1.000000
vt 0.552239 0.000000
vt 0.567164 1.000000
vt 0.567164 0.000000
vt 0.582090 1.000000
vt 0.582090 0.000000
vt 0.597015 1.000000
vt 0.597015 0.000000
vt 0.611940 1.000000
vt 0.611940 0.000000
vt 0.626866 1.000000
vt 0.626866 0.000000
vt 0.641791 1.000000
vt 0.641791 0.000000
vt 0.656716 1.000000
vt 0.656716 0.000000
vt 0.671642 1.000000
vt 0.671642 0.000000
vt 0.686567 1.000000
vt 0.686567 0.000000
vt 0.701493 1.000000
vt 0.701493 0.000000
vt 0.716418 1.000000
vt 0.716418 0.000000
vt 0.731343 1.000000
vt 0.731343 0.000000
vt 0.746269 1.000000
vt 0.746269 0.000000
vt 0.761194 1.000000
vt 0.761194 0.000000
vt 0.776119 1.000000
vt 0.776119 0.000000
vt 0.791045 1.000000
vt 0.791045 0.000000
vt 0.805970 1.000000
vt 0.805970 0.000000
vt 0.820895 1.000000
vt 0.820895 0.000000
vt 0.835821 1.000000
vt 0.835821 0.000000
vt 0.850746 1.000000
vt 0.850746 0.000000
vt 0.865672 1.000000
vt 0.865672 0.000000
vt 0.880597 1.000000
vt 0.880597 0.000000
vt 0.895522 1.000000
vt 0.895522 0.000000
vt 0.910448 1.000000
vt 0.910448 0.000000
vt 0.925373 1.000000
vt 0.925373 0.000000
vt 0.940298 1.000000
vt 0.940298 0.000000
vt 0.955224 1.000000
vt 0.955224 0.000000
vt 0.970149 1.000000
vt 0.970149 0.000000
vt 0.985075 1.000000
vt 0.985075 0.000000
vt 1.000000 1.000000
vt 0.037037 1.000000
vt 0.037037 0.000000
vt 0.074074 1.000000
vt 0.074074 0.000000
vt 0.111111 1.000000
vt 0.111111 0.000000
vt 0.148148 1.000000
vt 0.148148 0.000000
vt 0.185185 1.000000
vt 0.185185 0.000000
vt 0.222222 1.000000
vt 0.222222 0.000000
vt 0.259259 1.000000
vt 0.259259 0.000000
vt 0.296296 1.000000
vt 0.296296 0.000000
vt 0.333333 1.000000
vt 0.370370 1.000000
vt 0.370370 0.000000
vt 0.407407 1.000000
vt 0.407407 0.000000
vt 0.444444 1.000000
vt 0.444444 0.000000
vt 0.481481 1.000000
vt 0.481481 0.000000
vt 0.518519 1.000000
vt 0.518519 0.000000
vt 0.555556 1.000000
vt 0.555556 0.000000
vt 0.592593 1.000000
vt 0.592593 0.000000
vt 0.629630 1.000000
vt 0.629630 0.000000
vt 0.666667 1.000000
vt 0.703704 1.000000
vt 0.703704 0.000000
vt 0.740741 1.000000
vt 0.740741 0.000000
vt 0.777778 1.000000
vt 0.777778 0.000000
vt 0.814815 1.000000
vt 0.814815 0.000000
vt 0.851852 1.000000
vt 0.851852 0.000000
vt 0.888889 1.000000
vt 0.888889 0.000000
vt 0.925926 1.000000
vt 0.925926 0.000000
vt 0.962963 1.000000
vt 0.962963 0.000000
vt 0.020833 1.000000
vt 0.020833 0.000000
vt 0.041667 1.000000
vt 0.041667 0.000000
vt 0.062500 1.000000
vt 0.062500 0.000000
vt 0.083333 1.000000
vt 0.083333 0.000000
vt 0.104167 1.000000
vt 0.104167 0.000000
vt 0.125000 1.000000
vt 0.125000 0.000000
vt 0.145833 1.000000
vt 0.145833 0.000000
vt 0.166667 1.000000
vt 0.166667 0.000000
vt 0.187500 1.000000
vt 0.187500 0.000000
vt 0.208333 1.000000
vt 0.208333 0.000000
vt 0.229167 1.000000
vt 0.229167 0.000000
vt 0.250000 1.000000
vt 0.250000 0.000000
vt 0.270833 1.000000
vt 0.270833 0.000000
vt 0.291667 1.000000
vt 0.291667 0.000000
vt 0.312500 1.000000
vt 0.312500 0.000000
vt 0.354167 1.000000
vt 0.354167 0.000000
vt 0.375000 1.000000
vt 0.375000 0.000000
vt 0.395833 1.000000
vt 0.395833 0.000000
vt 0.416667 1.000000
vt 0.416667 0.000000
vt 0.437500 1.000000
vt 0.437500 0.000000
vt 0.458333 1.000000
vt 0.458333 0.000000
vt 0.479167 1.000000
vt 0.479167 0.000000
vt 0.500000 1.000000
vt 0.520833 1.000000
vt 0.520833 0.000000
vt 0.541667 1.000000
vt 0.541667 0.000000
vt 0.562500 1.000000
vt 0.562500 0.000000
vt 0.583333 1.000000
vt 0.583333 0.000000
vt 0.604167 1.000000
vt 0.604167 0.000000
vt 0.625000 1.000000
vt 0.625000 0.000000
vt 0.645833 1.000000
vt 0.645833 0.000000
vt 0.687500 1.000000
vt 0.687500 0.000000
vt 0.708333 1.000000
vt 0.708333 0.000000
vt 0.729167 1.000000
vt 0.729167 0.000000
vt 0.750000 1.000000
vt 0.750000 0.000000
vt 0.770833 1.000000
vt 0.770833 0.000000
vt 0.791667 1.000000
vt 0.791667 0.000000
vt 0.812500 1.000000
vt 0.812500 0.000000
vt 0.833333 1.000000
vt 0.833333 0.000000
vt 0.854167 1.000000
vt 0.854167 0.000000
vt 0.875000 1.000000
vt 0.875000 0.000000
vt 0.895833 1.000000
vt 0.895833 0.000000
vt 0.916667 1.000000
vt 0.916667 0.000000
vt 0.937500 1.000000
vt 0.937500 0.000000
vt 0.958333 1.000000
vt 0.958333 0.000000
vt 0.979167 1.000000
vt 0.979167 0.000000
vt 0.019231 1.000000
vt 0.019231 0.000000
vt 0.038462 1.000000
vt 0.038462 0.000000
vt 0.057692 1.000000
vt 0.057692 0.000000
vt 0.076923 1.000000
vt 0.076923 0.000000
vt 0.096154 1.000000
vt 0.096154 0.000000
vt 0.115385 1.000000
vt 0.115385 0.000000
vt 0.134615 1.000000
vt 0.134615 0.000000
vt 0.153846 1.000000
vt 0.153846 0.000000
vt 0.173077 1.000000
vt 0.173077 0.000000
vt 0.192308 1.000000
vt 0.192308 0.000000
vt 0.211538 1.000000
vt 0.211538 0.000000
vt 0.230769 1.000000
vt 0.230769 0.000000
vt 0.269231 1.000000
vt 0.269231 0.000000
vt 0.288462 1.000000
vt 0.288462 0.000000
vt 0.307692 1.000000
vt 0.307692 0.000000
vt 0.326923 1.000000
vt 0.326923 0.000000
vt 0.346154 1.000000
vt 0.346154 0.000000
vt 0.365385 1.000000
vt 0.365385 0.000000
vt 0.384615 1.000000
vt 0.384615 0.000000
vt 0.403846 1.000000
vt 0.403846 0.000000
vt 0.423077 1.000000
vt 0.423077 0.000000
vt 0.442308 1.000000
vt 0.442308 0.000000
vt 0.461538 1.000000
vt 0.461538 0.000000
vt 0.480769 1.000000
vt 0.480769 0.000000
vt 0.519231 1.000000
vt 0.519231 0.000000
vt 0.538462 1.000000
vt 0.538462 0.000000
vt 0.557692 1.000000
vt 0.557692 0.000000
vt 0.576923 1.000000
vt 0.576923 0.000000
vt 0.596154 1.000000
vt 0.596154 0.000000
vt 0.615385 1.000000
vt 0.615385 0.000000
vt 0.634615 1.000000
vt 0.634615 0.000000
vt 0.653846 1.000000
vt 0.653846 0.000000
vt 0.673077 1.000000
vt 0.673077 0.000000
vt 0.692308 1.000000
vt 0.692308 0.000000
vt 0.711538 1.000000
vt 0.711538 0.000000
vt 0.730769 1.000000
vt 0.730769 0.000000
vt 0.769231 1.000000
vt 0.769231 0.000000
vt 0.788462 1.000000
vt 0.788462 0.000000
vt 0.807692 1.000000
vt 0.807692 0.000000
vt 0.826923 1.000000
vt 0.826923 0.000000
vt 0.846154 1.000000
vt 0.846154 0.000000
vt 0.865385 1.000000
vt 0.865385 0.000000
vt 0.884615 1.000000
vt 0.884615 0.000000
vt 0.903846 1.000000
vt 0.903846 0.000000
vt 0.923077 1.000000
vt 0.923077 0.000000
vt 0.942308 1.000000
vt 0.942308 0.000000
vt 0.961538 1.000000
vt 0.961538 0.000000
vt 0.980769 1.000000
vt 0.980769 0.000000
vt 0.008197 1.000000
vt 0.008197 0.000000
vt 0.016393 1.000000
vt 0.016393 0.000000
vt 0.024590 1.000000
vt 0.024590 0.000000
vt 0.032787 1.000000
vt 0.032787 0.000000
vt 0.040984 1.000000
vt 0.040984 0.000000
vt 0.049180 1.000000
vt 0.049180 0.000000
vt 0.057377 1.000000
vt 0.057377 0.000000
vt 0.065574 1.000000
vt 0.065574 0.000000
vt 0.073770 1.000000
vt 0.073770 0.000000
vt 0.081967 1.000000
vt 0.081967 0.000000
vt 0.090164 1.000000
vt 0.090164 0.000000
vt 0.098361 1.000000
vt 0.098361 0.000000
vt 0.106557 1.000000
vt 0.106557 0.000000
vt 0.114754 1.000000
vt 0.114754 0.000000
vt 0.122951 1.000000
vt 0.122951 0.000000
vt 0.131148 1.000000
vt 0.131148 0.000000
vt 0.139344 1.000000
vt 0.139344 0.000000
vt 0.147541 1.000000
vt 0.147541 0.000000
vt 0.155738 1.000000
vt 0.155738 0.000000
vt 0.163934 1.000000
vt 0.163934 0.000000
vt 0.172131 1.000000
vt 0.172131 0.000000
vt 0.180328 1.000000
vt 0.180328 0.000000
vt 0.188525 1.000000
vt 0.188525 0.000000
vt 0.196721 1.000000
vt 0.196721 0.000000
vt 0.204918 1.000000
vt 0.204918 0.000000
vt 0.213115 1.000000
vt 0.213115 0.000000
vt 0.221311 1.000000
vt 0.221311 0.000000
vt 0.229508 1.000000
vt 0.229508 0.000000
vt 0.237705 1.000000
vt 0.237705 0.000000
vt 0.245902 1.000000
vt 0.245902 0.000000
vt 0.254098 1.000000
vt 0.254098 0.000000
vt 0.262295 1.000000
vt 0.262295 0.000000
vt 0.270492 1.000000
vt 0.270492 0.000000
vt 0.278689 1.000000
vt 0.278689 0.000000
vt 0.286885 1.000000
vt 0.286885 0.000000
vt 0.295082 1.000000
vt 0.295082 0.000000
vt 0.303279 1.000000
vt 0.303279 0.000000
vt 0.311475 1.000000
vt 0.311475 0.000000
vt 0.319672 1.000000
vt 0.319672 0.000000
vt 0.327869 1.000000
vt 0.327869 0.000000
vt 0.336066 1.000000
vt 0.336066 0.000000
vt 0.344262 1.000000
vt 0.344262 0.000000
vt 0.352459 1.000000
vt 0.352459 0.000000
vt 0.360656 1.000000
vt 0.360656 0.000000
vt 0.368852 1.000000
vt 0.368852 0.000000
vt 0.377049 1.000000
vt 0.377049 0.000000
vt 0.385246 1.000000
vt 0.385246 0.000000
vt 0.393443 1.000000
vt 0.393443 0.000000
vt 0.401639 1.000000
vt 0.401639 0.000000
vt 0.409836 1.000000
vt 0.409836 0.000000
vt 0.418033 1.000000
vt 0.418033 0.000000
vt 0.426230 1.000000
vt 0.426230 0.000000
vt 0.434426 1.000000
vt 0.434426 0.000000
vt 0.442623 1.000000
vt 0.442623 0.000000
vt 0.450820 1.000000
vt 0.450820 0.000000
vt 0.459016 1.000000
vt 0.459016 0.000000
vt 0.467213 1.000000
vt 0.467213 0.000000
vt 0.475410 1.000000
vt 0.475410 0.000000
vt 0.483607 1.000000
vt 0.483607 0.000000
vt 0.491803 1.000000
vt 0.491803 0.000000
vt 0.508197 1.000000
vt 0.508197 0.000000
vt 0.516393 1.000000
vt 0.516393 0.000000
vt 0.524590 1.000000
vt 0.524590 0.000000
vt 0.532787 1.000000
vt 0.532787 0.000000
vt 0.540984 1.000000
vt 0.540984 0.000000
vt 0.549180 1.000000
vt 0.549180 0.000000
vt 0.557377 1.000000
vt 0.557377 0.000000
vt 0.565574 1.000000
vt 0.565574 0.000000
vt 0.573770 1.000000
vt 0.573770 0.000000
vt 0.581967 1.000000
vt 0.581967 0.000000
vt 0.590164 1.000000
vt 0.590164 0.000000
vt 0.598361 1.000000
vt 0.598361 0.000000
vt 0.606557 1.000000
vt 0.606557 0.000000
vt 0.614754 1.000000
vt 0.614754 0.000000
vt 0.622951 1.000000
vt 0.622951 0.000000
vt 0.631148 1.000000
vt 0.631148 0.000000
vt 0.639344 1.000000
vt 0.639344 0.000000
vt 0.647541 1.000000
vt 0.647541 0.000000
vt 0.655738 1.000000
vt 0.655738 0.000000
vt 0.663934 1.000000
vt 0.663934 0.000000
vt 0.672131 1.000000
vt 0.672131 0.000000
vt 0.680328 1.000000
vt 0.680328 0.000000
vt 0.688525 1.000000
vt 0.688525 0.000000
vt 0.696721 1.000000
vt 0.696721 0.000000
vt 0.704918 1.000000
vt 0.704918 0.000000
vt 0.713115 1.000000
vt 0.713115 0.000000
vt 0.721311 1.000000
vt 0.721311 0.000000
vt 0.729508 1.000000
vt 0.729508 0.000000
vt 0.737705 1.000000
vt 0.737705 0.000000
vt 0.745902 1.000000
vt 0.745902 0.000000
vt 0.754098 1.000000
vt 0.754098 0.000000
vt 0.762295 1.000000
vt 0.762295 0.000000
vt 0.770492 1.000000
vt 0.770492 0.000000
vt 0.778689 1.000000
vt 0.778689 0.000000
vt 0.786885 1.000000
vt 0.786885 0.000000
vt 0.795082 1.000000
vt 0.795082 0.000000
vt 0.803279 1.000000
vt 0.803279 0.000000
vt 0.811475 1.000000
vt 0.811475 0.000000
vt 0.819672 1.000000
vt 0.819672 0.000000
vt 0.827869 1.000000
vt 0.827869 0.000000
vt 0.836066 1.000000
vt 0.836066 0.000000
vt 0.844262 1.000000
vt 0.844262 0.000000
vt 0.852459 1.000000
vt 0.852459 0.000000
vt 0.860656 1.000000
vt 0.860656 0.000000
vt 0.868852 1.000000
vt 0.868852 0.000000
vt 0.877049 1.000000
vt 0.877049 0.000000
vt 0.885246 1.000000
vt 0.885246 0.000000
vt 0.893443 1.000000
vt 0.893443 0.000000
vt 0.901639 1.000000
vt 0.901639 0.000000
vt 0.909836 1.000000
vt 0.909836 0.000000
vt 0.918033 1.000000
vt 0.918033 0.000000
vt 0.926230 1.000000
vt 0.926230 0.000000
vt 0.934426 1.000000
vt 0.934426 0.000000
vt 0.942623 1.000000
vt 0.942623 0.000000
vt 0.950820 1.000000
vt 0.950820 0.000000
vt 0.959016 1.000000
vt 0.959016 0.000000
vt 0.967213 1.000000
vt 0.967213 0.000000
vt 0.975410 1.000000
vt 0.975410 0.000000
vt 0.983607 1.000000
vt 0.983607 0.000000
vt 0.991803 1.000000
vt 0.991803 0.000000
s 0
usemtl Base_Label_mat.043
f 81/127/55 78/128/55 77/129/55
f 82/130/55 81/127/55 77/129/55
f 77/129/55 74/131/55 82/130/55
f 74/131/55 73/132/55 82/130/55
f 78/128/55 81/127/55 80/133/55
f 80/133/55 79/134/55 78/128/55
f 74/131/55 77/129/55 76/135/55
f 76/135/55 75/136/55 74/131/55
f 84/137/55 83/138/55 73/132/55
f 82/130/55 73/132/55 83/138/55
f 148/139/55 147/140/55 144/141/55
f 147/140/55 146/142/55 144/141/55
f 145/143/55 144/141/55 146/142/55
f 141/144/55 140/128/55 151/134/55
f 141/144/55 151/134/55 142/145/55
f 151/134/55 150/146/55 142/145/55
f 143/147/55 142/145/55 150/146/55
f 150/146/55 149/148/55 143/147/55
f 144/141/55 143/147/55 149/148/55
f 148/139/55 144/141/55 149/148/55
f 180/149/55 179/150/55 109/151/55
f 181/152/55 180/149/55 109/151/55
f 109/151/55 108/153/55 181/152/55
f 182/154/55 181/152/55 108/153/55
f 108/153/55 107/136/55 182/154/55
f 183/155/55 182/154/55 107/136/55
f 107/136/55 106/156/55 183/155/55
f 184/130/55 183/155/55 106/156/55
f 136/157/55 154/158/55 137/159/55
f 134/160/55 156/161/55 135/162/55
f 156/161/55 155/163/55 135/162/55
f 132/164/55 157/165/55 133/166/55
f 192/167/55 98/168/55 97/169/55
f 156/161/55 134/160/55 133/166/55
f 133/166/55 157/165/55 156/161/55
f 191/170/55 99/171/55 98/168/55
f 98/168/55 192/167/55 191/170/55
f 135/162/55 155/163/55 136/157/55
f 154/158/55 136/157/55 155/163/55
f 175/172/55 112/173/55 176/174/55
f 111/175/55 176/174/55 112/173/55
f 189/176/55 101/177/55 100/178/55
f 190/179/55 189/176/55 100/178/55
f 100/178/55 99/171/55 190/179/55
f 99/171/55 191/170/55 190/179/55
f 137/159/55 154/158/55 138/180/55
f 154/158/55 153/181/55 138/180/55
f 139/182/55 138/180/55 153/181/55
f 153/181/55 152/183/55 139/182/55
f 140/128/55 139/182/55 152/183/55
f 151/134/55 140/128/55 152/183/55
f 176/174/55 111/175/55 177/184/55
f 178/185/55 177/184/55 111/175/55
f 111/175/55 110/186/55 178/185/55
f 179/150/55 178/185/55 110/186/55
f 109/151/55 179/150/55 110/186/55
f 184/130/55 106/156/55 105/187/55
f 185/188/55 184/130/55 105/187/55
f 105/187/55 104/189/55 185/188/55
f 186/190/55 185/188/55 104/189/55
f 104/189/55 103/191/55 186/190/55
f 187/192/55 186/190/55 103/191/55
f 103/191/55 102/193/55 187/192/55
f 188/194/55 187/192/55 102/193/55
f 102/193/55 101/177/55 188/194/55
f 101/177/55 189/176/55 188/194/55
f 95/195/55 193/196/55 96/131/55
f 94/197/55 195/138/55 194/198/55
f 93/199/55 196/200/55 94/197/55
f 195/138/55 94/197/55 196/200/55
f 159/201/55 158/202/55 131/203/55
f 94/197/55 194/198/55 95/195/55
f 193/196/55 95/195/55 194/198/55
f 197/204/55 92/205/55 198/206/55
f 159/201/55 131/203/55 130/207/55
f 160/208/55 159/201/55 130/207/55
f 130/207/55 129/129/55 160/208/55
f 129/129/55 161/209/55 160/208/55
f 114/210/55 173/127/55 115/211/55
f 92/205/55 197/204/55 93/199/55
f 196/200/55 93/199/55 197/204/55
f 85/132/55 206/137/55 205/212/55
f 86/213/55 85/132/55 205/212/55
f 124/214/55 123/215/55 166/216/55
f 167/217/55 166/216/55 123/215/55
f 123/215/55 122/218/55 167/217/55
f 168/219/55 167/217/55 122/218/55
f 122/218/55 121/220/55 168/219/55
f 169/221/55 168/219/55 121/220/55
f 121/220/55 120/222/55 169/221/55
f 170/223/55 169/221/55 120/222/55
f 120/222/55 119/224/55 170/223/55
f 119/224/55 118/135/55 170/223/55
f 86/213/55 205/212/55 87/225/55
f 88/226/55 87/225/55 205/212/55
f 205/212/55 204/227/55 88/226/55
f 204/227/55 203/228/55 88/226/55
f 89/229/55 88/226/55 203/228/55
f 202/230/55 89/229/55 203/228/55
f 161/209/55 129/129/55 128/231/55
f 162/133/55 161/209/55 128/231/55
f 128/231/55 127/232/55 162/133/55
f 163/233/55 162/133/55 127/232/55
f 127/232/55 126/234/55 163/233/55
f 164/235/55 163/233/55 126/234/55
f 126/234/55 125/236/55 164/235/55
f 165/237/55 164/235/55 125/236/55
f 125/236/55 124/214/55 165/237/55
f 124/214/55 166/216/55 165/237/55
f 170/223/55 118/135/55 171/238/55
f 118/135/55 117/239/55 171/238/55
f 172/240/55 171/238/55 117/239/55
f 117/239/55 116/241/55 172/240/55
f 173/127/55 172/240/55 116/241/55
f 115/211/55 173/127/55 116/241/55
f 89/229/55 202/230/55 90/242/55
f 202/230/55 201/243/55 90/242/55
f 201/243/55 200/244/55 90/242/55
f 91/245/55 90/242/55 200/244/55
f 200/244/55 199/246/55 91/245/55
f 92/205/55 91/245/55 199/246/55
f 198/206/55 92/205/55 199/246/55
f 131/203/55 158/202/55 132/164/55
f 157/165/55 132/164/55 158/202/55
f 173/127/55 114/210/55 174/247/55
f 114/210/55 113/248/55 174/247/55
f 175/172/55 174/247/55 113/248/55
f 112/173/55 175/172/55 113/248/55
f 192/167/55 97/169/55 96/131/55
f 96/131/55 193/196/55 192/167/55
f 211/249/55 210/250/55 209/251/55
f 209/251/55 217/137/55 211/249/55
f 217/137/55 212/252/55 211/249/55
f 213/253/55 216/254/55 215/255/55
f 208/256/55 207/132/55 214/257/55
f 208/256/55 214/257/55 215/255/55
f 213/253/55 215/255/55 214/257/55
f 208/256/55 215/255/55 209/251/55
f 217/137/55 209/251/55 215/255/55
f 212/252/55 217/137/55 216/254/55
f 216/254/55 213/253/55 212/252/55
f 268/258/55 323/137/55 322/259/55
f 269/260/55 268/258/55 322/259/55
f 322/259/55 296/261/55 269/260/55
f 296/261/55 295/262/55 269/260/55
f 271/263/55 270/264/55 321/265/55
f 321/265/55 272/266/55 271/263/55
f 293/267/55 218/132/55 294/268/55
f 321/265/55 270/264/55 322/259/55
f 296/261/55 322/259/55 270/264/55
f 294/268/55 218/132/55 295/262/55
f 269/260/55 295/262/55 218/132/55
f 297/269/55 267/270/55 298/271/55
f 273/272/55 320/273/55 274/274/55
f 291/275/55 220/276/55 292/277/55
f 219/278/55 292/277/55 220/276/55
f 323/137/55 268/258/55 267/270/55
f 267/270/55 297/269/55 323/137/55
f 320/273/55 273/272/55 321/265/55
f 272/266/55 321/265/55 273/272/55
f 292/277/55 219/278/55 293/267/55
f 218/132/55 293/267/55 219/278/55
f 299/279/55 266/280/55 265/281/55
f 300/282/55 299/279/55 265/281/55
f 317/283/55 243/284/55 318/285/55
f 242/286/55 241/287/55 276/288/55
f 277/289/55 276/288/55 241/287/55
f 298/271/55 267/270/55 266/280/55
f 266/280/55 299/279/55 298/271/55
f 318/285/55 243/284/55 319/290/55
f 320/273/55 319/290/55 243/284/55
f 274/274/55 320/273/55 243/284/55
f 243/284/55 242/286/55 274/274/55
f 275/291/55 274/274/55 242/286/55
f 242/286/55 276/288/55 275/291/55
f 289/292/55 222/293/55 290/294/55
f 222/293/55 221/295/55 290/294/55
f 291/275/55 290/294/55 221/295/55
f 220/276/55 291/275/55 221/295/55
f 245/296/55 315/297/55 246/298/55
f 302/255/55 263/299/55 262/300/55
f 303/301/55 302/255/55 262/300/55
f 262/300/55 261/302/55 303/301/55
f 304/303/55 303/301/55 261/302/55
f 261/302/55 260/249/55 304/303/55
f 305/304/55 304/303/55 260/249/55
f 260/249/55 259/305/55 305/304/55
f 306/306/55 305/304/55 259/305/55
f 259/305/55 258/307/55 306/306/55
f 258/307/55 257/308/55 306/306/55
f 307/309/55 306/306/55 257/308/55
f 257/308/55 256/310/55 307/309/55
f 308/311/55 307/309/55 256/310/55
f 256/310/55 255/312/55 308/311/55
f 309/313/55 308/311/55 255/312/55
f 255/312/55 254/314/55 309/313/55
f 254/314/55 253/315/55 309/313/55
f 310/316/55 309/313/55 253/315/55
f 253/315/55 252/317/55 310/316/55
f 311/318/55 310/316/55 252/317/55
f 252/317/55 251/319/55 311/318/55
f 312/320/55 311/318/55 251/319/55
f 251/319/55 250/321/55 312/320/55
f 250/321/55 249/322/55 312/320/55
f 313/323/55 312/320/55 249/322/55
f 249/322/55 248/324/55 313/323/55
f 314/325/55 313/323/55 248/324/55
f 248/324/55 247/326/55 314/325/55
f 315/297/55 314/325/55 247/326/55
f 246/298/55 315/297/55 247/326/55
f 300/282/55 265/281/55 264/327/55
f 301/328/55 300/282/55 264/327/55
f 264/327/55 263/299/55 301/328/55
f 263/299/55 302/255/55 301/328/55
f 315/297/55 245/296/55 316/329/55
f 245/296/55 244/330/55 316/329/55
f 317/283/55 316/329/55 244/330/55
f 243/284/55 317/283/55 244/330/55
f 277/289/55 241/287/55 240/331/55
f 278/332/55 277/289/55 240/331/55
f 240/331/55 239/251/55 278/332/55
f 239/251/55 238/333/55 278/332/55
f 279/334/55 278/332/55 238/333/55
f 238/333/55 237/335/55 279/334/55
f 237/335/55 236/336/55 279/334/55
f 280/337/55 279/334/55 236/336/55
f 236/336/55 235/338/55 280/337/55
f 235/338/55 234/339/55 280/337/55
f 281/253/55 280/337/55 234/339/55
f 234/339/55 233/340/55 281/253/55
f 233/340/55 232/341/55 281/253/55
f 282/342/55 281/253/55 232/341/55
f 232/341/55 231/343/55 282/342/55
f 231/343/55 230/344/55 282/342/55
f 283/345/55 282/342/55 230/344/55
f 230/344/55 229/346/55 283/345/55
f 284/347/55 283/345/55 229/346/55
f 229/346/55 228/348/55 284/347/55
f 285/349/55 284/347/55 228/348/55
f 228/348/55 227/350/55 285/349/55
f 227/350/55 226/351/55 285/349/55
f 286/352/55 285/349/55 226/351/55
f 226/351/55 225/353/55 286/352/55
f 287/354/55 286/352/55 225/353/55
f 225/353/55 224/355/55 287/354/55
f 288/356/55 287/354/55 224/355/55
f 224/355/55 223/357/55 288/356/55
f 289/292/55 288/356/55 223/357/55
f 222/293/55 289/292/55 223/357/55
f 329/267/55 328/332/55 327/299/55
f 331/137/55 330/311/55 324/132/55
f 327/299/55 326/324/55 325/340/55
f 325/340/55 324/132/55 327/299/55
f 324/132/55 330/311/55 327/299/55
f 329/267/55 327/299/55 330/311/55
f 363/358/55 362/359/55 419/360/55
f 419/360/55 418/361/55 363/358/55
f 364/362/55 363/358/55 418/361/55
f 418/361/55 417/363/55 364/362/55
f 365/364/55 364/362/55 417/363/55
f 417/363/55 416/365/55 365/364/55
f 366/366/55 365/364/55 416/365/55
f 416/365/55 415/367/55 366/366/55
f 367/368/55 366/366/55 415/367/55
f 368/369/55 367/368/55 415/367/55
f 415/367/55 414/370/55 368/369/55
f 369/371/55 368/369/55 414/370/55
f 414/370/55 413/372/55 369/371/55
f 370/249/55 369/371/55 413/372/55
f 413/372/55 412/373/55 370/249/55
f 371/374/55 370/249/55 412/373/55
f 412/373/55 411/375/55 371/374/55
f 372/376/55 371/374/55 411/375/55
f 358/377/55 423/378/55 359/379/55
f 423/378/55 422/380/55 359/379/55
f 408/255/55 407/381/55 375/382/55
f 407/381/55 376/383/55 375/382/55
f 424/384/55 357/385/55 425/386/55
f 405/387/55 377/388/55 406/389/55
f 426/390/55 355/391/55 427/137/55
f 355/391/55 426/390/55 356/392/55
f 425/386/55 357/385/55 356/392/55
f 356/392/55 426/390/55 425/386/55
f 404/393/55 378/394/55 405/387/55
f 377/388/55 405/387/55 378/394/55
f 357/385/55 424/384/55 358/377/55
f 423/378/55 358/377/55 424/384/55
f 376/383/55 407/381/55 406/389/55
f 406/389/55 377/388/55 376/383/55
f 359/379/55 422/380/55 360/395/55
f 422/380/55 421/396/55 360/395/55
f 361/397/55 360/395/55 421/396/55
f 421/396/55 420/398/55 361/397/55
f 362/359/55 361/397/55 420/398/55
f 419/360/55 362/359/55 420/398/55
f 372/376/55 411/375/55 410/399/55
f 373/400/55 372/376/55 410/399/55
f 410/399/55 409/401/55 373/400/55
f 374/402/55 373/400/55 409/401/55
f 409/401/55 408/255/55 374/402/55
f 408/255/55 375/382/55 374/402/55
f 379/403/55 403/404/55 402/405/55
f 402/405/55 332/132/55 379/403/55
f 353/406/55 382/407/55 381/408/55
f 333/409/55 401/410/55 400/411/55
f 353/406/55 381/408/55 354/412/55
f 380/413/55 354/412/55 381/408/55
f 332/132/55 402/405/55 401/410/55
f 401/410/55 333/409/55 332/132/55
f 383/414/55 352/415/55 351/251/55
f 384/416/55 383/414/55 351/251/55
f 399/417/55 398/418/55 335/419/55
f 334/420/55 399/417/55 335/419/55
f 382/407/55 353/406/55 352/415/55
f 352/415/55 383/414/55 382/407/55
f 399/417/55 334/420/55 400/411/55
f 333/409/55 400/411/55 334/420/55
f 348/421/55 347/422/55 387/423/55
f 388/424/55 387/423/55 347/422/55
f 347/422/55 346/425/55 388/424/55
f 389/253/55 388/424/55 346/425/55
f 346/425/55 345/426/55 389/253/55
f 390/427/55 389/253/55 345/426/55
f 345/426/55 344/428/55 390/427/55
f 391/429/55 390/427/55 344/428/55
f 344/428/55 343/430/55 391/429/55
f 343/430/55 342/431/55 391/429/55
f 392/432/55 391/429/55 342/431/55
f 342/431/55 341/433/55 392/432/55
f 393/434/55 392/432/55 341/433/55
f 341/433/55 340/435/55 393/434/55
f 394/436/55 393/434/55 340/435/55
f 340/435/55 339/437/55 394/436/55
f 395/438/55 394/436/55 339/437/55
f 339/437/55 338/439/55 395/438/55
f 384/416/55 351/251/55 350/440/55
f 385/441/55 384/416/55 350/440/55
f 350/440/55 349/442/55 385/441/55
f 386/443/55 385/441/55 349/442/55
f 349/442/55 348/421/55 386/443/55
f 348/421/55 387/423/55 386/443/55
f 395/438/55 338/439/55 396/444/55
f 338/439/55 337/445/55 396/444/55
f 397/446/55 396/444/55 337/445/55
f 337/445/55 336/447/55 397/446/55
f 398/418/55 397/446/55 336/447/55
f 335/419/55 398/418/55 336/447/55
f 354/412/55 380/413/55 355/391/55
f 427/137/55 355/391/55 380/413/55
f 403/404/55 379/403/55 404/393/55
f 378/394/55 404/393/55 379/403/55
f 478/258/55 533/137/55 532/259/55
f 479/260/55 478/258/55 532/259/55
f 532/259/55 506/261/55 479/260/55
f 506/261/55 505/262/55 479/260/55
f 481/263/55 480/264/55 531/265/55
f 531/265/55 482/266/55 481/263/55
f 503/267/55 428/132/55 504/268/55
f 531/265/55 480/264/55 532/259/55
f 506/261/55 532/259/55 480/264/55
f 504/268/55 428/132/55 505/262/55
f 479/260/55 505/262/55 428/132/55
f 507/269/55 477/270/55 508/271/55
f 483/272/55 530/273/55 484/274/55
f 501/275/55 430/276/55 502/277/55
f 429/278/55 502/277/55 430/276/55
f 533/137/55 478/258/55 477/270/55
f 477/270/55 507/269/55 533/137/55
f 530/273/55 483/272/55 531/265/55
f 482/266/55 531/265/55 483/272/55
f 502/277/55 429/278/55 503/267/55
f 428/132/55 503/267/55 429/278/55
f 509/279/55 476/280/55 475/281/55
f 510/282/55 509/279/55 475/281/55
f 527/283/55 453/284/55 528/285/55
f 452/286/55 451/287/55 486/288/55
f 487/289/55 486/288/55 451/287/55
f 508/271/55 477/270/55 476/280/55
f 476/280/55 509/279/55 508/271/55
f 528/285/55 453/284/55 529/290/55
f 530/273/55 529/290/55 453/284/55
f 484/274/55 530/273/55 453/284/55
f 453/284/55 452/286/55 484/274/55
f 485/291/55 484/274/55 452/286/55
f 452/286/55 486/288/55 485/291/55
f 499/292/55 432/293/55 500/294/55
f 432/293/55 431/295/55 500/294/55
f 501/275/55 500/294/55 431/295/55
f 430/276/55 501/275/55 431/295/55
f 455/296/55 525/297/55 456/298/55
f 512/255/55 473/299/55 472/300/55
f 513/301/55 512/255/55 472/300/55
f 472/300/55 471/302/55 513/301/55
f 514/303/55 513/301/55 471/302/55
f 471/302/55 470/249/55 514/303/55
f 515/304/55 514/303/55 470/249/55
f 470/249/55 469/305/55 515/304/55
f 516/306/55 515/304/55 469/305/55
f 469/305/55 468/307/55 516/306/55
f 468/307/55 467/308/55 516/306/55
f 517/309/55 516/306/55 467/308/55
f 467/308/55 466/310/55 517/309/55
f 518/311/55 517/309/55 466/310/55
f 466/310/55 465/312/55 518/311/55
f 519/313/55 518/311/55 465/312/55
f 465/312/55 464/314/55 519/313/55
f 464/314/55 463/315/55 519/313/55
f 520/316/55 519/313/55 463/315/55
f 463/315/55 462/317/55 520/316/55
f 521/318/55 520/316/55 462/317/55
f 462/317/55 461/319/55 521/318/55
f 522/320/55 521/318/55 461/319/55
f 461/319/55 460/321/55 522/320/55
f 460/321/55 459/322/55 522/320/55
f 523/323/55 522/320/55 459/322/55
f 459/322/55 458/324/55 523/323/55
f 524/325/55 523/323/55 458/324/55
f 458/324/55 457/326/55 524/325/55
f 525/297/55 524/325/55 457/326/55
f 456/298/55 525/297/55 457/326/55
f 510/282/55 475/281/55 474/327/55
f 511/328/55 510/282/55 474/327/55
f 474/327/55 473/299/55 511/328/55
f 473/299/55 512/255/55 511/328/55
f 525/297/55 455/296/55 526/329/55
f 455/296/55 454/330/55 526/329/55
f 527/283/55 526/329/55 454/330/55
f 453/284/55 527/283/55 454/330/55
f 487/289/55 451/287/55 450/331/55
f 488/332/55 487/289/55 450/331/55
f 450/331/55 449/251/55 488/332/55
f 449/251/55 448/333/55 488/332/55
f 489/334/55 488/332/55 448/333/55
f 448/333/55 447/335/55 489/334/55
f 447/335/55 446/336/55 489/334/55
f 490/337/55 489/334/55 446/336/55
f 446/336/55 445/338/55 490/337/55
f 445/338/55 444/339/55 490/337/55
f 491/253/55 490/337/55 444/339/55
f 444/339/55 443/340/55 491/253/55
f 443/340/55 442/341/55 491/253/55
f 492/342/55 491/253/55 442/341/55
f 442/341/55 441/343/55 492/342/55
f 441/343/55 440/344/55 492/342/55
f 493/345/55 492/342/55 440/344/55
f 440/344/55 439/346/55 493/345/55
f 494/347/55 493/345/55 439/346/55
f 439/346/55 438/348/55 494/347/55
f 495/349/55 494/347/55 438/348/55
f 438/348/55 437/350/55 495/349/55
f 437/350/55 436/351/55 495/349/55
f 496/352/55 495/349/55 436/351/55
f 436/351/55 435/353/55 496/352/55
f 497/354/55 496/352/55 435/353/55
f 435/353/55 434/355/55 497/354/55
f 498/356/55 497/354/55 434/355/55
f 434/355/55 433/357/55 498/356/55
f 499/292/55 498/356/55 433/357/55
f 432/293/55 499/292/55 433/357/55
f 565/358/55 564/359/55 621/360/55
f 621/360/55 620/361/55 565/358/55
f 566/362/55 565/358/55 620/361/55
f 620/361/55 619/363/55 566/362/55
f 567/364/55 566/362/55 619/363/55
f 619/363/55 618/365/55 567/364/55
f 568/366/55 567/364/55 618/365/55
f 618/365/55 617/367/55 568/366/55
f 569/368/55 568/366/55 617/367/55
f 570/369/55 569/368/55 617/367/55
f 617/367/55 616/370/55 570/369/55
f 571/371/55 570/369/55 616/370/55
f 616/370/55 615/372/55 571/371/55
f 572/249/55 571/371/55 615/372/55
f 615/372/55 614/373/55 572/249/55
f 573/374/55 572/249/55 614/373/55
f 614/373/55 613/375/55 573/374/55
f 574/376/55 573/374/55 613/375/55
f 560/377/55 625/378/55 561/379/55
f 625/378/55 624/380/55 561/379/55
f 610/255/55 609/381/55 577/382/55
f 609/381/55 578/383/55 577/382/55
f 626/384/55 559/385/55 627/386/55
f 607/387/55 579/388/55 608/389/55
f 628/390/55 558/392/55 557/391/55
f 557/391/55 629/137/55 628/390/55
f 627/386/55 559/385/55 558/392/55
f 558/392/55 628/390/55 627/386/55
f 606/393/55 580/394/55 607/387/55
f 579/388/55 607/387/55 580/394/55
f 559/385/55 626/384/55 560/377/55
f 625/378/55 560/377/55 626/384/55
f 578/383/55 609/381/55 608/389/55
f 608/389/55 579/388/55 578/383/55
f 561/379/55 624/380/55 562/395/55
f 624/380/55 623/396/55 562/395/55
f 563/397/55 562/395/55 623/396/55
f 623/396/55 622/398/55 563/397/55
f 564/359/55 563/397/55 622/398/55
f 621/360/55 564/359/55 622/398/55
f 574/376/55 613/375/55 612/399/55
f 575/400/55 574/376/55 612/399/55
f 612/399/55 611/401/55 575/400/55
f 576/402/55 575/400/55 611/401/55
f 611/401/55 610/255/55 576/402/55
f 610/255/55 577/382/55 576/402/55
f 581/403/55 605/404/55 604/405/55
f 581/403/55 604/405/55 534/132/55
f 555/406/55 584/407/55 583/408/55
f 535/409/55 603/410/55 602/411/55
f 555/406/55 583/408/55 556/412/55
f 582/413/55 556/412/55 583/408/55
f 534/132/55 604/405/55 603/410/55
f 603/410/55 535/409/55 534/132/55
f 585/414/55 554/415/55 553/251/55
f 586/416/55 585/414/55 553/251/55
f 601/417/55 600/418/55 537/419/55
f 536/420/55 601/417/55 537/419/55
f 584/407/55 555/406/55 554/415/55
f 554/415/55 585/414/55 584/407/55
f 601/417/55 536/420/55 602/411/55
f 535/409/55 602/411/55 536/420/55
f 550/421/55 549/422/55 589/423/55
f 590/424/55 589/423/55 549/422/55
f 549/422/55 548/425/55 590/424/55
f 591/253/55 590/424/55 548/425/55
f 548/425/55 547/426/55 591/253/55
f 592/427/55 591/253/55 547/426/55
f 547/426/55 546/428/55 592/427/55
f 593/429/55 592/427/55 546/428/55
f 546/428/55 545/430/55 593/429/55
f 545/430/55 544/431/55 593/429/55
f 594/432/55 593/429/55 544/431/55
f 544/431/55 543/433/55 594/432/55
f 595/434/55 594/432/55 543/433/55
f 543/433/55 542/435/55 595/434/55
f 596/436/55 595/434/55 542/435/55
f 542/435/55 541/437/55 596/436/55
f 597/438/55 596/436/55 541/437/55
f 541/437/55 540/439/55 597/438/55
f 586/416/55 553/251/55 552/440/55
f 587/441/55 586/416/55 552/440/55
f 552/440/55 551/442/55 587/441/55
f 588/443/55 587/441/55 551/442/55
f 551/442/55 550/421/55 588/443/55
f 550/421/55 589/423/55 588/443/55
f 597/438/55 540/439/55 598/444/55
f 540/439/55 539/445/55 598/444/55
f 599/446/55 598/444/55 539/445/55
f 539/445/55 538/447/55 599/446/55
f 600/418/55 599/446/55 538/447/55
f 537/419/55 600/418/55 538/447/55
f 556/412/55 582/413/55 557/391/55
f 629/137/55 557/391/55 582/413/55
f 605/404/55 581/403/55 606/393/55
f 580/394/55 606/393/55 581/403/55
f 693/448/55 692/356/55 694/449/55
f 692/356/55 723/137/55 694/449/55
f 695/450/55 694/449/55 723/137/55
f 689/451/55 697/452/55 690/453/55
f 691/454/55 690/453/55 697/452/55
f 723/137/55 692/356/55 691/454/55
f 691/454/55 697/452/55 723/137/55
f 695/450/55 723/137/55 722/455/55
f 687/456/55 698/457/55 688/458/55
f 687/456/55 686/459/55 699/460/55
f 698/457/55 687/456/55 699/460/55
f 719/461/55 630/132/55 720/462/55
f 696/463/55 720/462/55 630/132/55
f 688/458/55 698/457/55 689/451/55
f 697/452/55 689/451/55 698/457/55
f 720/462/55 696/463/55 721/464/55
f 722/455/55 721/464/55 696/463/55
f 695/450/55 722/455/55 696/463/55
f 702/465/55 701/466/55 653/467/55
f 717/468/55 716/469/55 633/470/55
f 632/471/55 717/468/55 633/470/55
f 684/472/55 653/467/55 685/473/55
f 686/459/55 685/473/55 653/467/55
f 699/460/55 686/459/55 653/467/55
f 700/474/55 699/460/55 653/467/55
f 653/467/55 701/466/55 700/474/55
f 717/468/55 632/471/55 718/475/55
f 632/471/55 631/476/55 718/475/55
f 719/461/55 718/475/55 631/476/55
f 630/132/55 719/461/55 631/476/55
f 660/477/55 659/478/55 680/479/55
f 677/480/55 676/481/55 678/482/55
f 676/481/55 675/483/55 678/482/55
f 675/483/55 674/484/55 678/482/55
f 674/484/55 673/485/55 678/482/55
f 673/485/55 672/486/55 678/482/55
f 672/486/55 671/487/55 678/482/55
f 671/487/55 670/488/55 678/482/55
f 670/488/55 669/489/55 678/482/55
f 669/489/55 668/490/55 678/482/55
f 668/490/55 667/491/55 678/482/55
f 667/491/55 666/492/55 678/482/55
f 678/482/55 666/492/55 679/493/55
f 666/492/55 665/494/55 679/493/55
f 665/494/55 664/495/55 679/493/55
f 664/495/55 663/496/55 679/493/55
f 663/496/55 662/497/55 679/493/55
f 662/497/55 661/315/55 679/493/55
f 680/479/55 679/493/55 661/315/55
f 660/477/55 680/479/55 661/315/55
f 641/498/55 640/499/55 709/500/55
f 680/479/55 659/478/55 681/501/55
f 659/478/55 658/502/55 681/501/55
f 658/502/55 657/503/55 681/501/55
f 682/504/55 681/501/55 657/503/55
f 657/503/55 656/505/55 682/504/55
f 656/505/55 655/506/55 682/504/55
f 683/507/55 682/504/55 655/506/55
f 655/506/55 654/508/55 683/507/55
f 684/472/55 683/507/55 654/508/55
f 653/467/55 684/472/55 654/508/55
f 702/465/55 653/467/55 652/509/55
f 652/509/55 651/510/55 702/465/55
f 703/511/55 702/465/55 651/510/55
f 651/510/55 650/512/55 703/511/55
f 650/512/55 649/513/55 703/511/55
f 704/514/55 703/511/55 649/513/55
f 649/513/55 648/515/55 704/514/55
f 705/516/55 704/514/55 648/515/55
f 648/515/55 647/517/55 705/516/55
f 647/517/55 646/518/55 705/516/55
f 706/519/55 705/516/55 646/518/55
f 646/518/55 645/520/55 706/519/55
f 645/520/55 644/521/55 706/519/55
f 707/522/55 706/519/55 644/521/55
f 644/521/55 643/523/55 707/522/55
f 708/524/55 707/522/55 643/523/55
f 643/523/55 642/525/55 708/524/55
f 642/525/55 641/498/55 708/524/55
f 641/498/55 709/500/55 708/524/55
f 709/500/55 640/499/55 710/526/55
f 640/499/55 639/527/55 710/526/55
f 711/528/55 710/526/55 639/527/55
f 639/527/55 638/529/55 711/528/55
f 712/530/55 711/528/55 638/529/55
f 638/529/55 637/531/55 712/530/55
f 713/532/55 712/530/55 637/531/55
f 637/531/55 636/533/55 713/532/55
f 714/534/55 713/532/55 636/533/55
f 636/533/55 635/535/55 714/534/55
f 715/536/55 714/534/55 635/535/55
f 635/535/55 634/537/55 715/536/55
f 716/469/55 715/536/55 634/537/55
f 633/470/55 716/469/55 634/537/55
f 732/127/56 728/129/56 729/128/56
f 733/130/56 728/129/56 732/127/56
f 728/129/56 733/130/56 725/131/56
f 725/131/56 733/130/56 724/132/56
f 729/128/56 731/133/56 732/127/56
f 731/133/56 729/128/56 730/134/56
f 725/131/56 727/135/56 728/129/56
f 727/135/56 725/131/56 726/136/56
f 735/137/56 724/132/56 734/138/56
f 733/130/56 734/138/56 724/132/56
f 799/139/56 795/141/56 798/140/56
f 798/140/56 795/141/56 797/142/56
f 796/143/56 797/142/56 795/141/56
f 792/144/56 802/134/56 791/128/56
f 792/144/56 793/145/56 802/134/56
f 802/134/56 793/145/56 801/146/56
f 794/147/56 801/146/56 793/145/56
f 801/146/56 794/147/56 800/148/56
f 795/141/56 800/148/56 794/147/56
f 799/139/56 800/148/56 795/141/56
f 831/149/56 760/151/56 830/150/56
f 832/152/56 760/151/56 831/149/56
f 760/151/56 832/152/56 759/153/56
f 833/154/56 759/153/56 832/152/56
f 759/153/56 833/154/56 758/136/56
f 834/155/56 758/136/56 833/154/56
f 758/136/56 834/155/56 757/156/56
f 835/130/56 757/156/56 834/155/56
f 787/157/56 788/159/56 805/158/56
f 785/160/56 786/162/56 807/161/56
f 807/161/56 786/162/56 806/163/56
f 783/164/56 784/166/56 808/165/56
f 843/167/56 748/169/56 749/168/56
f 807/161/56 784/166/56 785/160/56
f 784/166/56 807/161/56 808/165/56
f 842/170/56 749/168/56 750/171/56
f 749/168/56 842/170/56 843/167/56
f 786/162/56 787/157/56 806/163/56
f 805/158/56 806/163/56 787/157/56
f 826/172/56 827/174/56 763/173/56
f 762/175/56 763/173/56 827/174/56
f 840/176/56 751/178/56 752/177/56
f 841/179/56 751/178/56 840/176/56
f 751/178/56 841/179/56 750/171/56
f 750/171/56 841/179/56 842/170/56
f 788/159/56 789/180/56 805/158/56
f 805/158/56 789/180/56 804/181/56
f 790/182/56 804/181/56 789/180/56
f 804/181/56 790/182/56 803/183/56
f 791/128/56 803/183/56 790/182/56
f 802/134/56 803/183/56 791/128/56
f 827/174/56 828/184/56 762/175/56
f 829/185/56 762/175/56 828/184/56
f 762/175/56 829/185/56 761/186/56
f 830/150/56 761/186/56 829/185/56
f 760/151/56 761/186/56 830/150/56
f 835/130/56 756/187/56 757/156/56
f 836/188/56 756/187/56 835/130/56
f 756/187/56 836/188/56 755/189/56
f 837/190/56 755/189/56 836/188/56
f 755/189/56 837/190/56 754/191/56
f 838/192/56 754/191/56 837/190/56
f 754/191/56 838/192/56 753/193/56
f 839/194/56 753/193/56 838/192/56
f 753/193/56 839/194/56 752/177/56
f 752/177/56 839/194/56 840/176/56
f 746/195/56 747/131/56 844/196/56
f 745/197/56 845/198/56 846/138/56
f 744/199/56 745/197/56 847/200/56
f 846/138/56 847/200/56 745/197/56
f 810/201/56 782/203/56 809/202/56
f 745/197/56 746/195/56 845/198/56
f 844/196/56 845/198/56 746/195/56
f 848/204/56 849/206/56 743/205/56
f 810/201/56 781/207/56 782/203/56
f 811/208/56 781/207/56 810/201/56
f 781/207/56 811/208/56 780/129/56
f 780/129/56 811/208/56 812/209/56
f 765/210/56 766/211/56 824/127/56
f 743/205/56 744/199/56 848/204/56
f 847/200/56 848/204/56 744/199/56
f 736/132/56 856/212/56 857/137/56
f 737/213/56 856/212/56 736/132/56
f 775/214/56 817/216/56 774/215/56
f 818/217/56 774/215/56 817/216/56
f 774/215/56 818/217/56 773/218/56
f 819/219/56 773/218/56 818/217/56
f 773/218/56 819/219/56 772/220/56
f 820/221/56 772/220/56 819/219/56
f 772/220/56 820/221/56 771/222/56
f 821/223/56 771/222/56 820/221/56
f 771/222/56 821/223/56 770/224/56
f 770/224/56 821/223/56 769/135/56
f 737/213/56 738/225/56 856/212/56
f 739/226/56 856/212/56 738/225/56
f 856/212/56 739/226/56 855/227/56
f 855/227/56 739/226/56 854/228/56
f 740/229/56 854/228/56 739/226/56
f 853/230/56 854/228/56 740/229/56
f 812/209/56 779/231/56 780/129/56
f 813/133/56 779/231/56 812/209/56
f 779/231/56 813/133/56 778/232/56
f 814/233/56 778/232/56 813/133/56
f 778/232/56 814/233/56 777/234/56
f 815/235/56 777/234/56 814/233/56
f 777/234/56 815/235/56 776/236/56
f 816/237/56 776/236/56 815/235/56
f 776/236/56 816/237/56 775/214/56
f 775/214/56 816/237/56 817/216/56
f 821/223/56 822/238/56 769/135/56
f 769/135/56 822/238/56 768/239/56
f 823/240/56 768/239/56 822/238/56
f 768/239/56 823/240/56 767/241/56
f 824/127/56 767/241/56 823/240/56
f 766/211/56 767/241/56 824/127/56
f 740/229/56 741/242/56 853/230/56
f 853/230/56 741/242/56 852/243/56
f 852/243/56 741/242/56 851/244/56
f 742/245/56 851/244/56 741/242/56
f 851/244/56 742/245/56 850/246/56
f 743/205/56 850/246/56 742/245/56
f 849/206/56 850/246/56 743/205/56
f 782/203/56 783/164/56 809/202/56
f 808/165/56 809/202/56 783/164/56
f 824/127/56 825/247/56 765/210/56
f 765/210/56 825/247/56 764/248/56
f 826/172/56 764/248/56 825/247/56
f 763/173/56 764/248/56 826/172/56
f 843/167/56 747/131/56 748/169/56
f 747/131/56 843/167/56 844/196/56
f 862/249/56 860/251/56 861/250/56
f 860/251/56 862/249/56 868/137/56
f 868/137/56 862/249/56 863/252/56
f 864/253/56 866/255/56 867/254/56
f 859/256/56 865/257/56 858/132/56
f 859/256/56 866/255/56 865/257/56
f 864/253/56 865/257/56 866/255/56
f 859/256/56 860/251/56 866/255/56
f 868/137/56 866/255/56 860/251/56
f 863/252/56 867/254/56 868/137/56
f 867/254/56 863/252/56 864/253/56
f 919/258/56 973/259/56 974/137/56
f 920/260/56 973/259/56 919/258/56
f 973/259/56 920/260/56 947/261/56
f 947/261/56 920/260/56 946/262/56
f 922/263/56 972/265/56 921/264/56
f 972/265/56 922/263/56 923/266/56
f 944/267/56 945/268/56 869/132/56
f 972/265/56 973/259/56 921/264/56
f 947/261/56 921/264/56 973/259/56
f 945/268/56 946/262/56 869/132/56
f 920/260/56 869/132/56 946/262/56
f 948/269/56 949/271/56 918/270/56
f 924/272/56 925/274/56 971/273/56
f 942/275/56 943/277/56 871/276/56
f 870/278/56 871/276/56 943/277/56
f 974/137/56 918/270/56 919/258/56
f 918/270/56 974/137/56 948/269/56
f 971/273/56 972/265/56 924/272/56
f 923/266/56 924/272/56 972/265/56
f 943/277/56 944/267/56 870/278/56
f 869/132/56 870/278/56 944/267/56
f 950/279/56 916/281/56 917/280/56
f 951/282/56 916/281/56 950/279/56
f 968/283/56 969/285/56 894/284/56
f 893/286/56 927/288/56 892/287/56
f 928/289/56 892/287/56 927/288/56
f 949/271/56 917/280/56 918/270/56
f 917/280/56 949/271/56 950/279/56
f 969/285/56 970/290/56 894/284/56
f 971/273/56 894/284/56 970/290/56
f 925/274/56 894/284/56 971/273/56
f 894/284/56 925/274/56 893/286/56
f 926/291/56 893/286/56 925/274/56
f 893/286/56 926/291/56 927/288/56
f 940/292/56 941/294/56 873/293/56
f 873/293/56 941/294/56 872/295/56
f 942/275/56 872/295/56 941/294/56
f 871/276/56 872/295/56 942/275/56
f 896/296/56 897/298/56 966/297/56
f 953/255/56 913/300/56 914/299/56
f 954/301/56 913/300/56 953/255/56
f 913/300/56 954/301/56 912/302/56
f 955/303/56 912/302/56 954/301/56
f 912/302/56 955/303/56 911/249/56
f 956/304/56 911/249/56 955/303/56
f 911/249/56 956/304/56 910/305/56
f 957/306/56 910/305/56 956/304/56
f 910/305/56 957/306/56 909/307/56
f 909/307/56 957/306/56 908/308/56
f 958/309/56 908/308/56 957/306/56
f 908/308/56 958/309/56 907/310/56
f 959/311/56 907/310/56 958/309/56
f 907/310/56 959/311/56 906/312/56
f 960/313/56 906/312/56 959/311/56
f 906/312/56 960/313/56 905/314/56
f 905/314/56 960/313/56 904/315/56
f 961/316/56 904/315/56 960/313/56
f 904/315/56 961/316/56 903/317/56
f 962/318/56 903/317/56 961/316/56
f 903/317/56 962/318/56 902/319/56
f 963/320/56 902/319/56 962/318/56
f 902/319/56 963/320/56 901/321/56
f 901/321/56 963/320/56 900/322/56
f 964/323/56 900/322/56 963/320/56
f 900/322/56 964/323/56 899/324/56
f 965/325/56 899/324/56 964/323/56
f 899/324/56 965/325/56 898/326/56
f 966/297/56 898/326/56 965/325/56
f 897/298/56 898/326/56 966/297/56
f 951/282/56 915/327/56 916/281/56
f 952/328/56 915/327/56 951/282/56
f 915/327/56 952/328/56 914/299/56
f 914/299/56 952/328/56 953/255/56
f 966/297/56 967/329/56 896/296/56
f 896/296/56 967/329/56 895/330/56
f 968/283/56 895/330/56 967/329/56
f 894/284/56 895/330/56 968/283/56
f 928/289/56 891/331/56 892/287/56
f 929/332/56 891/331/56 928/289/56
f 891/331/56 929/332/56 890/251/56
f 890/251/56 929/332/56 889/333/56
f 930/334/56 889/333/56 929/332/56
f 889/333/56 930/334/56 888/335/56
f 888/335/56 930/334/56 887/336/56
f 931/337/56 887/336/56 930/334/56
f 887/336/56 931/337/56 886/338/56
f 886/338/56 931/337/56 885/339/56
f 932/253/56 885/339/56 931/337/56
f 885/339/56 932/253/56 884/340/56
f 884/340/56 932/253/56 883/341/56
f 933/342/56 883/341/56 932/253/56
f 883/341/56 933/342/56 882/343/56
f 882/343/56 933/342/56 881/344/56
f 934/345/56 881/344/56 933/342/56
f 881/344/56 934/345/56 880/346/56
f 935/347/56 880/346/56 934/345/56
f 880/346/56 935/347/56 879/348/56
f 936/349/56 879/348/56 935/347/56
f 879/348/56 936/349/56 878/350/56
f 878/350/56 936/349/56 877/351/56
f 937/352/56 877/351/56 936/349/56
f 877/351/56 937/352/56 876/353/56
f 938/354/56 876/353/56 937/352/56
f 876/353/56 938/354/56 875/355/56
f 939/356/56 875/355/56 938/354/56
f 875/355/56 939/356/56 874/357/56
f 940/292/56 874/357/56 939/356/56
f 873/293/56 874/357/56 940/292/56
f 980/267/56 978/299/56 979/332/56
f 982/137/56 975/132/56 981/311/56
f 978/299/56 976/340/56 977/324/56
f 976/340/56 978/299/56 975/132/56
f 975/132/56 978/299/56 981/311/56
f 980/267/56 981/311/56 978/299/56
f 1014/358/56 1070/360/56 1013/359/56
f 1070/360/56 1014/358/56 1069/361/56
f 1015/362/56 1069/361/56 1014/358/56
f 1069/361/56 1015/362/56 1068/363/56
f 1016/364/56 1068/363/56 1015/362/56
f 1068/363/56 1016/364/56 1067/365/56
f 1017/366/56 1067/365/56 1016/364/56
f 1067/365/56 1017/366/56 1066/367/56
f 1018/368/56 1066/367/56 1017/366/56
f 1019/369/56 1066/367/56 1018/368/56
f 1066/367/56 1019/369/56 1065/370/56
f 1020/371/56 1065/370/56 1019/369/56
f 1065/370/56 1020/371/56 1064/372/56
f 1021/249/56 1064/372/56 1020/371/56
f 1064/372/56 1021/249/56 1063/373/56
f 1022/374/56 1063/373/56 1021/249/56
f 1063/373/56 1022/374/56 1062/375/56
f 1023/376/56 1062/375/56 1022/374/56
f 1009/377/56 1010/379/56 1074/378/56
f 1074/378/56 1010/379/56 1073/380/56
f 1059/255/56 1026/382/56 1058/381/56
f 1058/381/56 1026/382/56 1027/383/56
f 1075/384/56 1076/386/56 1008/385/56
f 1056/387/56 1057/389/56 1028/388/56
f 1077/390/56 1078/137/56 1006/391/56
f 1006/391/56 1007/392/56 1077/390/56
f 1076/386/56 1007/392/56 1008/385/56
f 1007/392/56 1076/386/56 1077/390/56
f 1055/393/56 1056/387/56 1029/394/56
f 1028/388/56 1029/394/56 1056/387/56
f 1008/385/56 1009/377/56 1075/384/56
f 1074/378/56 1075/384/56 1009/377/56
f 1027/383/56 1057/389/56 1058/381/56
f 1057/389/56 1027/383/56 1028/388/56
f 1010/379/56 1011/395/56 1073/380/56
f 1073/380/56 1011/395/56 1072/396/56
f 1012/397/56 1072/396/56 1011/395/56
f 1072/396/56 1012/397/56 1071/398/56
f 1013/359/56 1071/398/56 1012/397/56
f 1070/360/56 1071/398/56 1013/359/56
f 1023/376/56 1061/399/56 1062/375/56
f 1024/400/56 1061/399/56 1023/376/56
f 1061/399/56 1024/400/56 1060/401/56
f 1025/402/56 1060/401/56 1024/400/56
f 1060/401/56 1025/402/56 1059/255/56
f 1059/255/56 1025/402/56 1026/382/56
f 1030/403/56 1053/405/56 1054/404/56
f 1053/405/56 1030/403/56 983/132/56
f 1004/406/56 1032/408/56 1033/407/56
f 984/409/56 1051/411/56 1052/410/56
f 1004/406/56 1005/412/56 1032/408/56
f 1031/413/56 1032/408/56 1005/412/56
f 983/132/56 1052/410/56 1053/405/56
f 1052/410/56 983/132/56 984/409/56
f 1034/414/56 1002/251/56 1003/415/56
f 1035/416/56 1002/251/56 1034/414/56
f 1050/417/56 986/419/56 1049/418/56
f 985/420/56 986/419/56 1050/417/56
f 1033/407/56 1003/415/56 1004/406/56
f 1003/415/56 1033/407/56 1034/414/56
f 1050/417/56 1051/411/56 985/420/56
f 984/409/56 985/420/56 1051/411/56
f 999/421/56 1038/423/56 998/422/56
f 1039/424/56 998/422/56 1038/423/56
f 998/422/56 1039/424/56 997/425/56
f 1040/253/56 997/425/56 1039/424/56
f 997/425/56 1040/253/56 996/426/56
f 1041/427/56 996/426/56 1040/253/56
f 996/426/56 1041/427/56 995/428/56
f 1042/429/56 995/428/56 1041/427/56
f 995/428/56 1042/429/56 994/430/56
f 994/430/56 1042/429/56 993/431/56
f 1043/432/56 993/431/56 1042/429/56
f 993/431/56 1043/432/56 992/433/56
f 1044/434/56 992/433/56 1043/432/56
f 992/433/56 1044/434/56 991/435/56
f 1045/436/56 991/435/56 1044/434/56
f 991/435/56 1045/436/56 990/437/56
f 1046/438/56 990/437/56 1045/436/56
f 990/437/56 1046/438/56 989/439/56
f 1035/416/56 1001/440/56 1002/251/56
f 1036/441/56 1001/440/56 1035/416/56
f 1001/440/56 1036/441/56 1000/442/56
f 1037/443/56 1000/442/56 1036/441/56
f 1000/442/56 1037/443/56 999/421/56
f 999/421/56 1037/443/56 1038/423/56
f 1046/438/56 1047/444/56 989/439/56
f 989/439/56 1047/444/56 988/445/56
f 1048/446/56 988/445/56 1047/444/56
f 988/445/56 1048/446/56 987/447/56
f 1049/418/56 987/447/56 1048/446/56
f 986/419/56 987/447/56 1049/418/56
f 1005/412/56 1006/391/56 1031/413/56
f 1078/137/56 1031/413/56 1006/391/56
f 1054/404/56 1055/393/56 1030/403/56
f 1029/394/56 1030/403/56 1055/393/56
f 1129/258/56 1183/259/56 1184/137/56
f 1130/260/56 1183/259/56 1129/258/56
f 1183/259/56 1130/260/56 1157/261/56
f 1157/261/56 1130/260/56 1156/262/56
f 1132/263/56 1182/265/56 1131/264/56
f 1182/265/56 1132/263/56 1133/266/56
f 1154/267/56 1155/268/56 1079/132/56
f 1182/265/56 1183/259/56 1131/264/56
f 1157/261/56 1131/264/56 1183/259/56
f 1155/268/56 1156/262/56 1079/132/56
f 1130/260/56 1079/132/56 1156/262/56
f 1158/269/56 1159/271/56 1128/270/56
f 1134/272/56 1135/274/56 1181/273/56
f 1152/275/56 1153/277/56 1081/276/56
f 1080/278/56 1081/276/56 1153/277/56
f 1184/137/56 1128/270/56 1129/258/56
f 1128/270/56 1184/137/56 1158/269/56
f 1181/273/56 1182/265/56 1134/272/56
f 1133/266/56 1134/272/56 1182/265/56
f 1153/277/56 1154/267/56 1080/278/56
f 1079/132/56 1080/278/56 1154/267/56
f 1160/279/56 1126/281/56 1127/280/56
f 1161/282/56 1126/281/56 1160/279/56
f 1178/283/56 1179/285/56 1104/284/56
f 1103/286/56 1137/288/56 1102/287/56
f 1138/289/56 1102/287/56 1137/288/56
f 1159/271/56 1127/280/56 1128/270/56
f 1127/280/56 1159/271/56 1160/279/56
f 1179/285/56 1180/290/56 1104/284/56
f 1181/273/56 1104/284/56 1180/290/56
f 1135/274/56 1104/284/56 1181/273/56
f 1104/284/56 1135/274/56 1103/286/56
f 1136/291/56 1103/286/56 1135/274/56
f 1103/286/56 1136/291/56 1137/288/56
f 1150/292/56 1151/294/56 1083/293/56
f 1083/293/56 1151/294/56 1082/295/56
f 1152/275/56 1082/295/56 1151/294/56
f 1081/276/56 1082/295/56 1152/275/56
f 1106/296/56 1107/298/56 1176/297/56
f 1163/255/56 1123/300/56 1124/299/56
f 1164/301/56 1123/300/56 1163/255/56
f 1123/300/56 1164/301/56 1122/302/56
f 1165/303/56 1122/302/56 1164/301/56
f 1122/302/56 1165/303/56 1121/249/56
f 1166/304/56 1121/249/56 1165/303/56
f 1121/249/56 1166/304/56 1120/305/56
f 1167/306/56 1120/305/56 1166/304/56
f 1120/305/56 1167/306/56 1119/307/56
f 1119/307/56 1167/306/56 1118/308/56
f 1168/309/56 1118/308/56 1167/306/56
f 1118/308/56 1168/309/56 1117/310/56
f 1169/311/56 1117/310/56 1168/309/56
f 1117/310/56 1169/311/56 1116/312/56
f 1170/313/56 1116/312/56 1169/311/56
f 1116/312/56 1170/313/56 1115/314/56
f 1115/314/56 1170/313/56 1114/315/56
f 1171/316/56 1114/315/56 1170/313/56
f 1114/315/56 1171/316/56 1113/317/56
f 1172/318/56 1113/317/56 1171/316/56
f 1113/317/56 1172/318/56 1112/319/56
f 1173/320/56 1112/319/56 1172/318/56
f 1112/319/56 1173/320/56 1111/321/56
f 1111/321/56 1173/320/56 1110/322/56
f 1174/323/56 1110/322/56 1173/320/56
f 1110/322/56 1174/323/56 1109/324/56
f 1175/325/56 1109/324/56 1174/323/56
f 1109/324/56 1175/325/56 1108/326/56
f 1176/297/56 1108/326/56 1175/325/56
f 1107/298/56 1108/326/56 1176/297/56
f 1161/282/56 1125/327/56 1126/281/56
f 1162/328/56 1125/327/56 1161/282/56
f 1125/327/56 1162/328/56 1124/299/56
f 1124/299/56 1162/328/56 1163/255/56
f 1176/297/56 1177/329/56 1106/296/56
f 1106/296/56 1177/329/56 1105/330/56
f 1178/283/56 1105/330/56 1177/329/56
f 1104/284/56 1105/330/56 1178/283/56
f 1138/289/56 1101/331/56 1102/287/56
f 1139/332/56 1101/331/56 1138/289/56
f 1101/331/56 1139/332/56 1100/251/56
f 1100/251/56 1139/332/56 1099/333/56
f 1140/334/56 1099/333/56 1139/332/56
f 1099/333/56 1140/334/56 1098/335/56
f 1098/335/56 1140/334/56 1097/336/56
f 1141/337/56 1097/336/56 1140/334/56
f 1097/336/56 1141/337/56 1096/338/56
f 1096/338/56 1141/337/56 1095/339/56
f 1142/253/56 1095/339/56 1141/337/56
f 1095/339/56 1142/253/56 1094/340/56
f 1094/340/56 1142/253/56 1093/341/56
f 1143/342/56 1093/341/56 1142/253/56
f 1093/341/56 1143/342/56 1092/343/56
f 1092/343/56 1143/342/56 1091/344/56
f 1144/345/56 1091/344/56 1143/342/56
f 1091/344/56 1144/345/56 1090/346/56
f 1145/347/56 1090/346/56 1144/345/56
f 1090/346/56 1145/347/56 1089/348/56
f 1146/349/56 1089/348/56 1145/347/56
f 1089/348/56 1146/349/56 1088/350/56
f 1088/350/56 1146/349/56 1087/351/56
f 1147/352/56 1087/351/56 1146/349/56
f 1087/351/56 1147/352/56 1086/353/56
f 1148/354/56 1086/353/56 1147/352/56
f 1086/353/56 1148/354/56 1085/355/56
f 1149/356/56 1085/355/56 1148/354/56
f 1085/355/56 1149/356/56 1084/357/56
f 1150/292/56 1084/357/56 1149/356/56
f 1083/293/56 1084/357/56 1150/292/56
f 1216/358/56 1272/360/56 1215/359/56
f 1272/360/56 1216/358/56 1271/361/56
f 1217/362/56 1271/361/56 1216/358/56
f 1271/361/56 1217/362/56 1270/363/56
f 1218/364/56 1270/363/56 1217/362/56
f 1270/363/56 1218/364/56 1269/365/56
f 1219/366/56 1269/365/56 1218/364/56
f 1269/365/56 1219/366/56 1268/367/56
f 1220/368/56 1268/367/56 1219/366/56
f 1221/369/56 1268/367/56 1220/368/56
f 1268/367/56 1221/369/56 1267/370/56
f 1222/371/56 1267/370/56 1221/369/56
f 1267/370/56 1222/371/56 1266/372/56
f 1223/249/56 1266/372/56 1222/371/56
f 1266/372/56 1223/249/56 1265/373/56
f 1224/374/56 1265/373/56 1223/249/56
f 1265/373/56 1224/374/56 1264/375/56
f 1225/376/56 1264/375/56 1224/374/56
f 1211/377/56 1212/379/56 1276/378/56
f 1276/378/56 1212/379/56 1275/380/56
f 1261/255/56 1228/382/56 1260/381/56
f 1260/381/56 1228/382/56 1229/383/56
f 1277/384/56 1278/386/56 1210/385/56
f 1258/387/56 1259/389/56 1230/388/56
f 1279/390/56 1208/391/56 1209/392/56
f 1208/391/56 1279/390/56 1280/137/56
f 1278/386/56 1209/392/56 1210/385/56
f 1209/392/56 1278/386/56 1279/390/56
f 1257/393/56 1258/387/56 1231/394/56
f 1230/388/56 1231/394/56 1258/387/56
f 1210/385/56 1211/377/56 1277/384/56
f 1276/378/56 1277/384/56 1211/377/56
f 1229/383/56 1259/389/56 1260/381/56
f 1259/389/56 1229/383/56 1230/388/56
f 1212/379/56 1213/395/56 1275/380/56
f 1275/380/56 1213/395/56 1274/396/56
f 1214/397/56 1274/396/56 1213/395/56
f 1274/396/56 1214/397/56 1273/398/56
f 1215/359/56 1273/398/56 1214/397/56
f 1272/360/56 1273/398/56 1215/359/56
f 1225/376/56 1263/399/56 1264/375/56
f 1226/400/56 1263/399/56 1225/376/56
f 1263/399/56 1226/400/56 1262/401/56
f 1227/402/56 1262/401/56 1226/400/56
f 1262/401/56 1227/402/56 1261/255/56
f 1261/255/56 1227/402/56 1228/382/56
f 1232/403/56 1255/405/56 1256/404/56
f 1232/403/56 1185/132/56 1255/405/56
f 1206/406/56 1234/408/56 1235/407/56
f 1186/409/56 1253/411/56 1254/410/56
f 1206/406/56 1207/412/56 1234/408/56
f 1233/413/56 1234/408/56 1207/412/56
f 1185/132/56 1254/410/56 1255/405/56
f 1254/410/56 1185/132/56 1186/409/56
f 1236/414/56 1204/251/56 1205/415/56
f 1237/416/56 1204/251/56 1236/414/56
f 1252/417/56 1188/419/56 1251/418/56
f 1187/420/56 1188/419/56 1252/417/56
f 1235/407/56 1205/415/56 1206/406/56
f 1205/415/56 1235/407/56 1236/414/56
f 1252/417/56 1253/411/56 1187/420/56
f 1186/409/56 1187/420/56 1253/411/56
f 1201/421/56 1240/423/56 1200/422/56
f 1241/424/56 1200/422/56 1240/423/56
f 1200/422/56 1241/424/56 1199/425/56
f 1242/253/56 1199/425/56 1241/424/56
f 1199/425/56 1242/253/56 1198/426/56
f 1243/427/56 1198/426/56 1242/253/56
f 1198/426/56 1243/427/56 1197/428/56
f 1244/429/56 1197/428/56 1243/427/56
f 1197/428/56 1244/429/56 1196/430/56
f 1196/430/56 1244/429/56 1195/431/56
f 1245/432/56 1195/431/56 1244/429/56
f 1195/431/56 1245/432/56 1194/433/56
f 1246/434/56 1194/433/56 1245/432/56
f 1194/433/56 1246/434/56 1193/435/56
f 1247/436/56 1193/435/56 1246/434/56
f 1193/435/56 1247/436/56 1192/437/56
f 1248/438/56 1192/437/56 1247/436/56
f 1192/437/56 1248/438/56 1191/439/56
f 1237/416/56 1203/440/56 1204/251/56
f 1238/441/56 1203/440/56 1237/416/56
f 1203/440/56 1238/441/56 1202/442/56
f 1239/443/56 1202/442/56 1238/441/56
f 1202/442/56 1239/443/56 1201/421/56
f 1201/421/56 1239/443/56 1240/423/56
f 1248/438/56 1249/444/56 1191/439/56
f 1191/439/56 1249/444/56 1190/445/56
f 1250/446/56 1190/445/56 1249/444/56
f 1190/445/56 1250/446/56 1189/447/56
f 1251/418/56 1189/447/56 1250/446/56
f 1188/419/56 1189/447/56 1251/418/56
f 1207/412/56 1208/391/56 1233/413/56
f 1280/137/56 1233/413/56 1208/391/56
f 1256/404/56 1257/393/56 1232/403/56
f 1231/394/56 1232/403/56 1257/393/56
f 1344/448/56 1345/449/56 1343/356/56
f 1343/356/56 1345/449/56 1374/137/56
f 1346/450/56 1374/137/56 1345/449/56
f 1340/451/56 1341/453/56 1348/452/56
f 1342/454/56 1348/452/56 1341/453/56
f 1374/137/56 1342/454/56 1343/356/56
f 1342/454/56 1374/137/56 1348/452/56
f 1346/450/56 1373/455/56 1374/137/56
f 1338/456/56 1339/458/56 1349/457/56
f 1338/456/56 1350/460/56 1337/459/56
f 1349/457/56 1350/460/56 1338/456/56
f 1370/461/56 1371/462/56 1281/132/56
f 1347/463/56 1281/132/56 1371/462/56
f 1339/458/56 1340/451/56 1349/457/56
f 1348/452/56 1349/457/56 1340/451/56
f 1371/462/56 1372/464/56 1347/463/56
f 1373/455/56 1347/463/56 1372/464/56
f 1346/450/56 1347/463/56 1373/455/56
f 1353/465/56 1304/467/56 1352/466/56
f 1368/468/56 1284/470/56 1367/469/56
f 1283/471/56 1284/470/56 1368/468/56
f 1335/472/56 1336/473/56 1304/467/56
f 1337/459/56 1304/467/56 1336/473/56
f 1350/460/56 1304/467/56 1337/459/56
f 1351/474/56 1304/467/56 1350/460/56
f 1304/467/56 1351/474/56 1352/466/56
f 1368/468/56 1369/475/56 1283/471/56
f 1283/471/56 1369/475/56 1282/476/56
f 1370/461/56 1282/476/56 1369/475/56
f 1281/132/56 1282/476/56 1370/461/56
f 1311/477/56 1331/479/56 1310/478/56
f 1328/480/56 1329/482/56 1327/481/56
f 1327/481/56 1329/482/56 1326/483/56
f 1326/483/56 1329/482/56 1325/484/56
f 1325/484/56 1329/482/56 1324/485/56
f 1324/485/56 1329/482/56 1323/486/56
f 1323/486/56 1329/482/56 1322/487/56
f 1322/487/56 1329/482/56 1321/488/56
f 1321/488/56 1329/482/56 1320/489/56
f 1320/489/56 1329/482/56 1319/490/56
f 1319/490/56 1329/482/56 1318/491/56
f 1318/491/56 1329/482/56 1317/492/56
f 1329/482/56 1330/493/56 1317/492/56
f 1317/492/56 1330/493/56 1316/494/56
f 1316/494/56 1330/493/56 1315/495/56
f 1315/495/56 1330/493/56 1314/496/56
f 1314/496/56 1330/493/56 1313/497/56
f 1313/497/56 1330/493/56 1312/315/56
f 1331/479/56 1312/315/56 1330/493/56
f 1311/477/56 1312/315/56 1331/479/56
f 1292/498/56 1360/500/56 1291/499/56
f 1331/479/56 1332/501/56 1310/478/56
f 1310/478/56 1332/501/56 1309/502/56
f 1309/502/56 1332/501/56 1308/503/56
f 1333/504/56 1308/503/56 1332/501/56
f 1308/503/56 1333/504/56 1307/505/56
f 1307/505/56 1333/504/56 1306/506/56
f 1334/507/56 1306/506/56 1333/504/56
f 1306/506/56 1334/507/56 1305/508/56
f 1335/472/56 1305/508/56 1334/507/56
f 1304/467/56 1305/508/56 1335/472/56
f 1353/465/56 1303/509/56 1304/467/56
f 1303/509/56 1353/465/56 1302/510/56
f 1354/511/56 1302/510/56 1353/465/56
f 1302/510/56 1354/511/56 1301/512/56
f 1301/512/56 1354/511/56 1300/513/56
f 1355/514/56 1300/513/56 1354/511/56
f 1300/513/56 1355/514/56 1299/515/56
f 1356/516/56 1299/515/56 1355/514/56
f 1299/515/56 1356/516/56 1298/517/56
f 1298/517/56 1356/516/56 1297/518/56
f 1357/519/56 1297/518/56 1356/516/56
f 1297/518/56 1357/519/56 1296/520/56
f 1296/520/56 1357/519/56 1295/521/56
f 1358/522/56 1295/521/56 1357/519/56
f 1295/521/56 1358/522/56 1294/523/56
f 1359/524/56 1294/523/56 1358/522/56
f 1294/523/56 1359/524/56 1293/525/56
f 1293/525/56 1359/524/56 1292/498/56
f 1292/498/56 1359/524/56 1360/500/56
f 1360/500/56 1361/526/56 1291/499/56
f 1291/499/56 1361/526/56 1290/527/56
f 1362/528/56 1290/527/56 1361/526/56
f 1290/527/56 1362/528/56 1289/529/56
f 1363/530/56 1289/529/56 1362/528/56
f 1289/529/56 1363/530/56 1288/531/56
f 1364/532/56 1288/531/56 1363/530/56
f 1288/531/56 1364/532/56 1287/533/56
f 1365/534/56 1287/533/56 1364/532/56
f 1287/533/56 1365/534/56 1286/535/56
f 1366/536/56 1286/535/56 1365/534/56
f 1286/535/56 1366/536/56 1285/537/56
f 1367/469/56 1285/537/56 1366/536/56
f 1284/470/56 1285/537/56 1367/469/56
s 1
f 1376/538/57 1378/539/58 1377/540/58 1375/132/57
f 1378/539/58 1380/541/59 1379/542/59 1377/540/58
f 1380/541/59 1382/543/60 1381/544/60 1379/542/59
f 1382/543/60 1384/545/61 1383/546/61 1381/544/60
f 1384/545/61 1386/547/62 1385/548/62 1383/546/61
f 1386/547/62 1388/549/63 1387/550/63 1385/548/62
f 1388/549/63 1390/551/64 1389/552/64 1387/550/63
f 1390/551/64 1392/553/65 1391/554/65 1389/552/64
f 1392/553/65 1394/555/66 1393/556/66 1391/554/65
f 1394/555/66 1396/557/67 1395/558/67 1393/556/66
f 1396/557/67 1398/559/68 1397/560/68 1395/558/67
f 1398/559/68 1400/561/69 1399/562/69 1397/560/68
f 1400/561/69 1402/563/70 1401/564/70 1399/562/69
f 1402/563/70 1404/565/71 1403/566/71 1401/564/70
f 1404/565/71 1406/567/72 1405/568/72 1403/566/71
f 1406/567/72 1408/569/73 1407/570/73 1405/568/72
f 1408/569/73 1410/571/74 1409/572/74 1407/570/73
f 1410/571/74 1412/573/75 1411/574/75 1409/572/74
f 1412/573/75 1414/575/76 1413/576/76 1411/574/75
f 1414/575/76 1416/577/77 1415/578/77 1413/576/76
f 1416/577/77 1418/579/78 1417/580/78 1415/578/77
f 1418/579/78 1420/581/79 1419/582/79 1417/580/78
f 1420/581/79 1422/583/80 1421/584/80 1419/582/79
f 1422/583/80 1424/585/81 1423/586/81 1421/584/80
f 1424/585/81 1426/587/82 1425/588/82 1423/586/81
f 1426/587/82 1428/589/83 1427/590/83 1425/588/82
f 1428/589/83 1430/591/84 1429/592/84 1427/590/83
f 1430/591/84 1432/593/85 1431/594/85 1429/592/84
f 1432/593/85 1434/595/86 1433/596/86 1431/594/85
f 1434/595/86 1436/597/87 1435/598/87 1433/596/86
f 1436/597/87 1438/599/88 1437/600/88 1435/598/87
f 1438/599/88 1440/601/89 1439/602/89 1437/600/88
f 1440/601/89 1442/603/90 1441/604/90 1439/602/89
f 1442/603/90 1444/605/91 1443/606/91 1441/604/90
f 1444/605/91 1446/607/92 1445/608/92 1443/606/91
f 1446/607/92 1448/609/93 1447/610/93 1445/608/92
f 1448/609/93 1450/611/94 1449/612/94 1447/610/93
f 1450/611/94 1452/613/95 1451/614/95 1449/612/94
f 1452/613/95 1454/615/96 1453/616/96 1451/614/95
f 1454/615/96 1456/617/97 1455/618/97 1453/616/96
f 1456/617/97 1458/619/98 1457/620/98 1455/618/97
f 1458/619/98 1460/621/99 1459/622/99 1457/620/98
f 1460/621/99 1462/623/100 1461/624/100 1459/622/99
f 1462/623/100 1464/625/101 1463/626/101 1461/624/100
f 1464/625/101 1466/627/102 1465/628/102 1463/626/101
f 1466/627/102 1468/629/103 1467/630/103 1465/628/102
f 1468/629/103 1470/631/104 1469/632/104 1467/630/103
f 1470/631/104 1472/633/105 1471/634/105 1469/632/104
f 1472/633/105 1474/635/106 1473/636/106 1471/634/105
f 1474/635/106 1476/637/107 1475/638/107 1473/636/106
f 1476/637/107 1478/639/108 1477/640/108 1475/638/107
f 1478/639/108 1480/641/109 1479/642/109 1477/640/108
f 1480/641/109 1482/643/110 1481/644/110 1479/642/109
f 1482/643/110 1484/645/111 1483/646/111 1481/644/110
f 1484/645/111 1486/647/112 1485/648/112 1483/646/111
f 1486/647/112 1488/649/113 1487/650/113 1485/648/112
f 1488/649/113 1490/651/114 1489/652/114 1487/650/113
f 1490/651/114 1492/653/115 1491/654/115 1489/652/114
f 1492/653/115 1494/655/116 1493/656/116 1491/654/115
f 1494/655/116 1496/657/117 1495/658/117 1493/656/116
f 1496/657/117 1498/659/118 1497/660/118 1495/658/117
f 1498/659/118 1500/661/119 1499/662/119 1497/660/118
f 1500/661/119 1502/663/119 1501/664/119 1499/662/119
f 1502/663/119 1504/665/120 1503/666/120 1501/664/119
f 1504/665/120 1506/667/121 1505/668/121 1503/666/120
f 1506/667/121 1508/669/122 1507/670/122 1505/668/121
f 1508/669/122 1376/671/57 1375/137/57 1507/670/122
f 1510/538/123 1512/672/124 1511/673/124 1509/132/123
f 1512/672/124 1514/674/125 1513/675/125 1511/673/124
f 1514/674/125 1516/676/126 1515/677/126 1513/675/125
f 1516/676/126 1518/678/127 1517/679/127 1515/677/126
f 1518/678/127 1520/680/128 1519/681/128 1517/679/127
f 1520/680/128 1522/682/129 1521/683/129 1519/681/128
f 1522/682/129 1524/684/130 1523/685/130 1521/683/129
f 1524/684/130 1526/686/131 1525/687/131 1523/685/130
f 1526/686/131 1528/688/132 1527/315/132 1525/687/131
f 1528/688/132 1530/689/133 1529/690/133 1527/315/132
f 1530/689/133 1532/691/134 1531/692/134 1529/690/133
f 1532/691/134 1534/693/135 1533/694/135 1531/692/134
f 1534/693/135 1536/695/136 1535/696/136 1533/694/135
f 1536/695/136 1538/697/137 1537/698/137 1535/696/136
f 1538/697/137 1540/699/138 1539/700/138 1537/698/137
f 1540/699/138 1542/701/139 1541/702/139 1539/700/138
f 1542/701/139 1544/703/140 1543/704/140 1541/702/139
f 1544/703/140 1546/705/141 1545/356/141 1543/704/140
f 1546/705/141 1548/706/142 1547/707/142 1545/356/141
f 1548/706/142 1550/708/143 1549/709/143 1547/707/142
f 1550/708/143 1552/710/144 1551/711/144 1549/709/143
f 1552/710/144 1554/712/145 1553/713/145 1551/711/144
f 1554/712/145 1556/714/146 1555/715/146 1553/713/145
f 1556/714/146 1558/716/147 1557/717/147 1555/715/146
f 1558/716/147 1560/718/119 1559/719/119 1557/717/147
f 1560/718/119 1562/720/148 1561/721/148 1559/719/119
f 1562/720/148 1510/671/123 1509/137/123 1561/721/148
f 1564/538/149 1566/722/150 1565/723/150 1563/132/149
f 1566/722/150 1568/724/151 1567/725/151 1565/723/150
f 1568/724/151 1570/726/152 1569/727/152 1567/725/151
f 1570/726/152 1572/728/153 1571/729/153 1569/727/152
f 1572/728/153 1574/730/154 1573/731/154 1571/729/153
f 1574/730/154 1576/732/155 1575/733/155 1573/731/154
f 1576/732/155 1578/734/156 1577/735/156 1575/733/155
f 1578/734/156 1580/736/157 1579/737/157 1577/735/156
f 1580/736/157 1582/738/158 1581/739/158 1579/737/157
f 1582/738/158 1584/740/159 1583/741/159 1581/739/158
f 1584/740/159 1586/742/160 1585/743/160 1583/741/159
f 1586/742/160 1588/744/161 1587/745/161 1585/743/160
f 1588/744/161 1590/746/162 1589/747/162 1587/745/161
f 1590/746/162 1592/748/163 1591/749/163 1589/747/162
f 1592/748/163 1594/750/164 1593/751/164 1591/749/163
f 1594/750/164 1596/688/165 1595/315/165 1593/751/164
f 1596/688/165 1598/752/166 1597/753/166 1595/315/165
f 1598/752/166 1600/754/167 1599/755/167 1597/753/166
f 1600/754/167 1602/756/168 1601/757/168 1599/755/167
f 1602/756/168 1604/758/169 1603/759/169 1601/757/168
f 1604/758/169 1606/760/170 1605/761/170 1603/759/169
f 1606/760/170 1608/762/171 1607/763/171 1605/761/170
f 1608/762/171 1610/764/172 1609/765/172 1607/763/171
f 1610/764/172 1612/766/173 1611/252/173 1609/765/172
f 1612/766/173 1614/767/174 1613/768/174 1611/252/173
f 1614/767/174 1616/769/175 1615/770/175 1613/768/174
f 1616/769/175 1618/771/176 1617/772/176 1615/770/175
f 1618/771/176 1620/773/177 1619/774/177 1617/772/176
f 1620/773/177 1622/775/178 1621/776/178 1619/774/177
f 1622/775/178 1624/777/179 1623/778/179 1621/776/178
f 1624/777/179 1626/779/180 1625/780/180 1623/778/179
f 1626/779/180 1628/705/181 1627/356/181 1625/780/180
f 1628/705/181 1630/781/182 1629/782/182 1627/356/181
f 1630/781/182 1632/783/183 1631/784/183 1629/782/182
f 1632/783/183 1634/785/184 1633/786/184 1631/784/183
f 1634/785/184 1636/787/185 1635/788/185 1633/786/184
f 1636/787/185 1638/789/186 1637/790/186 1635/788/185
f 1638/789/186 1640/791/187 1639/792/187 1637/790/186
f 1640/791/187 1642/793/188 1641/794/188 1639/792/187
f 1642/793/188 1644/795/189 1643/796/189 1641/794/188
f 1644/795/189 1646/797/190 1645/798/190 1643/796/189
f 1646/797/190 1648/799/191 1647/800/191 1645/798/190
f 1648/799/191 1650/801/192 1649/802/192 1647/800/191
f 1650/801/192 1652/803/193 1651/804/193 1649/802/192
f 1652/803/193 1654/805/194 1653/806/194 1651/804/193
f 1654/805/194 1656/807/195 1655/808/195 1653/806/194
f 1656/807/195 1658/809/196 1657/810/196 1655/808/195
f 1658/809/196 1564/671/149 1563/137/149 1657/810/196
f 1660/538/197 1662/722/198 1661/723/198 1659/132/197
f 1662/722/198 1664/724/199 1663/725/199 1661/723/198
f 1664/724/199 1666/726/200 1665/727/200 1663/725/199
f 1666/726/200 1668/728/201 1667/729/201 1665/727/200
f 1668/728/201 1670/730/202 1669/731/202 1667/729/201
f 1670/730/202 1672/732/203 1671/733/203 1669/731/202
f 1672/732/203 1674/734/204 1673/735/204 1671/733/203
f 1674/734/204 1676/736/205 1675/737/205 1673/735/204
f 1676/736/205 1678/738/206 1677/739/206 1675/737/205
f 1678/738/206 1680/740/207 1679/741/207 1677/739/206
f 1680/740/207 1682/742/208 1681/743/208 1679/741/207
f 1682/742/208 1684/744/209 1683/745/209 1681/743/208
f 1684/744/209 1686/746/210 1685/747/210 1683/745/209
f 1686/746/210 1688/748/211 1687/749/211 1685/747/210
f 1688/748/211 1690/750/212 1689/751/212 1687/749/211
f 1690/750/212 1692/688/213 1691/315/213 1689/751/212
f 1692/688/213 1694/752/214 1693/753/214 1691/315/213
f 1694/752/214 1696/754/215 1695/755/215 1693/753/214
f 1696/754/215 1698/756/216 1697/757/216 1695/755/215
f 1698/756/216 1700/758/217 1699/759/217 1697/757/216
f 1700/758/217 1702/760/218 1701/761/218 1699/759/217
f 1702/760/218 1704/762/219 1703/763/219 1701/761/218
f 1704/762/219 1706/764/220 1705/765/220 1703/763/219
f 1706/764/220 1708/766/221 1707/252/221 1705/765/220
f 1708/766/221 1710/767/222 1709/768/222 1707/252/221
f 1710/767/222 1712/769/223 1711/770/223 1709/768/222
f 1712/769/223 1714/771/224 1713/772/224 1711/770/223
f 1714/771/224 1716/773/225 1715/774/225 1713/772/224
f 1716/773/225 1718/775/226 1717/776/226 1715/774/225
f 1718/775/226 1720/777/227 1719/778/227 1717/776/226
f 1720/777/227 1722/779/228 1721/780/228 1719/778/227
f 1722/779/228 1724/705/229 1723/356/229 1721/780/228
f 1724/705/229 1726/781/230 1725/782/230 1723/356/229
f 1726/781/230 1728/783/231 1727/784/231 1725/782/230
f 1728/783/231 1730/785/232 1729/786/232 1727/784/231
f 1730/785/232 1732/787/67 1731/788/67 1729/786/232
f 1732/787/67 1734/789/233 1733/790/233 1731/788/67
f 1734/789/233 1736/791/234 1735/792/234 1733/790/233
f 1736/791/234 1738/793/235 1737/794/235 1735/792/234
f 1738/793/235 1740/795/236 1739/796/236 1737/794/235
f 1740/795/236 1742/797/237 1741/798/237 1739/796/236
f 1742/797/237 1744/799/238 1743/800/238 1741/798/237
f 1744/799/238 1746/801/239 1745/802/239 1743/800/238
f 1746/801/239 1748/803/240 1747/804/240 1745/802/239
f 1748/803/240 1750/805/241 1749/806/241 1747/804/240
f 1750/805/241 1752/807/242 1751/808/242 1749/806/241
f 1752/807/242 1754/809/243 1753/810/243 1751/808/242
f 1754/809/243 1660/671/197 1659/137/197 1753/810/243
f 1756/538/244 1758/811/245 1757/812/245 1755/132/244
f 1758/811/245 1760/813/246 1759/814/246 1757/812/245
f 1760/813/246 1762/815/247 1761/816/247 1759/814/246
f 1762/815/247 1764/817/248 1763/818/248 1761/816/247
f 1764/817/248 1766/819/249 1765/820/249 1763/818/248
f 1766/819/249 1768/821/250 1767/822/250 1765/820/249
f 1768/821/250 1770/823/251 1769/824/251 1767/822/250
f 1770/823/251 1772/825/252 1771/826/252 1769/824/251
f 1772/825/252 1774/827/253 1773/828/253 1771/826/252
f 1774/827/253 1776/829/254 1775/830/254 1773/828/253
f 1776/829/254 1778/831/255 1777/832/255 1775/830/254
f 1778/831/255 1780/833/256 1779/834/256 1777/832/255
f 1780/833/256 1782/744/257 1781/745/257 1779/834/256
f 1782/744/257 1784/835/258 1783/836/258 1781/745/257
f 1784/835/258 1786/837/259 1785/838/259 1783/836/258
f 1786/837/259 1788/839/260 1787/840/260 1785/838/259
f 1788/839/260 1790/841/261 1789/842/261 1787/840/260
f 1790/841/261 1792/843/262 1791/844/262 1789/842/261
f 1792/843/262 1794/845/263 1793/846/263 1791/844/262
f 1794/845/263 1796/847/264 1795/848/264 1793/846/263
f 1796/847/264 1798/849/265 1797/850/265 1795/848/264
f 1798/849/265 1800/851/266 1799/852/266 1797/850/265
f 1800/851/266 1802/853/267 1801/854/267 1799/852/266
f 1802/853/267 1804/855/268 1803/856/268 1801/854/267
f 1804/855/268 1806/857/269 1805/858/269 1803/856/268
f 1806/857/269 1808/766/270 1807/252/270 1805/858/269
f 1808/766/270 1810/859/271 1809/860/271 1807/252/270
f 1810/859/271 1812/861/272 1811/862/272 1809/860/271
f 1812/861/272 1814/863/273 1813/864/273 1811/862/272
f 1814/863/273 1816/865/274 1815/866/274 1813/864/273
f 1816/865/274 1818/867/275 1817/868/275 1815/866/274
f 1818/867/275 1820/869/276 1819/870/276 1817/868/275
f 1820/869/276 1822/871/277 1821/872/277 1819/870/276
f 1822/871/277 1824/873/278 1823/874/278 1821/872/277
f 1824/873/278 1826/875/279 1825/876/279 1823/874/278
f 1826/875/279 1828/877/280 1827/878/280 1825/876/279
f 1828/877/280 1830/879/281 1829/880/281 1827/878/280
f 1830/879/281 1832/881/282 1831/882/282 1829/880/281
f 1832/881/282 1834/787/283 1833/788/283 1831/882/282
f 1834/787/283 1836/883/284 1835/884/284 1833/788/283
f 1836/883/284 1838/885/285 1837/886/285 1835/884/284
f 1838/885/285 1840/887/286 1839/888/286 1837/886/285
f 1840/887/286 1842/889/287 1841/890/287 1839/888/286
f 1842/889/287 1844/891/288 1843/892/288 1841/890/287
f 1844/891/288 1846/893/289 1845/894/289 1843/892/288
f 1846/893/289 1848/895/290 1847/896/290 1845/894/289
f 1848/895/290 1850/897/291 1849/898/291 1847/896/290
f 1850/897/291 1852/899/292 1851/900/292 1849/898/291
f 1852/899/292 1854/901/293 1853/902/293 1851/900/292
f 1854/901/293 1856/903/120 1855/904/120 1853/902/293
f 1856/903/120 1858/905/121 1857/906/121 1855/904/120
f 1858/905/121 1756/671/244 1755/137/244 1857/906/121
f 1860/538/294 1862/672/295 1861/673/295 1859/132/294
f 1862/672/295 1864/674/296 1863/675/296 1861/673/295
f 1864/674/296 1866/676/297 1865/677/297 1863/675/296
f 1866/676/297 1868/678/298 1867/679/298 1865/677/297
f 1868/678/298 1870/680/299 1869/681/299 1867/679/298
f 1870/680/299 1872/682/191 1871/683/191 1869/681/299
f 1872/682/191 1874/684/300 1873/685/300 1871/683/191
f 1874/684/300 1876/686/301 1875/687/301 1873/685/300
f 1876/686/301 1878/688/302 1877/315/302 1875/687/301
f 1878/688/302 1880/689/303 1879/690/303 1877/315/302
f 1880/689/303 1882/691/304 1881/692/304 1879/690/303
f 1882/691/304 1884/693/305 1883/694/305 1881/692/304
f 1884/693/305 1886/695/306 1885/696/306 1883/694/305
f 1886/695/306 1888/697/307 1887/698/307 1885/696/306
f 1888/697/307 1890/699/308 1889/700/308 1887/698/307
f 1890/699/308 1892/701/309 1891/702/309 1889/700/308
f 1892/701/309 1894/703/310 1893/704/310 1891/702/309
f 1894/703/310 1896/705/311 1895/356/311 1893/704/310
f 1896/705/311 1898/706/312 1897/707/312 1895/356/311
f 1898/706/312 1900/708/313 1899/709/313 1897/707/312
f 1900/708/313 1902/710/314 1901/711/314 1899/709/313
f 1902/710/314 1904/712/315 1903/713/315 1901/711/314
f 1904/712/315 1906/714/316 1905/715/316 1903/713/315
f 1906/714/316 1908/716/317 1907/717/317 1905/715/316
f 1908/716/317 1910/718/119 1909/719/119 1907/717/317
f 1910/718/119 1912/720/148 1911/721/148 1909/719/119
f 1912/720/148 1860/671/294 1859/137/294 1911/721/148
f 1914/538/318 1916/672/319 1915/673/319 1913/132/318
f 1916/672/319 1918/674/320 1917/675/320 1915/673/319
f 1918/674/320 1920/676/321 1919/677/321 1917/675/320
f 1920/676/321 1922/678/322 1921/679/322 1919/677/321
f 1922/678/322 1924/680/323 1923/681/323 1921/679/322
f 1924/680/323 1926/682/324 1925/683/324 1923/681/323
f 1926/682/324 1928/684/325 1927/685/325 1925/683/324
f 1928/684/325 1930/686/326 1929/687/326 1927/685/325
f 1930/686/326 1932/688/327 1931/315/327 1929/687/326
f 1932/688/327 1934/689/328 1933/690/328 1931/315/327
f 1934/689/328 1936/691/329 1935/692/329 1933/690/328
f 1936/691/329 1938/693/330 1937/694/330 1935/692/329
f 1938/693/330 1940/695/331 1939/696/331 1937/694/330
f 1940/695/331 1942/697/332 1941/698/332 1939/696/331
f 1942/697/332 1944/699/333 1943/700/333 1941/698/332
f 1944/699/333 1946/701/334 1945/702/334 1943/700/333
f 1946/701/334 1948/703/335 1947/704/335 1945/702/334
f 1948/703/335 1950/705/336 1949/356/336 1947/704/335
f 1950/705/336 1952/706/337 1951/707/337 1949/356/336
f 1952/706/337 1954/708/338 1953/709/338 1951/707/337
f 1954/708/338 1956/710/339 1955/711/339 1953/709/338
f 1956/710/339 1958/712/340 1957/713/340 1955/711/339
f 1958/712/340 1960/714/341 1959/715/341 1957/713/340
f 1960/714/341 1962/716/342 1961/717/342 1959/715/341
f 1962/716/342 1964/718/119 1963/719/119 1961/717/342
f 1964/718/119 1966/720/148 1965/721/148 1963/719/119
f 1966/720/148 1914/671/318 1913/137/318 1965/721/148
f 1968/538/149 1970/722/150 1969/723/150 1967/132/149
f 1970/722/150 1972/724/151 1971/725/151 1969/723/150
f 1972/724/151 1974/726/152 1973/727/152 1971/725/151
f 1974/726/152 1976/728/153 1975/729/153 1973/727/152
f 1976/728/153 1978/730/154 1977/731/154 1975/729/153
f 1978/730/154 1980/732/155 1979/733/155 1977/731/154
f 1980/732/155 1982/734/156 1981/735/156 1979/733/155
f 1982/734/156 1984/736/157 1983/737/157 1981/735/156
f 1984/736/157 1986/738/158 1985/739/158 1983/737/157
f 1986/738/158 1988/740/159 1987/741/159 1985/739/158
f 1988/740/159 1990/742/160 1989/743/160 1987/741/159
f 1990/742/160 1992/744/161 1991/745/161 1989/743/160
f 1992/744/161 1994/746/162 1993/747/162 1991/745/161
f 1994/746/162 1996/748/163 1995/749/163 1993/747/162
f 1996/748/163 1998/750/164 1997/751/164 1995/749/163
f 1998/750/164 2000/688/165 1999/315/165 1997/751/164
f 2000/688/165 2002/752/166 2001/753/166 1999/315/165
f 2002/752/166 2004/754/167 2003/755/167 2001/753/166
f 2004/754/167 2006/756/168 2005/757/168 2003/755/167
f 2006/756/168 2008/758/169 2007/759/169 2005/757/168
f 2008/758/169 2010/760/170 2009/761/170 2007/759/169
f 2010/760/170 2012/762/171 2011/763/171 2009/761/170
f 2012/762/171 2014/764/172 2013/765/172 2011/763/171
f 2014/764/172 2016/766/173 2015/252/173 2013/765/172
f 2016/766/173 2018/767/174 2017/768/174 2015/252/173
f 2018/767/174 2020/769/175 2019/770/175 2017/768/174
f 2020/769/175 2022/771/176 2021/772/176 2019/770/175
f 2022/771/176 2024/773/177 2023/774/177 2021/772/176
f 2024/773/177 2026/775/178 2025/776/178 2023/774/177
f 2026/775/178 2028/777/179 2027/778/179 2025/776/178
f 2028/777/179 2030/779/180 2029/780/180 2027/778/179
f 2030/779/180 2032/705/181 2031/356/181 2029/780/180
f 2032/705/181 2034/781/182 2033/782/182 2031/356/181
f 2034/781/182 2036/783/183 2035/784/183 2033/782/182
f 2036/783/183 2038/785/184 2037/786/184 2035/784/183
f 2038/785/184 2040/787/185 2039/788/185 2037/786/184
f 2040/787/185 2042/789/186 2041/790/186 2039/788/185
f 2042/789/186 2044/791/187 2043/792/187 2041/790/186
f 2044/791/187 2046/793/188 2045/794/188 2043/792/187
f 2046/793/188 2048/795/189 2047/796/189 2045/794/188
f 2048/795/189 2050/797/190 2049/798/190 2047/796/189
f 2050/797/190 2052/799/191 2051/800/191 2049/798/190
f 2052/799/191 2054/801/192 2053/802/192 2051/800/191
f 2054/801/192 2056/803/193 2055/804/193 2053/802/192
f 2056/803/193 2058/805/194 2057/806/194 2055/804/193
f 2058/805/194 2060/807/195 2059/808/195 2057/806/194
f 2060/807/195 2062/809/196 2061/810/196 2059/808/195
f 2062/809/196 1968/671/149 1967/137/149 2061/810/196
f 2064/538/197 2066/722/198 2065/723/198 2063/132/197
f 2066/722/198 2068/724/199 2067/725/199 2065/723/198
f 2068/724/199 2070/726/200 2069/727/200 2067/725/199
f 2070/726/200 2072/728/201 2071/729/201 2069/727/200
f 2072/728/201 2074/730/202 2073/731/202 2071/729/201
f 2074/730/202 2076/732/203 2075/733/203 2073/731/202
f 2076/732/203 2078/734/204 2077/735/204 2075/733/203
f 2078/734/204 2080/736/205 2079/737/205 2077/735/204
f 2080/736/205 2082/738/206 2081/739/206 2079/737/205
f 2082/738/206 2084/740/207 2083/741/207 2081/739/206
f 2084/740/207 2086/742/208 2085/743/208 2083/741/207
f 2086/742/208 2088/744/209 2087/745/209 2085/743/208
f 2088/744/209 2090/746/210 2089/747/210 2087/745/209
f 2090/746/210 2092/748/211 2091/749/211 2089/747/210
f 2092/748/211 2094/750/212 2093/751/212 2091/749/211
f 2094/750/212 2096/688/213 2095/315/213 2093/751/212
f 2096/688/213 2098/752/214 2097/753/214 2095/315/213
f 2098/752/214 2100/754/215 2099/755/215 2097/753/214
f 2100/754/215 2102/756/216 2101/757/216 2099/755/215
f 2102/756/216 2104/758/217 2103/759/217 2101/757/216
f 2104/758/217 2106/760/218 2105/761/218 2103/759/217
f 2106/760/218 2108/762/219 2107/763/219 2105/761/218
f 2108/762/219 2110/764/220 2109/765/220 2107/763/219
f 2110/764/220 2112/766/221 2111/252/221 2109/765/220
f 2112/766/221 2114/767/222 2113/768/222 2111/252/221
f 2114/767/222 2116/769/223 2115/770/223 2113/768/222
f 2116/769/223 2118/771/224 2117/772/224 2115/770/223
f 2118/771/224 2120/773/225 2119/774/225 2117/772/224
f 2120/773/225 2122/775/226 2121/776/226 2119/774/225
f 2122/775/226 2124/777/227 2123/778/227 2121/776/226
f 2124/777/227 2126/779/228 2125/780/228 2123/778/227
f 2126/779/228 2128/705/229 2127/356/229 2125/780/228
f 2128/705/229 2130/781/230 2129/782/230 2127/356/229
f 2130/781/230 2132/783/231 2131/784/231 2129/782/230
f 2132/783/231 2134/785/232 2133/786/232 2131/784/231
f 2134/785/232 2136/787/67 2135/788/67 2133/786/232
f 2136/787/67 2138/789/233 2137/790/233 2135/788/67
f 2138/789/233 2140/791/234 2139/792/234 2137/790/233
f 2140/791/234 2142/793/235 2141/794/235 2139/792/234
f 2142/793/235 2144/795/236 2143/796/236 2141/794/235
f 2144/795/236 2146/797/237 2145/798/237 2143/796/236
f 2146/797/237 2148/799/238 2147/800/238 2145/798/237
f 2148/799/238 2150/801/239 2149/802/239 2147/800/238
f 2150/801/239 2152/803/240 2151/804/240 2149/802/239
f 2152/803/240 2154/805/241 2153/806/241 2151/804/240
f 2154/805/241 2156/807/242 2155/808/242 2153/806/241
f 2156/807/242 2158/809/243 2157/810/243 2155/808/242
f 2158/809/243 2064/671/197 2063/137/197 2157/810/243
f 2160/538/119 2162/732/119 2161/733/119 2159/132/119
f 2162/732/119 2164/744/120 2163/745/120 2161/733/119
f 2164/744/120 2166/754/120 2165/755/120 2163/745/120
f 2166/754/120 2168/766/120 2167/252/120 2165/755/120
f 2168/766/120 2170/777/121 2169/778/121 2167/252/120
f 2170/777/121 2172/787/148 2171/788/148 2169/778/121
f 2172/787/148 2174/799/119 2173/800/119 2171/788/148
f 2174/799/119 2160/671/119 2159/137/119 2173/800/119
f 2176/538/244 2178/811/245 2177/812/245 2175/132/244
f 2178/811/245 2180/813/246 2179/814/246 2177/812/245
f 2180/813/246 2182/815/247 2181/816/247 2179/814/246
f 2182/815/247 2184/817/248 2183/818/248 2181/816/247
f 2184/817/248 2186/819/249 2185/820/249 2183/818/248
f 2186/819/249 2188/821/250 2187/822/250 2185/820/249
f 2188/821/250 2190/823/251 2189/824/251 2187/822/250
f 2190/823/251 2192/825/252 2191/826/252 2189/824/251
f 2192/825/252 2194/827/253 2193/828/253 2191/826/252
f 2194/827/253 2196/829/254 2195/830/254 2193/828/253
f 2196/829/254 2198/831/255 2197/832/255 2195/830/254
f 2198/831/255 2200/833/256 2199/834/256 2197/832/255
f 2200/833/256 2202/744/257 2201/745/257 2199/834/256
f 2202/744/257 2204/835/258 2203/836/258 2201/745/257
f 2204/835/258 2206/837/259 2205/838/259 2203/836/258
f 2206/837/259 2208/839/260 2207/840/260 2205/838/259
f 2208/839/260 2210/841/261 2209/842/261 2207/840/260
f 2210/841/261 2212/843/262 2211/844/262 2209/842/261
f 2212/843/262 2214/845/263 2213/846/263 2211/844/262
f 2214/845/263 2216/847/264 2215/848/264 2213/846/263
f 2216/847/264 2218/849/265 2217/850/265 2215/848/264
f 2218/849/265 2220/851/266 2219/852/266 2217/850/265
f 2220/851/266 2222/853/267 2221/854/267 2219/852/266
f 2222/853/267 2224/855/268 2223/856/268 2221/854/267
f 2224/855/268 2226/857/269 2225/858/269 2223/856/268
f 2226/857/269 2228/766/270 2227/252/270 2225/858/269
f 2228/766/270 2230/859/271 2229/860/271 2227/252/270
f 2230/859/271 2232/861/272 2231/862/272 2229/860/271
f 2232/861/272 2234/863/273 2233/864/273 2231/862/272
f 2234/863/273 2236/865/274 2235/866/274 2233/864/273
f 2236/865/274 2238/867/275 2237/868/275 2235/866/274
f 2238/867/275 2240/869/276 2239/870/276 2237/868/275
f 2240/869/276 2242/871/343 2241/872/343 2239/870/276
f 2242/871/343 2244/873/278 2243/874/278 2241/872/343
f 2244/873/278 2246/875/279 2245/876/279 2243/874/278
f 2246/875/279 2248/877/280 2247/878/280 2245/876/279
f 2248/877/280 2250/879/281 2249/880/281 2247/878/280
f 2250/879/281 2252/881/282 2251/882/282 2249/880/281
f 2252/881/282 2254/787/283 2253/788/283 2251/882/282
f 2254/787/283 2256/883/284 2255/884/284 2253/788/283
f 2256/883/284 2258/885/285 2257/886/285 2255/884/284
f 2258/885/285 2260/887/286 2259/888/286 2257/886/285
f 2260/887/286 2262/889/287 2261/890/287 2259/888/286
f 2262/889/287 2264/891/288 2263/892/288 2261/890/287
f 2264/891/288 2266/893/289 2265/894/289 2263/892/288
f 2266/893/289 2268/895/290 2267/896/290 2265/894/289
f 2268/895/290 2270/897/291 2269/898/291 2267/896/290
f 2270/897/291 2272/899/292 2271/900/292 2269/898/291
f 2272/899/292 2274/901/293 2273/902/293 2271/900/292
f 2274/901/293 2276/903/120 2275/904/120 2273/902/293
f 2276/903/120 2278/905/121 2277/906/121 2275/904/120
f 2278/905/121 2176/671/244 2175/137/244 2277/906/121
f 2280/538/294 2282/672/295 2281/673/295 2279/132/294
f 2282/672/295 2284/674/296 2283/675/296 2281/673/295
f 2284/674/296 2286/676/297 2285/677/297 2283/675/296
f 2286/676/297 2288/678/298 2287/679/298 2285/677/297
f 2288/678/298 2290/680/299 2289/681/299 2287/679/298
f 2290/680/299 2292/682/191 2291/683/191 2289/681/299
f 2292/682/191 2294/684/300 2293/685/300 2291/683/191
f 2294/684/300 2296/686/301 2295/687/301 2293/685/300
f 2296/686/301 2298/688/302 2297/315/302 2295/687/301
f 2298/688/302 2300/689/303 2299/690/303 2297/315/302
f 2300/689/303 2302/691/304 2301/692/304 2299/690/303
f 2302/691/304 2304/693/305 2303/694/305 2301/692/304
f 2304/693/305 2306/695/306 2305/696/306 2303/694/305
f 2306/695/306 2308/697/307 2307/698/307 2305/696/306
f 2308/697/307 2310/699/308 2309/700/308 2307/698/307
f 2310/699/308 2312/701/309 2311/702/309 2309/700/308
f 2312/701/309 2314/703/310 2313/704/310 2311/702/309
f 2314/703/310 2316/705/311 2315/356/311 2313/704/310
f 2316/705/311 2318/706/312 2317/707/312 2315/356/311
f 2318/706/312 2320/708/313 2319/709/313 2317/707/312
f 2320/708/313 2322/710/314 2321/711/314 2319/709/313
f 2322/710/314 2324/712/315 2323/713/315 2321/711/314
f 2324/712/315 2326/714/316 2325/715/316 2323/713/315
f 2326/714/316 2328/716/317 2327/717/317 2325/715/316
f 2328/716/317 2330/718/119 2329/719/119 2327/717/317
f 2330/718/119 2332/720/148 2331/721/148 2329/719/119
f 2332/720/148 2280/671/294 2279/137/294 2331/721/148
f 2334/538/318 2336/672/319 2335/673/319 2333/132/318
f 2336/672/319 2338/674/320 2337/675/320 2335/673/319
f 2338/674/320 2340/676/321 2339/677/321 2337/675/320
f 2340/676/321 2342/678/322 2341/679/322 2339/677/321
f 2342/678/322 2344/680/323 2343/681/323 2341/679/322
f 2344/680/323 2346/682/324 2345/683/324 2343/681/323
f 2346/682/324 2348/684/325 2347/685/325 2345/683/324
f 2348/684/325 2350/686/326 2349/687/326 2347/685/325
f 2350/686/326 2352/688/327 2351/315/327 2349/687/326
f 2352/688/327 2354/689/328 2353/690/328 2351/315/327
f 2354/689/328 2356/691/329 2355/692/329 2353/690/328
f 2356/691/329 2358/693/344 2357/694/344 2355/692/329
f 2358/693/344 2360/695/331 2359/696/331 2357/694/344
f 2360/695/331 2362/697/332 2361/698/332 2359/696/331
f 2362/697/332 2364/699/333 2363/700/333 2361/698/332
f 2364/699/333 2366/701/334 2365/702/334 2363/700/333
f 2366/701/334 2368/703/335 2367/704/335 2365/702/334
f 2368/703/335 2370/705/336 2369/356/336 2367/704/335
f 2370/705/336 2372/706/337 2371/707/337 2369/356/336
f 2372/706/337 2374/708/338 2373/709/338 2371/707/337
f 2374/708/338 2376/710/339 2375/711/339 2373/709/338
f 2376/710/339 2378/712/340 2377/713/340 2375/711/339
f 2378/712/340 2380/714/341 2379/715/341 2377/713/340
f 2380/714/341 2382/716/342 2381/717/342 2379/715/341
f 2382/716/342 2384/718/119 2383/719/119 2381/717/342
f 2384/718/119 2386/720/148 2385/721/148 2383/719/119
f 2386/720/148 2334/671/318 2333/137/318 2385/721/148
f 2388/538/345 2390/732/345 2389/733/345 2387/132/345
f 2390/732/345 2392/744/346 2391/745/346 2389/733/345
f 2392/744/346 2394/754/346 2393/755/346 2391/745/346
f 2394/754/346 2396/766/347 2395/252/347 2393/755/346
f 2396/766/347 2398/777/348 2397/778/348 2395/252/347
f 2398/777/348 2400/787/349 2399/788/349 2397/778/348
f 2400/787/349 2402/799/350 2401/800/350 2399/788/349
f 2402/799/350 2388/671/345 2387/137/345 2401/800/350
f 2404/538/351 2406/688/352 2405/315/352 2403/132/351
f 2406/688/352 2408/705/353 2407/356/353 2405/315/352
f 2408/705/353 2404/671/351 2403/137/351 2407/356/353
f 2410/538/354 2412/907/355 2411/908/355 2409/132/354
f 2412/907/355 2414/909/356 2413/910/356 2411/908/355
f 2414/909/356 2416/911/357 2415/912/357 2413/910/356
f 2416/911/357 2418/913/358 2417/914/358 2415/912/357
f 2418/913/358 2420/915/359 2419/916/359 2417/914/358
f 2420/915/359 2422/917/360 2421/918/360 2419/916/359
f 2422/917/360 2424/919/361 2423/920/361 2421/918/360
f 2424/919/361 2426/921/362 2425/922/362 2423/920/361
f 2426/921/362 2428/923/363 2427/924/363 2425/922/362
f 2428/923/363 2430/925/364 2429/926/364 2427/924/363
f 2430/925/364 2432/927/365 2431/928/365 2429/926/364
f 2432/927/365 2434/929/366 2433/930/366 2431/928/365
f 2434/929/366 2436/931/367 2435/932/367 2433/930/366
f 2436/931/367 2438/933/368 2437/934/368 2435/932/367
f 2438/933/368 2440/935/369 2439/936/369 2437/934/368
f 2440/935/369 2442/937/370 2441/938/370 2439/936/369
f 2442/937/370 2444/939/371 2443/940/371 2441/938/370
f 2444/939/371 2446/941/372 2445/942/372 2443/940/371
f 2446/941/372 2448/943/373 2447/944/373 2445/942/372
f 2448/943/373 2450/945/374 2449/946/374 2447/944/373
f 2450/945/374 2452/947/375 2451/948/375 2449/946/374
f 2452/947/375 2454/949/376 2453/950/376 2451/948/375
f 2454/949/376 2456/951/377 2455/952/377 2453/950/376
f 2456/951/377 2458/953/378 2457/954/378 2455/952/377
f 2458/953/378 2460/955/379 2459/956/379 2457/954/378
f 2460/955/379 2462/957/380 2461/958/380 2459/956/379
f 2462/957/380 2464/959/381 2463/960/381 2461/958/380
f 2464/959/381 2466/961/382 2465/962/382 2463/960/381
f 2466/961/382 2468/963/383 2467/964/383 2465/962/382
f 2468/963/383 2470/965/384 2469/966/384 2467/964/383
f 2470/965/384 2472/967/385 2471/968/385 2469/966/384
f 2472/967/385 2474/969/386 2473/970/386 2471/968/385
f 2474/969/386 2476/971/387 2475/972/387 2473/970/386
f 2476/971/387 2478/973/388 2477/974/388 2475/972/387
f 2478/973/388 2480/975/389 2479/976/389 2477/974/388
f 2480/975/389 2482/977/390 2481/978/390 2479/976/389
f 2482/977/390 2484/979/391 2483/980/391 2481/978/390
f 2484/979/391 2486/981/392 2485/982/392 2483/980/391
f 2486/981/392 2488/983/393 2487/984/393 2485/982/392
f 2488/983/393 2490/985/394 2489/986/394 2487/984/393
f 2490/985/394 2492/987/395 2491/988/395 2489/986/394
f 2492/987/395 2494/989/396 2493/990/396 2491/988/395
f 2494/989/396 2496/991/397 2495/992/397 2493/990/396
f 2496/991/397 2498/993/398 2497/994/398 2495/992/397
f 2498/993/398 2500/995/399 2499/996/399 2497/994/398
f 2500/995/399 2502/997/400 2501/998/400 2499/996/399
f 2502/997/400 2504/999/401 2503/1000/401 2501/998/400
f 2504/999/401 2506/1001/402 2505/1002/402 2503/1000/401
f 2506/1001/402 2508/1003/403 2507/1004/403 2505/1002/402
f 2508/1003/403 2510/1005/404 2509/1006/404 2507/1004/403
f 2510/1005/404 2512/1007/405 2511/1008/405 2509/1006/404
f 2512/1007/405 2514/1009/406 2513/1010/406 2511/1008/405
f 2514/1009/406 2516/1011/407 2515/1012/407 2513/1010/406
f 2516/1011/407 2518/1013/408 2517/1014/408 2515/1012/407
f 2518/1013/408 2520/1015/409 2519/1016/409 2517/1014/408
f 2520/1015/409 2522/1017/410 2521/1018/410 2519/1016/409
f 2522/1017/410 2524/1019/411 2523/1020/411 2521/1018/410
f 2524/1019/411 2526/1021/412 2525/1022/412 2523/1020/411
f 2526/1021/412 2528/1023/413 2527/1024/413 2525/1022/412
f 2528/1023/413 2530/1025/414 2529/1026/414 2527/1024/413
f 2530/1025/414 2532/766/415 2531/252/415 2529/1026/414
f 2532/766/415 2534/1027/416 2533/1028/416 2531/252/415
f 2534/1027/416 2536/1029/417 2535/1030/417 2533/1028/416
f 2536/1029/417 2538/1031/418 2537/1032/418 2535/1030/417
f 2538/1031/418 2540/1033/419 2539/1034/419 2537/1032/418
f 2540/1033/419 2542/1035/420 2541/1036/420 2539/1034/419
f 2542/1035/420 2544/1037/421 2543/1038/421 2541/1036/420
f 2544/1037/421 2546/1039/422 2545/1040/422 2543/1038/421
f 2546/1039/422 2548/1041/423 2547/1042/423 2545/1040/422
f 2548/1041/423 2550/1043/424 2549/1044/424 2547/1042/423
f 2550/1043/424 2552/1045/425 2551/1046/425 2549/1044/424
f 2552/1045/425 2554/1047/426 2553/1048/426 2551/1046/425
f 2554/1047/426 2556/1049/427 2555/1050/427 2553/1048/426
f 2556/1049/427 2558/1051/428 2557/1052/428 2555/1050/427
f 2558/1051/428 2560/1053/429 2559/1054/429 2557/1052/428
f 2560/1053/429 2562/1055/430 2561/1056/430 2559/1054/429
f 2562/1055/430 2564/1057/431 2563/1058/431 2561/1056/430
f 2564/1057/431 2566/1059/432 2565/1060/432 2563/1058/431
f 2566/1059/432 2568/1061/433 2567/1062/433 2565/1060/432
f 2568/1061/433 2570/1063/434 2569/1064/434 2567/1062/433
f 2570/1063/434 2572/1065/435 2571/1066/435 2569/1064/434
f 2572/1065/435 2574/1067/436 2573/1068/436 2571/1066/435
f 2574/1067/436 2576/1069/437 2575/1070/437 2573/1068/436
f 2576/1069/437 2578/1071/438 2577/1072/438 2575/1070/437
f 2578/1071/438 2580/1073/439 2579/1074/439 2577/1072/438
f 2580/1073/439 2582/1075/440 2581/1076/440 2579/1074/439
f 2582/1075/440 2584/1077/441 2583/1078/441 2581/1076/440
f 2584/1077/441 2586/1079/442 2585/1080/442 2583/1078/441
f 2586/1079/442 2588/1081/443 2587/1082/443 2585/1080/442
f 2588/1081/443 2590/1083/444 2589/1084/444 2587/1082/443
f 2590/1083/444 2592/1085/445 2591/1086/445 2589/1084/444
f 2592/1085/445 2594/1087/446 2593/1088/446 2591/1086/445
f 2594/1087/446 2596/1089/447 2595/1090/447 2593/1088/446
f 2596/1089/447 2598/1091/448 2597/1092/448 2595/1090/447
f 2598/1091/448 2600/1093/449 2599/1094/449 2597/1092/448
f 2600/1093/449 2602/1095/450 2601/1096/450 2599/1094/449
f 2602/1095/450 2604/1097/451 2603/1098/451 2601/1096/450
f 2604/1097/451 2606/1099/452 2605/1100/452 2603/1098/451
f 2606/1099/452 2608/1101/453 2607/1102/453 2605/1100/452
f 2608/1101/453 2610/1103/454 2609/1104/454 2607/1102/453
f 2610/1103/454 2612/1105/455 2611/1106/455 2609/1104/454
f 2612/1105/455 2614/1107/456 2613/1108/456 2611/1106/455
f 2614/1107/456 2616/1109/457 2615/1110/457 2613/1108/456
f 2616/1109/457 2618/1111/458 2617/1112/458 2615/1110/457
f 2618/1111/458 2620/1113/459 2619/1114/459 2617/1112/458
f 2620/1113/459 2622/1115/460 2621/1116/460 2619/1114/459
f 2622/1115/460 2624/1117/461 2623/1118/461 2621/1116/460
f 2624/1117/461 2626/1119/462 2625/1120/462 2623/1118/461
f 2626/1119/462 2628/1121/463 2627/1122/463 2625/1120/462
f 2628/1121/463 2630/1123/464 2629/1124/464 2627/1122/463
f 2630/1123/464 2632/1125/465 2631/1126/465 2629/1124/464
f 2632/1125/465 2634/1127/466 2633/1128/466 2631/1126/465
f 2634/1127/466 2636/1129/467 2635/1130/467 2633/1128/466
f 2636/1129/467 2638/1131/468 2637/1132/468 2635/1130/467
f 2638/1131/468 2640/1133/469 2639/1134/469 2637/1132/468
f 2640/1133/469 2642/1135/470 2641/1136/470 2639/1134/469
f 2642/1135/470 2644/1137/471 2643/1138/471 2641/1136/470
f 2644/1137/471 2646/1139/472 2645/1140/472 2643/1138/471
f 2646/1139/472 2648/1141/473 2647/1142/473 2645/1140/472
f 2648/1141/473 2650/1143/474 2649/1144/474 2647/1142/473
f 2650/1143/474 2652/1145/475 2651/1146/475 2649/1144/474
f 2652/1145/475 2410/671/354 2409/137/354 2651/1146/475
f 2654/538/119 2656/728/148 2655/729/148 2653/132/119
f 2656/728/148 2658/736/148 2657/737/148 2655/729/148
f 2658/736/148 2660/744/119 2659/745/119 2657/737/148
f 2660/744/119 2662/688/119 2661/315/119 2659/745/119
f 2662/688/119 2664/758/148 2663/759/148 2661/315/119
f 2664/758/148 2666/766/148 2665/252/148 2663/759/148
f 2666/766/148 2668/773/119 2667/774/119 2665/252/148
f 2668/773/119 2670/705/120 2669/356/120 2667/774/119
f 2670/705/120 2672/787/121 2671/788/121 2669/356/120
f 2672/787/121 2674/795/148 2673/796/148 2671/788/121
f 2674/795/148 2676/803/119 2675/804/119 2673/796/148
f 2676/803/119 2654/671/119 2653/137/119 2675/804/119
o Table_1
v 0.394000 0.023000 -0.045000
v 0.394000 0.143000 -0.045000
v 0.394000 0.023000 -0.057000
v 0.394000 0.143000 -0.057000
v 0.514000 0.023000 -0.045000
v 0.514000 0.143000 -0.045000
v 0.514000 0.023000 -0.057000
v 0.514000 0.143000 -0.057000
vn -1.0000 -0.0000 -0.0000
vn -0.0000 -0.0000 -1.0000
vn 1.0000 -0.0000 -0.0000
vn -0.0000 -0.0000 1.0000
vn -0.0000 -1.0000 -0.0000
vn -0.0000 1.0000 -0.0000
vt 0.375000 0.000000
vt 0.625000 0.000000
vt 0.625000 0.250000
vt 0.375000 0.250000
vt 0.625000 0.500000
vt 0.375000 0.500000
vt 0.625000 0.750000
vt 0.375000 0.750000
vt 0.625000 1.000000
vt 0.375000 1.000000
vt 0.125000 0.500000
vt 0.125000 0.750000
vt 0.875000 0.500000
vt 0.875000 0.750000
s 0
usemtl Table_1_mat.043
f 2677/1147/476 2678/1148/476 2680/1149/476 2679/1150/476
f 2679/1150/477 2680/1149/477 2684/1151/477 2683/1152/477
f 2683/1152/478 2684/1151/478 2682/1153/478 2681/1154/478
f 2681/1154/479 2682/1153/479 2678/1155/479 2677/1156/479
f 2679/1157/480 2683/1152/480 2681/1154/480 2677/1158/480
f 2684/1151/481 2680/1159/481 2678/1160/481 2682/1153/481
o Table_1_Leg
v 0.454000 0.091400 -0.052400
v 0.454000 0.091400 0.000400
v 0.455639 0.091239 -0.052400
v 0.455639 0.091239 0.000400
v 0.457215 0.090761 -0.052400
v 0.457215 0.090761 0.000400
v 0.458667 0.089984 -0.052400
v 0.458667 0.089984 0.000400
v 0.459940 0.088940 -0.052400
v 0.459940 0.088940 0.000400
v 0.460984 0.087667 -0.052400
v 0.460984 0.087667 0.000400
v 0.461761 0.086215 -0.052400
v 0.461761 0.086215 0.000400
v 0.462239 0.084639 -0.052400
v 0.462239 0.084639 0.000400
v 0.462400 0.083000 -0.052400
v 0.462400 0.083000 0.000400
v 0.462239 0.081361 -0.052400
v 0.462239 0.081361 0.000400
v 0.461761 0.079785 -0.052400
v 0.461761 0.079785 0.000400
v 0.460984 0.078333 -0.052400
v 0.460984 0.078333 0.000400
v 0.459940 0.077060 -0.052400
v 0.459940 0.077060 0.000400
v 0.458667 0.076016 -0.052400
v 0.458667 0.076016 0.000400
v 0.457215 0.075239 -0.052400
v 0.457215 0.075239 0.000400
v 0.455639 0.074761 -0.052400
v 0.455639 0.074761 0.000400
v 0.454000 0.074600 -0.052400
v 0.454000 0.074600 0.000400
v 0.452361 0.074761 -0.052400
v 0.452361 0.074761 0.000400
v 0.450785 0.075239 -0.052400
v 0.450785 0.075239 0.000400
v 0.449333 0.076016 -0.052400
v 0.449333 0.076016 0.000400
v 0.448060 0.077060 -0.052400
v 0.448060 0.077060 0.000400
v 0.447016 0.078333 -0.052400
v 0.447016 0.078333 0.000400
v 0.446239 0.079785 -0.052400
v 0.446239 0.079785 0.000400
v 0.445761 0.081361 -0.052400
v 0.445761 0.081361 0.000400
v 0.445600 0.083000 -0.052400
v 0.445600 0.083000 0.000400
v 0.445761 0.084639 -0.052400
v 0.445761 0.084639 0.000400
v 0.446239 0.086215 -0.052400
v 0.446239 0.086215 0.000400
v 0.447016 0.087667 -0.052400
v 0.447016 0.087667 0.000400
v 0.448060 0.088940 -0.052400
v 0.448060 0.088940 0.000400
v 0.449333 0.089984 -0.052400
v 0.449333 0.089984 0.000400
v 0.450785 0.090761 -0.052400
v 0.450785 0.090761 0.000400
v 0.452361 0.091239 -0.052400
v 0.452361 0.091239 0.000400
vn 0.0980 0.9952 -0.0000
vn 0.2903 0.9569 -0.0000
vn 0.4714 0.8819 -0.0000
vn 0.6344 0.7730 -0.0000
vn 0.7730 0.6344 -0.0000
vn 0.8819 0.4714 -0.0000
vn 0.9569 0.2903 -0.0000
vn 0.9952 0.0980 -0.0000
vn 0.9952 -0.0980 -0.0000
vn 0.9569 -0.2903 -0.0000
vn 0.8819 -0.4714 -0.0000
vn 0.7730 -0.6344 -0.0000
vn 0.6344 -0.7730 -0.0000
vn 0.4714 -0.8819 -0.0000
vn 0.2903 -0.9569 -0.0000
vn 0.0980 -0.9952 -0.0000
vn -0.0980 -0.9952 -0.0000
vn -0.2903 -0.9569 -0.0000
vn -0.4714 -0.8819 -0.0000
vn -0.6344 -0.7730 -0.0000
vn -0.7730 -0.6344 -0.0000
vn -0.8819 -0.4714 -0.0000
vn -0.9569 -0.2903 -0.0000
vn -0.9952 -0.0980 -0.0000
vn -0.9952 0.0980 -0.0000
vn -0.9569 0.2903 -0.0000
vn -0.8819 0.4714 -0.0000
vn -0.7730 0.6344 -0.0000
vn -0.6344 0.7730 -0.0000
vn -0.4714 0.8819 -0.0000
vn -0.0000 -0.0000 1.0000
vn -0.2903 0.9569 -0.0000
vn -0.0980 0.9952 -0.0000
vn -0.0000 -0.0000 -1.0000
vt 1.000000 0.500000
vt 1.000000 1.000000
vt 0.968750 1.000000
vt 0.968750 0.500000
vt 0.937500 1.000000
vt 0.937500 0.500000
vt 0.906250 1.000000
vt 0.906250 0.500000
vt 0.875000 1.000000
vt 0.875000 0.500000
vt 0.843750 1.000000
vt 0.843750 0.500000
vt 0.812500 1.000000
vt 0.812500 0.500000
vt 0.781250 1.000000
vt 0.781250 0.500000
vt 0.750000 1.000000
vt 0.750000 0.500000
vt 0.718750 1.000000
vt 0.718750 0.500000
vt 0.687500 1.000000
vt 0.687500 0.500000
vt 0.656250 1.000000
vt 0.656250 0.500000
vt 0.625000 1.000000
vt 0.625000 0.500000
vt 0.593750 1.000000
vt 0.593750 0.500000
vt 0.562500 1.000000
vt 0.562500 0.500000
vt 0.531250 1.000000
vt 0.531250 0.500000
vt 0.500000 1.000000
vt 0.500000 0.500000
vt 0.468750 1.000000
vt 0.468750 0.500000
vt 0.437500 1.000000
vt 0.437500 0.500000
vt 0.406250 1.000000
vt 0.406250 0.500000
vt 0.375000 1.000000
vt 0.375000 0.500000
vt 0.343750 1.000000
vt 0.343750 0.500000
vt 0.312500 1.000000
vt 0.312500 0.500000
vt 0.281250 1.000000
vt 0.281250 0.500000
vt 0.250000 1.000000
vt 0.250000 0.500000
vt 0.218750 1.000000
vt 0.218750 0.500000
vt 0.187500 1.000000
vt 0.187500 0.500000
vt 0.156250 1.000000
vt 0.156250 0.500000
vt 0.125000 1.000000
vt 0.125000 0.500000
vt 0.093750 1.000000
vt 0.093750 0.500000
vt 0.062500 1.000000
vt 0.062500 0.500000
vt 0.296822 0.485388
vt 0.250000 0.490000
vt 0.203178 0.485388
vt 0.158156 0.471731
vt 0.116663 0.449553
vt 0.080294 0.419706
vt 0.050447 0.383337
vt 0.028269 0.341844
vt 0.014612 0.296822
vt 0.010000 0.250000
vt 0.014612 0.203178
vt 0.028269 0.158156
vt 0.050447 0.116663
vt 0.080294 0.080294
vt 0.116663 0.050447
vt 0.158156 0.028269
vt 0.203178 0.014612
vt 0.250000 0.010000
vt 0.296822 0.014612
vt 0.341844 0.028269
vt 0.383337 0.050447
vt 0.419706 0.080294
vt 0.449553 0.116663
vt 0.471731 0.158156
vt 0.485388 0.203178
vt 0.490000 0.250000
vt 0.485388 0.296822
vt 0.471731 0.341844
vt 0.449553 0.383337
vt 0.419706 0.419706
vt 0.383337 0.449553
vt 0.341844 0.471731
vt 0.031250 1.000000
vt 0.031250 0.500000
vt 0.000000 1.000000
vt 0.000000 0.500000
vt 0.750000 0.490000
vt 0.796822 0.485388
vt 0.841844 0.471731
vt 0.883337 0.449553
vt 0.919706 0.419706
vt 0.949553 0.383337
vt 0.971731 0.341844
vt 0.985388 0.296822
vt 0.990000 0.250000
vt 0.985388 0.203178
vt 0.971731 0.158156
vt 0.949553 0.116663
vt 0.919706 0.080294
vt 0.883337 0.050447
vt 0.841844 0.028269
vt 0.796822 0.014612
vt 0.750000 0.010000
vt 0.703178 0.014612
vt 0.658156 0.028269
vt 0.616663 0.050447
vt 0.580294 0.080294
vt 0.550447 0.116663
vt 0.528269 0.158156
vt 0.514612 0.203178
vt 0.510000 0.250000
vt 0.514612 0.296822
vt 0.528269 0.341844
vt 0.550447 0.383337
vt 0.580294 0.419706
vt 0.616663 0.449553
vt 0.658156 0.471731
vt 0.703178 0.485388
s 0
usemtl Table_1_Leg_mat.040
f 2685/1161/482 2686/1162/482 2688/1163/482 2687/1164/482
f 2687/1164/483 2688/1163/483 2690/1165/483 2689/1166/483
f 2689/1166/484 2690/1165/484 2692/1167/484 2691/1168/484
f 2691/1168/485 2692/1167/485 2694/1169/485 2693/1170/485
f 2693/1170/486 2694/1169/486 2696/1171/486 2695/1172/486
f 2695/1172/487 2696/1171/487 2698/1173/487 2697/1174/487
f 2697/1174/488 2698/1173/488 2700/1175/488 2699/1176/488
f 2699/1176/489 2700/1175/489 2702/1177/489 2701/1178/489
f 2701/1178/490 2702/1177/490 2704/1179/490 2703/1180/490
f 2703/1180/491 2704/1179/491 2706/1181/491 2705/1182/491
f 2705/1182/492 2706/1181/492 2708/1183/492 2707/1184/492
f 2707/1184/493 2708/1183/493 2710/1185/493 2709/1186/493
f 2709/1186/494 2710/1185/494 2712/1187/494 2711/1188/494
f 2711/1188/495 2712/1187/495 2714/1189/495 2713/1190/495
f 2713/1190/496 2714/1189/496 2716/1191/496 2715/1192/496
f 2715/1192/497 2716/1191/497 2718/1193/497 2717/1194/497
f 2717/1194/498 2718/1193/498 2720/1195/498 2719/1196/498
f 2719/1196/499 2720/1195/499 2722/1197/499 2721/1198/499
f 2721/1198/500 2722/1197/500 2724/1199/500 2723/1200/500
f 2723/1200/501 2724/1199/501 2726/1201/501 2725/1202/501
f 2725/1202/502 2726/1201/502 2728/1203/502 2727/1204/502
f 2727/1204/503 2728/1203/503 2730/1205/503 2729/1206/503
f 2729/1206/504 2730/1205/504 2732/1207/504 2731/1208/504
f 2731/1208/505 2732/1207/505 2734/1209/505 2733/1210/505
f 2733/1210/506 2734/1209/506 2736/1211/506 2735/1212/506
f 2735/1212/507 2736/1211/507 2738/1213/507 2737/1214/507
f 2737/1214/508 2738/1213/508 2740/1215/508 2739/1216/508
f 2739/1216/509 2740/1215/509 2742/1217/509 2741/1218/509
f 2741/1218/510 2742/1217/510 2744/1219/510 2743/1220/510
f 2743/1220/511 2744/1219/511 2746/1221/511 2745/1222/511
f 2688/1223/512 2686/1224/512 2748/1225/512 2746/1226/512 2744/1227/512 2742/1228/512 2740/1229/512 2738/1230/512 2736/1231/512 2734/1232/512 2732/1233/512 2730/1234/512 2728/1235/512 2726/1236/512 2724/1237/512 2722/1238/512 2720/1239/512 2718/1240/512 2716/1241/512 2714/1242/512 2712/1243/512 2710/1244/512 2708/1245/512 2706/1246/512 2704/1247/512 2702/1248/512 2700/1249/512 2698/1250/512 2696/1251/512 2694/1252/512 2692/1253/512 2690/1254/512
f 2745/1222/513 2746/1221/513 2748/1255/513 2747/1256/513
f 2747/1256/514 2748/1255/514 2686/1257/514 2685/1258/514
f 2685/1259/515 2687/1260/515 2689/1261/515 2691/1262/515 2693/1263/515 2695/1264/515 2697/1265/515 2699/1266/515 2701/1267/515 2703/1268/515 2705/1269/515 2707/1270/515 2709/1271/515 2711/1272/515 2713/1273/515 2715/1274/515 2717/1275/515 2719/1276/515 2721/1277/515 2723/1278/515 2725/1279/515 2727/1280/515 2729/1281/515 2731/1282/515 2733/1283/515 2735/1284/515 2737/1285/515 2739/1286/515 2741/1287/515 2743/1288/515 2745/1289/515 2747/1290/515
o Table_1_Chair_1_Seat
v 0.430000 0.153000 -0.019000
v 0.430000 0.201000 -0.019000
v 0.430000 0.153000 -0.041000
v 0.430000 0.201000 -0.041000
v 0.478000 0.153000 -0.019000
v 0.478000 0.201000 -0.019000
v 0.478000 0.153000 -0.041000
v 0.478000 0.201000 -0.041000
vn -1.0000 -0.0000 -0.0000
vn -0.0000 -0.0000 -1.0000
vn 1.0000 -0.0000 -0.0000
vn -0.0000 -0.0000 1.0000
vn -0.0000 -1.0000 -0.0000
vn -0.0000 1.0000 -0.0000
vt 0.375000 0.000000
vt 0.625000 0.000000
vt 0.625000 0.250000
vt 0.375000 0.250000
vt 0.625000 0.500000
vt 0.375000 0.500000
vt 0.625000 0.750000
vt 0.375000 0.750000
vt 0.625000 1.000000
vt 0.375000 1.000000
vt 0.125000 0.500000
vt 0.125000 0.750000
vt 0.875000 0.500000
vt 0.875000 0.750000
s 0
usemtl Table_1_Chair_1_Seat_mat.043
f 2749/1291/516 2750/1292/516 2752/1293/516 2751/1294/516
f 2751/1294/517 2752/1293/517 2756/1295/517 2755/1296/517
f 2755/1296/518 2756/1295/518 2754/1297/518 2753/1298/518
f 2753/1298/519 2754/1297/519 2750/1299/519 2749/1300/519
f 2751/1301/520 2755/1296/520 2753/1298/520 2749/1302/520
f 2756/1295/521 2752/1303/521 2750/1304/521 2754/1297/521
o Table_1_Chair_1_Back
v 0.430000 0.196000 -0.031000
v 0.430000 0.204000 -0.031000
v 0.430000 0.196000 -0.101000
v 0.430000 0.204000 -0.101000
v 0.478000 0.196000 -0.031000
v 0.478000 0.204000 -0.031000
v 0.478000 0.196000 -0.101000
v 0.478000 0.204000 -0.101000
vn -1.0000 -0.0000 -0.0000
vn -0.0000 -0.0000 -1.0000
vn 1.0000 -0.0000 -0.0000
vn -0.0000 -0.0000 1.0000
vn -0.0000 -1.0000 -0.0000
vn -0.0000 1.0000 -0.0000
vt 0.375000 0.000000
vt 0.625000 0.000000
vt 0.625000 0.250000
vt 0.375000 0.250000
vt 0.625000 0.500000
vt 0.375000 0.500000
vt 0.625000 0.750000
vt 0.375000 0.750000
vt 0.625000 1.000000
vt 0.375000 1.000000
vt 0.125000 0.500000
vt 0.125000 0.750000
vt 0.875000 0.500000
vt 0.875000 0.750000
s 0
usemtl Table_1_Chair_1_Back_mat.043
f 2757/1305/522 2758/1306/522 2760/1307/522 2759/1308/522
f 2759/1308/523 2760/1307/523 2764/1309/523 2763/1310/523
f 2763/1310/524 2764/1309/524 2762/1311/524 2761/1312/524
f 2761/1312/525 2762/1311/525 2758/1313/525 2757/1314/525
f 2759/1315/526 2763/1310/526 2761/1312/526 2757/1316/526
f 2764/1309/527 2760/1317/527 2758/1318/527 2762/1311/527
o Table_1_Chair_2_Seat
v 0.430000 -0.035000 -0.019000
v 0.430000 0.013000 -0.019000
v 0.430000 -0.035000 -0.041000
v 0.430000 0.013000 -0.041000
v 0.478000 -0.035000 -0.019000
v 0.478000 0.013000 -0.019000
v 0.478000 -0.035000 -0.041000
v 0.478000 0.013000 -0.041000
vn -1.0000 -0.0000 -0.0000
vn -0.0000 -0.0000 -1.0000
vn 1.0000 -0.0000 -0.0000
vn -0.0000 -0.0000 1.0000
vn -0.0000 -1.0000 -0.0000
vn -0.0000 1.0000 -0.0000
vt 0.375000 0.000000
vt 0.625000 0.000000
vt 0.625000 0.250000
vt 0.375000 0.250000
vt 0.625000 0.500000
vt 0.375000 0.500000
vt 0.625000 0.750000
vt 0.375000 0.750000
vt 0.625000 1.000000
vt 0.375000 1.000000
vt 0.125000 0.500000
vt 0.125000 0.750000
vt 0.875000 0.500000
vt 0.875000 0.750000
s 0
usemtl Table_1_Chair_2_Seat_mat.043
f 2765/1319/528 2766/1320/528 2768/1321/528 2767/1322/528
f 2767/1322/529 2768/1321/529 2772/1323/529 2771/1324/529
f 2771/1324/530 2772/1323/530 2770/1325/530 2769/1326/530
f 2769/1326/531 2770/1325/531 2766/1327/531 2765/1328/531
f 2767/1329/532 2771/1324/532 2769/1326/532 2765/1330/532
f 2772/1323/533 2768/1331/533 2766/1332/533 2770/1325/533
o Table_1_Chair_2_Back
v 0.430000 -0.038000 -0.031000
v 0.430000 -0.030000 -0.031000
v 0.430000 -0.038000 -0.101000
v 0.430000 -0.030000 -0.101000
v 0.478000 -0.038000 -0.031000
v 0.478000 -0.030000 -0.031000
v 0.478000 -0.038000 -0.101000
v 0.478000 -0.030000 -0.101000
vn -1.0000 -0.0000 -0.0000
vn -0.0000 -0.0000 -1.0000
vn 1.0000 -0.0000 -0.0000
vn -0.0000 -0.0000 1.0000
vn -0.0000 -1.0000 -0.0000
vn -0.0000 1.0000 -0.0000
vt 0.375000 0.000000
vt 0.625000 0.000000
vt 0.625000 0.250000
vt 0.375000 0.250000
vt 0.625000 0.500000
vt 0.375000 0.500000
vt 0.625000 0.750000
vt 0.375000 0.750000
vt 0.625000 1.000000
vt 0.375000 1.000000
vt 0.125000 0.500000
vt 0.125000 0.750000
vt 0.875000 0.500000
vt 0.875000 0.750000
s 0
usemtl Table_1_Chair_2_Back_mat.043
f 2773/1333/534 2774/1334/534 2776/1335/534 2775/1336/534
f 2775/1336/535 2776/1335/535 2780/1337/535 2779/1338/535
f 2779/1338/536 2780/1337/536 2778/1339/536 2777/1340/536
f 2777/1340/537 2778/1339/537 2774/1341/537 2773/1342/537
f 2775/1343/538 2779/1338/538 2777/1340/538 2773/1344/538
f 2780/1337/539 2776/1345/539 2774/1346/539 2778/1339/539
o Table_1_Chair_3_Seat
v 0.524000 0.059000 -0.019000
v 0.524000 0.107000 -0.019000
v 0.524000 0.059000 -0.041000
v 0.524000 0.107000 -0.041000
v 0.572000 0.059000 -0.019000
v 0.572000 0.107000 -0.019000
v 0.572000 0.059000 -0.041000
v 0.572000 0.107000 -0.041000
vn -1.0000 -0.0000 -0.0000
vn -0.0000 -0.0000 -1.0000
vn 1.0000 -0.0000 -0.0000
vn -0.0000 -0.0000 1.0000
vn -0.0000 -1.0000 -0.0000
vn -0.0000 1.0000 -0.0000
vt 0.375000 0.000000
vt 0.625000 0.000000
vt 0.625000 0.250000
vt 0.375000 0.250000
vt 0.625000 0.500000
vt 0.375000 0.500000
vt 0.625000 0.750000
vt 0.375000 0.750000
vt 0.625000 1.000000
vt 0.375000 1.000000
vt 0.125000 0.500000
vt 0.125000 0.750000
vt 0.875000 0.500000
vt 0.875000 0.750000
s 0
usemtl Table_1_Chair_3_Seat_mat.043
f 2781/1347/540 2782/1348/540 2784/1349/540 2783/1350/540
f 2783/1350/541 2784/1349/541 2788/1351/541 2787/1352/541
f 2787/1352/542 2788/1351/542 2786/1353/542 2785/1354/542
f 2785/1354/543 2786/1353/543 2782/1355/543 2781/1356/543
f 2783/1357/544 2787/1352/544 2785/1354/544 2781/1358/544
f 2788/1351/545 2784/1359/545 2782/1360/545 2786/1353/545
o Table_1_Chair_3_Back
v 0.567000 0.059000 -0.031000
v 0.567000 0.107000 -0.031000
v 0.567000 0.059000 -0.101000
v 0.567000 0.107000 -0.101000
v 0.575000 0.059000 -0.031000
v 0.575000 0.107000 -0.031000
v 0.575000 0.059000 -0.101000
v 0.575000 0.107000 -0.101000
vn -1.0000 -0.0000 -0.0000
vn -0.0000 -0.0000 -1.0000
vn 1.0000 -0.0000 -0.0000
vn -0.0000 -0.0000 1.0000
vn -0.0000 -1.0000 -0.0000
vn -0.0000 1.0000 -0.0000
vt 0.375000 0.000000
vt 0.625000 0.000000
vt 0.625000 0.250000
vt 0.375000 0.250000
vt 0.625000 0.500000
vt 0.375000 0.500000
vt 0.625000 0.750000
vt 0.375000 0.750000
vt 0.625000 1.000000
vt 0.375000 1.000000
vt 0.125000 0.500000
vt 0.125000 0.750000
vt 0.875000 0.500000
vt 0.875000 0.750000
s 0
usemtl Table_1_Chair_3_Back_mat.043
f 2789/1361/546 2790/1362/546 2792/1363/546 2791/1364/546
f 2791/1364/547 2792/1363/547 2796/1365/547 2795/1366/547
f 2795/1366/548 2796/1365/548 2794/1367/548 2793/1368/548
f 2793/1368/549 2794/1367/549 2790/1369/549 2789/1370/549
f 2791/1371/550 2795/1366/550 2793/1368/550 2789/1372/550
f 2796/1365/551 2792/1373/551 2790/1374/551 2794/1367/551
o Table_1_Chair_4_Seat
v 0.336000 0.059000 -0.019000
v 0.336000 0.107000 -0.019000
v 0.336000 0.059000 -0.041000
v 0.336000 0.107000 -0.041000
v 0.384000 0.059000 -0.019000
v 0.384000 0.107000 -0.019000
v 0.384000 0.059000 -0.041000
v 0.384000 0.107000 -0.041000
vn -1.0000 -0.0000 -0.0000
vn -0.0000 -0.0000 -1.0000
vn 1.0000 -0.0000 -0.0000
vn -0.0000 -0.0000 1.0000
vn -0.0000 -1.0000 -0.0000
vn -0.0000 1.0000 -0.0000
vt 0.375000 0.000000
vt 0.625000 0.000000
vt 0.625000 0.250000
vt 0.375000 0.250000
vt 0.625000 0.500000
vt 0.375000 0.500000
vt 0.625000 0.750000
vt 0.375000 0.750000
vt 0.625000 1.000000
vt 0.375000 1.000000
vt 0.125000 0.500000
vt 0.125000 0.750000
vt 0.875000 0.500000
vt 0.875000 0.750000
s 0
usemtl Table_1_Chair_4_Seat_mat.043
f 2797/1375/552 2798/1376/552 2800/1377/552 2799/1378/552
f 2799/1378/553 2800/1377/553 2804/1379/553 2803/1380/553
f 2803/1380/554 2804/1379/554 2802/1381/554 2801/1382/554
f 2801/1382/555 2802/1381/555 2798/1383/555 2797/1384/555
f 2799/1385/556 2803/1380/556 2801/1382/556 2797/1386/556
f 2804/1379/557 2800/1387/557 2798/1388/557 2802/1381/557
o Table_1_Chair_4_Back
v 0.333000 0.059000 -0.031000
v 0.333000 0.107000 -0.031000
v 0.333000 0.059000 -0.101000
v 0.333000 0.107000 -0.101000
v 0.341000 0.059000 -0.031000
v 0.341000 0.107000 -0.031000
v 0.341000 0.059000 -0.101000
v 0.341000 0.107000 -0.101000
vn -1.0000 -0.0000 -0.0000
vn -0.0000 -0.0000 -1.0000
vn 1.0000 -0.0000 -0.0000
vn -0.0000 -0.0000 1.0000
vn -0.0000 -1.0000 -0.0000
vn -0.0000 1.0000 -0.0000
vt 0.375000 0.000000
vt 0.625000 0.000000
vt 0.625000 0.250000
vt 0.375000 0.250000
vt 0.625000 0.500000
vt 0.375000 0.500000
vt 0.625000 0.750000
vt 0.375000 0.750000
vt 0.625000 1.000000
vt 0.375000 1.000000
vt 0.125000 0.500000
vt 0.125000 0.750000
vt 0.875000 0.500000
vt 0.875000 0.750000
s 0
usemtl Table_1_Chair_4_Back_mat.043
f 2805/1389/558 2806/1390/558 2808/1391/558 2807/1392/558
f 2807/1392/559 2808/1391/559 2812/1393/559 2811/1394/559
f 2811/1394/560 2812/1393/560 2810/1395/560 2809/1396/560
f 2809/1396/561 2810/1395/561 2806/1397/561 2805/1398/561
f 2807/1399/562 2811/1394/562 2809/1396/562 2805/1400/562
f 2812/1393/563 2808/1401/563 2806/1402/563 2810/1395/563
o Table_1_Call_Light
v 0.454000 0.096200 -0.067800
v 0.454000 0.096200 -0.058200
v 0.456575 0.095946 -0.067800
v 0.456575 0.095946 -0.058200
v 0.459051 0.095195 -0.067800
v 0.459051 0.095195 -0.058200
v 0.461334 0.093975 -0.067800
v 0.461334 0.093975 -0.058200
v 0.463334 0.092334 -0.067800
v 0.463334 0.092334 -0.058200
v 0.464975 0.090334 -0.067800
v 0.464975 0.090334 -0.058200
v 0.466195 0.088051 -0.067800
v 0.466195 0.088051 -0.058200
v 0.466946 0.085575 -0.067800
v 0.466946 0.085575 -0.058200
v 0.467200 0.083000 -0.067800
v 0.467200 0.083000 -0.058200
v 0.466946 0.080425 -0.067800
v 0.466946 0.080425 -0.058200
v 0.466195 0.077949 -0.067800
v 0.466195 0.077949 -0.058200
v 0.464975 0.075666 -0.067800
v 0.464975 0.075666 -0.058200
v 0.463334 0.073666 -0.067800
v 0.463334 0.073666 -0.058200
v 0.461334 0.072025 -0.067800
v 0.461334 0.072025 -0.058200
v 0.459051 0.070805 -0.067800
v 0.459051 0.070805 -0.058200
v 0.456575 0.070054 -0.067800
v 0.456575 0.070054 -0.058200
v 0.454000 0.069800 -0.067800
v 0.454000 0.069800 -0.058200
v 0.451425 0.070054 -0.067800
v 0.451425 0.070054 -0.058200
v 0.448949 0.070805 -0.067800
v 0.448949 0.070805 -0.058200
v 0.446666 0.072025 -0.067800
v 0.446666 0.072025 -0.058200
v 0.444666 0.073666 -0.067800
v 0.444666 0.073666 -0.058200
v 0.443025 0.075666 -0.067800
v 0.443025 0.075666 -0.058200
v 0.441805 0.077949 -0.067800
v 0.441805 0.077949 -0.058200
v 0.441054 0.080425 -0.067800
v 0.441054 0.080425 -0.058200
v 0.440800 0.083000 -0.067800
v 0.440800 0.083000 -0.058200
v 0.441054 0.085575 -0.067800
v 0.441054 0.085575 -0.058200
v 0.441805 0.088051 -0.067800
v 0.441805 0.088051 -0.058200
v 0.443025 0.090334 -0.067800
v 0.443025 0.090334 -0.058200
v 0.444666 0.092334 -0.067800
v 0.444666 0.092334 -0.058200
v 0.446666 0.093975 -0.067800
v 0.446666 0.093975 -0.058200
v 0.448949 0.095195 -0.067800
v 0.448949 0.095195 -0.058200
v 0.451425 0.095946 -0.067800
v 0.451425 0.095946 -0.058200
vn 0.0980 0.9952 -0.0000
vn 0.2903 0.9569 -0.0000
vn 0.4714 0.8819 -0.0000
vn 0.6344 0.7730 -0.0000
vn 0.7730 0.6344 -0.0000
vn 0.8819 0.4714 -0.0000
vn 0.9569 0.2903 -0.0000
vn 0.9952 0.0980 -0.0000
vn 0.9952 -0.0980 -0.0000
vn 0.9569 -0.2903 -0.0000
vn 0.8819 -0.4714 -0.0000
vn 0.7730 -0.6344 -0.0000
vn 0.6344 -0.7730 -0.0000
vn 0.4714 -0.8819 -0.0000
vn 0.2903 -0.9569 -0.0000
vn 0.0980 -0.9952 -0.0000
vn -0.0980 -0.9952 -0.0000
vn -0.2903 -0.9569 -0.0000
vn -0.4714 -0.8819 -0.0000
vn -0.6344 -0.7730 -0.0000
vn -0.7730 -0.6344 -0.0000
vn -0.8819 -0.4714 -0.0000
vn -0.9569 -0.2903 -0.0000
vn -0.9952 -0.0980 -0.0000
vn -0.9952 0.0980 -0.0000
vn -0.9569 0.2903 -0.0000
vn -0.8819 0.4714 -0.0000
vn -0.7730 0.6344 -0.0000
vn -0.6344 0.7730 -0.0000
vn -0.4714 0.8819 -0.0000
vn -0.0000 -0.0000 1.0000
vn -0.2903 0.9569 -0.0000
vn -0.0980 0.9952 -0.0000
vn -0.0000 -0.0000 -1.0000
vt 1.000000 0.500000
vt 1.000000 1.000000
vt 0.968750 1.000000
vt 0.968750 0.500000
vt 0.937500 1.000000
vt 0.937500 0.500000
vt 0.906250 1.000000
vt 0.906250 0.500000
vt 0.875000 1.000000
vt 0.875000 0.500000
vt 0.843750 1.000000
vt 0.843750 0.500000
vt 0.812500 1.000000
vt 0.812500 0.500000
vt 0.781250 1.000000
vt 0.781250 0.500000
vt 0.750000 1.000000
vt 0.750000 0.500000
vt 0.718750 1.000000
vt 0.718750 0.500000
vt 0.687500 1.000000
vt 0.687500 0.500000
vt 0.656250 1.000000
vt 0.656250 0.500000
vt 0.625000 1.000000
vt 0.625000 0.500000
vt 0.593750 1.000000
vt 0.593750 0.500000
vt 0.562500 1.000000
vt 0.562500 0.500000
vt 0.531250 1.000000
vt 0.531250 0.500000
vt 0.500000 1.000000
vt 0.500000 0.500000
vt 0.468750 1.000000
vt 0.468750 0.500000
vt 0.437500 1.000000
vt 0.437500 0.500000
vt 0.406250 1.000000
vt 0.406250 0.500000
vt 0.375000 1.000000
vt 0.375000 0.500000
vt 0.343750 1.000000
vt 0.343750 0.500000
vt 0.312500 1.000000
vt 0.312500 0.500000
vt 0.281250 1.000000
vt 0.281250 0.500000
vt 0.250000 1.000000
vt 0.250000 0.500000
vt 0.218750 1.000000
vt 0.218750 0.500000
vt 0.187500 1.000000
vt 0.187500 0.500000
vt 0.156250 1.000000
vt 0.156250 0.500000
vt 0.125000 1.000000
vt 0.125000 0.500000
vt 0.093750 1.000000
vt 0.093750 0.500000
vt 0.062500 1.000000
vt 0.062500 0.500000
vt 0.296822 0.485388
vt 0.250000 0.490000
vt 0.203178 0.485388
vt 0.158156 0.471731
vt 0.116663 0.449553
vt 0.080294 0.419706
vt 0.050447 0.383337
vt 0.028269 0.341844
vt 0.014612 0.296822
vt 0.010000 0.250000
vt 0.014612 0.203178
vt 0.028269 0.158156
vt 0.050447 0.116663
vt 0.080294 0.080294
vt 0.116663 0.050447
vt 0.158156 0.028269
vt 0.203178 0.014612
vt 0.250000 0.010000
vt 0.296822 0.014612
vt 0.341844 0.028269
vt 0.383337 0.050447
vt 0.419706 0.080294
vt 0.449553 0.116663
vt 0.471731 0.158156
vt 0.485388 0.203178
vt 0.490000 0.250000
vt 0.485388 0.296822
vt 0.471731 0.341844
vt 0.449553 0.383337
vt 0.419706 0.419706
vt 0.383337 0.449553
vt 0.341844 0.471731
vt 0.031250 1.000000
vt 0.031250 0.500000
vt 0.000000 1.000000
vt 0.000000 0.500000
vt 0.750000 0.490000
vt 0.796822 0.485388
vt 0.841844 0.471731
vt 0.883337 0.449553
vt 0.919706 0.419706
vt 0.949553 0.383337
vt 0.971731 0.341844
vt 0.985388 0.296822
vt 0.990000 0.250000
vt 0.985388 0.203178
vt 0.971731 0.158156
vt 0.949553 0.116663
vt 0.919706 0.080294
vt 0.883337 0.050447
vt 0.841844 0.028269
vt 0.796822 0.014612
vt 0.750000 0.010000
vt 0.703178 0.014612
vt 0.658156 0.028269
vt 0.616663 0.050447
vt 0.580294 0.080294
vt 0.550447 0.116663
vt 0.528269 0.158156
vt 0.514612 0.203178
vt 0.510000 0.250000
vt 0.514612 0.296822
vt 0.528269 0.341844
vt 0.550447 0.383337
vt 0.580294 0.419706
vt 0.616663 0.449553
vt 0.658156 0.471731
vt 0.703178 0.485388
s 0
usemtl Table_1_Call_Light_mat.043
f 2813/1403/564 2814/1404/564 2816/1405/564 2815/1406/564
f 2815/1406/565 2816/1405/565 2818/1407/565 2817/1408/565
f 2817/1408/566 2818/1407/566 2820/1409/566 2819/1410/566
f 2819/1410/567 2820/1409/567 2822/1411/567 2821/1412/567
f 2821/1412/568 2822/1411/568 2824/1413/568 2823/1414/568
f 2823/1414/569 2824/1413/569 2826/1415/569 2825/1416/569
f 2825/1416/570 2826/1415/570 2828/1417/570 2827/1418/570
f 2827/1418/571 2828/1417/571 2830/1419/571 2829/1420/571
f 2829/1420/572 2830/1419/572 2832/1421/572 2831/1422/572
f 2831/1422/573 2832/1421/573 2834/1423/573 2833/1424/573
f 2833/1424/574 2834/1423/574 2836/1425/574 2835/1426/574
f 2835/1426/575 2836/1425/575 2838/1427/575 2837/1428/575
f 2837/1428/576 2838/1427/576 2840/1429/576 2839/1430/576
f 2839/1430/577 2840/1429/577 2842/1431/577 2841/1432/577
f 2841/1432/578 2842/1431/578 2844/1433/578 2843/1434/578
f 2843/1434/579 2844/1433/579 2846/1435/579 2845/1436/579
f 2845/1436/580 2846/1435/580 2848/1437/580 2847/1438/580
f 2847/1438/581 2848/1437/581 2850/1439/581 2849/1440/581
f 2849/1440/582 2850/1439/582 2852/1441/582 2851/1442/582
f 2851/1442/583 2852/1441/583 2854/1443/583 2853/1444/583
f 2853/1444/584 2854/1443/584 2856/1445/584 2855/1446/584
f 2855/1446/585 2856/1445/585 2858/1447/585 2857/1448/585
f 2857/1448/586 2858/1447/586 2860/1449/586 2859/1450/586
f 2859/1450/587 2860/1449/587 2862/1451/587 2861/1452/587
f 2861/1452/588 2862/1451/588 2864/1453/588 2863/1454/588
f 2863/1454/589 2864/1453/589 2866/1455/589 2865/1456/589
f 2865/1456/590 2866/1455/590 2868/1457/590 2867/1458/590
f 2867/1458/591 2868/1457/591 2870/1459/591 2869/1460/591
f 2869/1460/592 2870/1459/592 2872/1461/592 2871/1462/592
f 2871/1462/593 2872/1461/593 2874/1463/593 2873/1464/593
f 2816/1465/594 2814/1466/594 2876/1467/594 2874/1468/594 2872/1469/594 2870/1470/594 2868/1471/594 2866/1472/594 2864/1473/594 2862/1474/594 2860/1475/594 2858/1476/594 2856/1477/594 2854/1478/594 2852/1479/594 2850/1480/594 2848/1481/594 2846/1482/594 2844/1483/594 2842/1484/594 2840/1485/594 2838/1486/594 2836/1487/594 2834/1488/594 2832/1489/594 2830/1490/594 2828/1491/594 2826/1492/594 2824/1493/594 2822/1494/594 2820/1495/594 2818/1496/594
f 2873/1464/595 2874/1463/595 2876/1497/595 2875/1498/595
f 2875/1498/596 2876/1497/596 2814/1499/596 2813/1500/596
f 2813/1501/597 2815/1502/597 2817/1503/597 2819/1504/597 2821/1505/597 2823/1506/597 2825/1507/597 2827/1508/597 2829/1509/597 2831/1510/597 2833/1511/597 2835/1512/597 2837/1513/597 2839/1514/597 2841/1515/597 2843/1516/597 2845/1517/597 2847/1518/597 2849/1519/597 2851/1520/597 2853/1521/597 2855/1522/597 2857/1523/597 2859/1524/597 2861/1525/597 2863/1526/597 2865/1527/597 2867/1528/597 2869/1529/597 2871/1530/597 2873/1531/597 2875/1532/597
o Table_1_Label
v 0.458572 0.083300 -0.072600
v 0.458572 0.083300 -0.084876
v 0.460336 0.083300 -0.084876
v 0.460336 0.083300 -0.072600
v 0.450382 0.083300 -0.083292
v 0.450382 0.083300 -0.072600
v 0.448618 0.083300 -0.072600
v 0.448618 0.083300 -0.083292
v 0.444370 0.083300 -0.083292
v 0.444370 0.083300 -0.084876
v 0.454630 0.083300 -0.084876
v 0.454630 0.083300 -0.083292
v 0.458572 0.082700 -0.072600
v 0.458572 0.082700 -0.084876
v 0.460336 0.082700 -0.084876
v 0.460336 0.082700 -0.072600
v 0.450382 0.082700 -0.083292
v 0.450382 0.082700 -0.072600
v 0.448618 0.082700 -0.072600
v 0.448618 0.082700 -0.083292
v 0.444370 0.082700 -0.083292
v 0.444370 0.082700 -0.084876
v 0.454630 0.082700 -0.084876
v 0.454630 0.082700 -0.083292
v 0.450382 0.082700 -0.083292
v 0.450382 0.083300 -0.083292
v 0.450382 0.082700 -0.072600
v 0.450382 0.083300 -0.072600
v 0.448618 0.082700 -0.072600
v 0.448618 0.083300 -0.072600
v 0.448618 0.082700 -0.083292
v 0.448618 0.083300 -0.083292
v 0.444370 0.082700 -0.083292
v 0.444370 0.083300 -0.083292
v 0.444370 0.082700 -0.084876
v 0.444370 0.083300 -0.084876
v 0.454630 0.082700 -0.084876
v 0.454630 0.083300 -0.084876
v 0.454630 0.082700 -0.083292
v 0.454630 0.083300 -0.083292
v 0.458572 0.082700 -0.072600
v 0.458572 0.083300 -0.072600
v 0.458572 0.082700 -0.084876
v 0.458572 0.083300 -0.084876
v 0.460336 0.082700 -0.084876
v 0.460336 0.083300 -0.084876
v 0.460336 0.082700 -0.072600
v 0.460336 0.083300 -0.072600
vn -0.0000 1.0000 -0.0000
vn -0.0000 -1.0000 -0.0000
vn 0.7071 -0.0000 0.7071
vn -0.7071 -0.0000 0.7071
vn -0.7071 -0.0000 -0.7071
vn 0.7071 -0.0000 -0.7071
vt 0.333333 0.000000
vt 0.000000 0.000000
vt 1.000000 0.000000
vt 0.666667 0.000000
vt 0.714286 0.000000
vt 0.571429 0.000000
vt 0.428571 0.000000
vt 0.857143 0.000000
vt 0.285714 0.000000
vt 0.142857 0.000000
vt 0.000000 1.000000
vt 0.125000 1.000000
vt 0.125000 0.000000
vt 0.250000 1.000000
vt 0.250000 0.000000
vt 0.375000 1.000000
vt 0.375000 0.000000
vt 0.500000 1.000000
vt 0.500000 0.000000
vt 0.625000 1.000000
vt 0.625000 0.000000
vt 0.750000 1.000000
vt 0.750000 0.000000
vt 0.875000 1.000000
vt 0.875000 0.000000
vt 1.000000 1.000000
s 0
usemtl Table_1_Label_mat.043
f 2878/1533/598 2877/1534/598 2880/1535/598
f 2880/1535/598 2879/1536/598 2878/1533/598
f 2886/1537/598 2885/1538/598 2884/1539/598
f 2888/1535/598 2887/1540/598 2881/1534/598
f 2884/1539/598 2883/1541/598 2882/1542/598
f 2882/1542/598 2881/1534/598 2884/1539/598
f 2881/1534/598 2887/1540/598 2884/1539/598
f 2886/1537/598 2884/1539/598 2887/1540/598
f 2890/1533/599 2892/1535/599 2889/1534/599
f 2892/1535/599 2890/1533/599 2891/1536/599
f 2898/1537/599 2896/1539/599 2897/1538/599
f 2900/1535/599 2893/1534/599 2899/1540/599
f 2896/1539/599 2894/1542/599 2895/1541/599
f 2894/1542/599 2896/1539/599 2893/1534/599
f 2893/1534/599 2896/1539/599 2899/1540/599
f 2898/1537/599 2899/1540/599 2896/1539/599
s 1
f 2902/1543/600 2904/1544/600 2903/1545/600 2901/1534/600
f 2904/1544/600 2906/1546/601 2905/1547/601 2903/1545/600
f 2906/1546/601 2908/1548/601 2907/1549/601 2905/1547/601
f 2908/1548/601 2910/1550/601 2909/1551/601 2907/1549/601
f 2910/1550/601 2912/1552/602 2911/1553/602 2909/1551/601
f 2912/1552/602 2914/1554/603 2913/1555/603 2911/1553/602
f 2914/1554/603 2916/1556/600 2915/1557/600 2913/1555/603
f 2916/1556/600 2902/1558/600 2901/1535/600 2915/1557/600
f 2918/1543/601 2920/1546/602 2919/1547/602 2917/1534/601
f 2920/1546/602 2922/1550/603 2921/1551/603 2919/1547/602
f 2922/1550/603 2924/1554/600 2923/1555/600 2921/1551/603
f 2924/1554/600 2918/1558/601 2917/1535/601 2923/1555/600
o Lamp_1
v 0.454000 0.102000 -0.186000
v 0.454000 0.102000 -0.174000
v 0.457707 0.101635 -0.186000
v 0.457707 0.101635 -0.174000
v 0.461271 0.100554 -0.186000
v 0.461271 0.100554 -0.174000
v 0.464556 0.098798 -0.186000
v 0.464556 0.098798 -0.174000
v 0.467435 0.096435 -0.186000
v 0.467435 0.096435 -0.174000
v 0.469798 0.093556 -0.186000
v 0.469798 0.093556 -0.174000
v 0.471554 0.090271 -0.186000
v 0.471554 0.090271 -0.174000
v 0.472635 0.086707 -0.186000
v 0.472635 0.086707 -0.174000
v 0.473000 0.083000 -0.186000
v 0.473000 0.083000 -0.174000
v 0.472635 0.079293 -0.186000
v 0.472635 0.079293 -0.174000
v 0.471554 0.075729 -0.186000
v 0.471554 0.075729 -0.174000
v 0.469798 0.072444 -0.186000
v 0.469798 0.072444 -0.174000
v 0.467435 0.069565 -0.186000
v 0.467435 0.069565 -0.174000
v 0.464556 0.067202 -0.186000
v 0.464556 0.067202 -0.174000
v 0.461271 0.065446 -0.186000
v 0.461271 0.065446 -0.174000
v 0.457707 0.064365 -0.186000
v 0.457707 0.064365 -0.174000
v 0.454000 0.064000 -0.186000
v 0.454000 0.064000 -0.174000
v 0.450293 0.064365 -0.186000
v 0.450293 0.064365 -0.174000
v 0.446729 0.065446 -0.186000
v 0.446729 0.065446 -0.174000
v 0.443444 0.067202 -0.186000
v 0.443444 0.067202 -0.174000
v 0.440565 0.069565 -0.186000
v 0.440565 0.069565 -0.174000
v 0.438202 0.072444 -0.186000
v 0.438202 0.072444 -0.174000
v 0.436446 0.075729 -0.186000
v 0.436446 0.075729 -0.174000
v 0.435365 0.079293 -0.186000
v 0.435365 0.079293 -0.174000
v 0.435000 0.083000 -0.186000
v 0.435000 0.083000 -0.174000
v 0.435365 0.086707 -0.186000
v 0.435365 0.086707 -0.174000
v 0.436446 0.090271 -0.186000
v 0.436446 0.090271 -0.174000
v 0.438202 0.093556 -0.186000
v 0.438202 0.093556 -0.174000
v 0.440565 0.096435 -0.186000
v 0.440565 0.096435 -0.174000
v 0.443444 0.098798 -0.186000
v 0.443444 0.098798 -0.174000
v 0.446729 0.100554 -0.186000
v 0.446729 0.100554 -0.174000
v 0.450293 0.101635 -0.186000
v 0.450293 0.101635 -0.174000
vn 0.0980 0.9952 -0.0000
vn 0.2903 0.9569 -0.0000
vn 0.4714 0.8819 -0.0000
vn 0.6344 0.7730 -0.0000
vn 0.7730 0.6344 -0.0000
vn 0.8819 0.4714 -0.0000
vn 0.9569 0.2903 -0.0000
vn 0.9952 0.0980 -0.0000
vn 0.9952 -0.0980 -0.0000
vn 0.9569 -0.2903 -0.0000
vn 0.8819 -0.4714 -0.0000
vn 0.7730 -0.6344 -0.0000
vn 0.6344 -0.7730 -0.0000
vn 0.4714 -0.8819 -0.0000
vn 0.2903 -0.9569 -0.0000
vn 0.0980 -0.9952 -0.0000
vn -0.0980 -0.9952 -0.0000
vn -0.2903 -0.9569 -0.0000
vn -0.4714 -0.8819 -0.0000
vn -0.6344 -0.7730 -0.0000
vn -0.7730 -0.6344 -0.0000
vn -0.8819 -0.4714 -0.0000
vn -0.9569 -0.2903 -0.0000
vn -0.9952 -0.0980 -0.0000
vn -0.9952 0.0980 -0.0000
vn -0.9569 0.2903 -0.0000
vn -0.8819 0.4714 -0.0000
vn -0.7730 0.6344 -0.0000
vn -0.6344 0.7730 -0.0000
vn -0.4714 0.8819 -0.0000
vn -0.0000 -0.0000 1.0000
vn -0.2903 0.9569 -0.0000
vn -0.0980 0.9952 -0.0000
vn -0.0000 -0.0000 -1.0000
vt 1.000000 0.500000
vt 1.000000 1.000000
vt 0.968750 1.000000
vt 0.968750 0.500000
vt 0.937500 1.000000
vt 0.937500 0.500000
vt 0.906250 1.000000
vt 0.906250 0.500000
vt 0.875000 1.000000
vt 0.875000 0.500000
vt 0.843750 1.000000
vt 0.843750 0.500000
vt 0.812500 1.000000
vt 0.812500 0.500000
vt 0.781250 1.000000
vt 0.781250 0.500000
vt 0.750000 1.000000
vt 0.750000 0.500000
vt 0.718750 1.000000
vt 0.718750 0.500000
vt 0.687500 1.000000
vt 0.687500 0.500000
vt 0.656250 1.000000
vt 0.656250 0.500000
vt 0.625000 1.000000
vt 0.625000 0.500000
vt 0.593750 1.000000
vt 0.593750 0.500000
vt 0.562500 1.000000
vt 0.562500 0.500000
vt 0.531250 1.000000
vt 0.531250 0.500000
vt 0.500000 1.000000
vt 0.500000 0.500000
vt 0.468750 1.000000
vt 0.468750 0.500000
vt 0.437500 1.000000
vt 0.437500 0.500000
vt 0.406250 1.000000
vt 0.406250 0.500000
vt 0.375000 1.000000
vt 0.375000 0.500000
vt 0.343750 1.000000
vt 0.343750 0.500000
vt 0.312500 1.000000
vt 0.312500 0.500000
vt 0.281250 1.000000
vt 0.281250 0.500000
vt 0.250000 1.000000
vt 0.250000 0.500000
vt 0.218750 1.000000
vt 0.218750 0.500000
vt 0.187500 1.000000
vt 0.187500 0.500000
vt 0.156250 1.000000
vt 0.156250 0.500000
vt 0.125000 1.000000
vt 0.125000 0.500000
vt 0.093750 1.000000
vt 0.093750 0.500000
vt 0.062500 1.000000
vt 0.062500 0.500000
vt 0.296822 0.485388
vt 0.250000 0.490000
vt 0.203178 0.485388
vt 0.158156 0.471731
vt 0.116663 0.449553
vt 0.080294 0.419706
vt 0.050447 0.383337
vt 0.028269 0.341844
vt 0.014612 0.296822
vt 0.010000 0.250000
vt 0.014612 0.203178
vt 0.028269 0.158156
vt 0.050447 0.116663
vt 0.080294 0.080294
vt 0.116663 0.050447
vt 0.158156 0.028269
vt 0.203178 0.014612
vt 0.250000 0.010000
vt 0.296822 0.014612
vt 0.341844 0.028269
vt 0.383337 0.050447
vt 0.419706 0.080294
vt 0.449553 0.116663
vt 0.471731 0.158156
vt 0.485388 0.203178
vt 0.490000 0.250000
vt 0.485388 0.296822
vt 0.471731 0.341844
vt 0.449553 0.383337
vt 0.419706 0.419706
vt 0.383337 0.449553
vt 0.341844 0.471731
vt 0.031250 1.000000
vt 0.031250 0.500000
vt 0.000000 1.000000
vt 0.000000 0.500000
vt 0.750000 0.490000
vt 0.796822 0.485388
vt 0.841844 0.471731
vt 0.883337 0.449553
vt 0.919706 0.419706
vt 0.949553 0.383337
vt 0.971731 0.341844
vt 0.985388 0.296822
vt 0.990000 0.250000
vt 0.985388 0.203178
vt 0.971731 0.158156
vt 0.949553 0.116663
vt 0.919706 0.080294
vt 0.883337 0.050447
vt 0.841844 0.028269
vt 0.796822 0.014612
vt 0.750000 0.010000
vt 0.703178 0.014612
vt 0.658156 0.028269
vt 0.616663 0.050447
vt 0.580294 0.080294
vt 0.550447 0.116663
vt 0.528269 0.158156
vt 0.514612 0.203178
vt 0.510000 0.250000
vt 0.514612 0.296822
vt 0.528269 0.341844
vt 0.550447 0.383337
vt 0.580294 0.419706
vt 0.616663 0.449553
vt 0.658156 0.471731
vt 0.703178 0.485388
s 0
usemtl Lamp_1_mat.043
f 2925/1559/604 2926/1560/604 2928/1561/604 2927/1562/604
f 2927/1562/605 2928/1561/605 2930/1563/605 2929/1564/605
f 2929/1564/606 2930/1563/606 2932/1565/606 2931/1566/606
f 2931/1566/607 2932/1565/607 2934/1567/607 2933/1568/607
f 2933/1568/608 2934/1567/608 2936/1569/608 2935/1570/608
f 2935/1570/609 2936/1569/609 2938/1571/609 2937/1572/609
f 2937/1572/610 2938/1571/610 2940/1573/610 2939/1574/610
f 2939/1574/611 2940/1573/611 2942/1575/611 2941/1576/611
f 2941/1576/612 2942/1575/612 2944/1577/612 2943/1578/612
f 2943/1578/613 2944/1577/613 2946/1579/613 2945/1580/613
f 2945/1580/614 2946/1579/614 2948/1581/614 2947/1582/614
f 2947/1582/615 2948/1581/615 2950/1583/615 2949/1584/615
f 2949/1584/616 2950/1583/616 2952/1585/616 2951/1586/616
f 2951/1586/617 2952/1585/617 2954/1587/617 2953/1588/617
f 2953/1588/618 2954/1587/618 2956/1589/618 2955/1590/618
f 2955/1590/619 2956/1589/619 2958/1591/619 2957/1592/619
f 2957/1592/620 2958/1591/620 2960/1593/620 2959/1594/620
f 2959/1594/621 2960/1593/621 2962/1595/621 2961/1596/621
f 2961/1596/622 2962/1595/622 2964/1597/622 2963/1598/622
f 2963/1598/623 2964/1597/623 2966/1599/623 2965/1600/623
f 2965/1600/624 2966/1599/624 2968/1601/624 2967/1602/624
f 2967/1602/625 2968/1601/625 2970/1603/625 2969/1604/625
f 2969/1604/626 2970/1603/626 2972/1605/626 2971/1606/626
f 2971/1606/627 2972/1605/627 2974/1607/627 2973/1608/627
f 2973/1608/628 2974/1607/628 2976/1609/628 2975/1610/628
f 2975/1610/629 2976/1609/629 2978/1611/629 2977/1612/629
f 2977/1612/630 2978/1611/630 2980/1613/630 2979/1614/630
f 2979/1614/631 2980/1613/631 2982/1615/631 2981/1616/631
f 2981/1616/632 2982/1615/632 2984/1617/632 2983/1618/632
f 2983/1618/633 2984/1617/633 2986/1619/633 2985/1620/633
f 2928/1621/634 2926/1622/634 2988/1623/634 2986/1624/634 2984/1625/634 2982/1626/634 2980/1627/634 2978/1628/634 2976/1629/634 2974/1630/634 2972/1631/634 2970/1632/634 2968/1633/634 2966/1634/634 2964/1635/634 2962/1636/634 2960/1637/634 2958/1638/634 2956/1639/634 2954/1640/634 2952/1641/634 2950/1642/634 2948/1643/634 2946/1644/634 2944/1645/634 2942/1646/634 2940/1647/634 2938/1648/634 2936/1649/634 2934/1650/634 2932/1651/634 2930/1652/634
f 2985/1620/635 2986/1619/635 2988/1653/635 2987/1654/635
f 2987/1654/636 2988/1653/636 2926/1655/636 2925/1656/636
f 2925/1657/637 2927/1658/637 2929/1659/637 2931/1660/637 2933/1661/637 2935/1662/637 2937/1663/637 2939/1664/637 2941/1665/637 2943/1666/637 2945/1667/637 2947/1668/637 2949/1669/637 2951/1670/637 2953/1671/637 2955/1672/637 2957/1673/637 2959/1674/637 2961/1675/637 2963/1676/637 2965/1677/637 2967/1678/637 2969/1679/637 2971/1680/637 2973/1681/637 2975/1682/637 2977/1683/637 2979/1684/637 2981/1685/637 2983/1686/637 2985/1687/637 2987/1688/637
o Table_2
v 0.103000 -0.113000 -0.045000
v 0.103000 0.007000 -0.045000
v 0.103000 -0.113000 -0.057000
v 0.103000 0.007000 -0.057000
v 0.223000 -0.113000 -0.045000
v 0.223000 0.007000 -0.045000
v 0.223000 -0.113000 -0.057000
v 0.223000 0.007000 -0.057000
vn -1.0000 -0.0000 -0.0000
vn -0.0000 -0.0000 -1.0000
vn 1.0000 -0.0000 -0.0000
vn -0.0000 -0.0000 1.0000
vn -0.0000 -1.0000 -0.0000
vn -0.0000 1.0000 -0.0000
vt 0.375000 0.000000
vt 0.625000 0.000000
vt 0.625000 0.250000
vt 0.375000 0.250000
vt 0.625000 0.500000
vt 0.375000 0.500000
vt 0.625000 0.750000
vt 0.375000 0.750000
vt 0.625000 1.000000
vt 0.375000 1.000000
vt 0.125000 0.500000
vt 0.125000 0.750000
vt 0.875000 0.500000
vt 0.875000 0.750000
s 0
usemtl Table_2_mat.043
f 2989/1689/638 2990/1690/638 2992/1691/638 2991/1692/638
f 2991/1692/639 2992/1691/639 2996/1693/639 2995/1694/639
f 2995/1694/640 2996/1693/640 2994/1695/640 2993/1696/640
f 2993/1696/641 2994/1695/641 2990/1697/641 2989/1698/641
f 2991/1699/642 2995/1694/642 2993/1696/642 2989/1700/642
f 2996/1693/643 2992/1701/643 2990/1702/643 2994/1695/643
o Table_2_Leg
v 0.163000 -0.044600 -0.052400
v 0.163000 -0.044600 0.000400
v 0.164639 -0.044761 -0.052400
v 0.164639 -0.044761 0.000400
v 0.166215 -0.045239 -0.052400
v 0.166215 -0.045239 0.000400
v 0.167667 -0.046016 -0.052400
v 0.167667 -0.046016 0.000400
v 0.168940 -0.047060 -0.052400
v 0.168940 -0.047060 0.000400
v 0.169984 -0.048333 -0.052400
v 0.169984 -0.048333 0.000400
v 0.170761 -0.049785 -0.052400
v 0.170761 -0.049785 0.000400
v 0.171239 -0.051361 -0.052400
v 0.171239 -0.051361 0.000400
v 0.171400 -0.053000 -0.052400
v 0.171400 -0.053000 0.000400
v 0.171239 -0.054639 -0.052400
v 0.171239 -0.054639 0.000400
v 0.170761 -0.056215 -0.052400
v 0.170761 -0.056215 0.000400
v 0.169984 -0.057667 -0.052400
v 0.169984 -0.057667 0.000400
v 0.168940 -0.058940 -0.052400
v 0.168940 -0.058940 0.000400
v 0.167667 -0.059984 -0.052400
v 0.167667 -0.059984 0.000400
v 0.166215 -0.060761 -0.052400
v 0.166215 -0.060761 0.000400
v 0.164639 -0.061239 -0.052400
v 0.164639 -0.061239 0.000400
v 0.163000 -0.061400 -0.052400
v 0.163000 -0.061400 0.000400
v 0.161361 -0.061239 -0.052400
v 0.161361 -0.061239 0.000400
v 0.159785 -0.060761 -0.052400
v 0.159785 -0.060761 0.000400
v 0.158333 -0.059984 -0.052400
v 0.158333 -0.059984 0.000400
v 0.157060 -0.058940 -0.052400
v 0.157060 -0.058940 0.000400
v 0.156016 -0.057667 -0.052400
v 0.156016 -0.057667 0.000400
v 0.155239 -0.056215 -0.052400
v 0.155239 -0.056215 0.000400
v 0.154761 -0.054639 -0.052400
v 0.154761 -0.054639 0.000400
v 0.154600 -0.053000 -0.052400
v 0.154600 -0.053000 0.000400
v 0.154761 -0.051361 -0.052400
v 0.154761 -0.051361 0.000400
v 0.155239 -0.049785 -0.052400
v 0.155239 -0.049785 0.000400
v 0.156016 -0.048333 -0.052400
v 0.156016 -0.048333 0.000400
v 0.157060 -0.047060 -0.052400
v 0.157060 -0.047060 0.000400
v 0.158333 -0.046016 -0.052400
v 0.158333 -0.046016 0.000400
v 0.159785 -0.045239 -0.052400
v 0.159785 -0.045239 0.000400
v 0.161361 -0.044761 -0.052400
v 0.161361 -0.044761 0.000400
vn 0.0980 0.9952 -0.0000
vn 0.2903 0.9569 -0.0000
vn 0.4714 0.8819 -0.0000
vn 0.6344 0.7730 -0.0000
vn 0.7730 0.6344 -0.0000
vn 0.8819 0.4714 -0.0000
vn 0.9569 0.2903 -0.0000
vn 0.9952 0.0980 -0.0000
vn 0.9952 -0.0980 -0.0000
vn 0.9569 -0.2903 -0.0000
vn 0.8819 -0.4714 -0.0000
vn 0.7730 -0.6344 -0.0000
vn 0.6344 -0.7730 -0.0000
vn 0.4714 -0.8819 -0.0000
vn 0.2903 -0.9569 -0.0000
vn 0.0980 -0.9952 -0.0000
vn -0.0980 -0.9952 -0.0000
vn -0.2903 -0.9569 -0.0000
vn -0.4714 -0.8819 -0.0000
vn -0.6344 -0.7730 -0.0000
vn -0.7730 -0.6344 -0.0000
vn -0.8819 -0.4714 -0.0000
vn -0.9569 -0.2903 -0.0000
vn -0.9952 -0.0980 -0.0000
vn -0.9952 0.0980 -0.0000
vn -0.9569 0.2903 -0.0000
vn -0.8819 0.4714 -0.0000
vn -0.7730 0.6344 -0.0000
vn -0.6344 0.7730 -0.0000
vn -0.4714 0.8819 -0.0000
vn -0.0000 -0.0000 1.0000
vn -0.2903 0.9569 -0.0000
vn -0.0980 0.9952 -0.0000
vn -0.0000 -0.0000 -1.0000
vt 1.000000 0.500000
vt 1.000000 1.000000
vt 0.968750 1.000000
vt 0.968750 0.500000
vt 0.937500 1.000000
vt 0.937500 0.500000
vt 0.906250 1.000000
vt 0.906250 0.500000
vt 0.875000 1.000000
vt 0.875000 0.500000
vt 0.843750 1.000000
vt 0.843750 0.500000
vt 0.812500 1.000000
vt 0.812500 0.500000
vt 0.781250 1.000000
vt 0.781250 0.500000
vt 0.750000 1.000000
vt 0.750000 0.500000
vt 0.718750 1.000000
vt 0.718750 0.500000
vt 0.687500 1.000000
vt 0.687500 0.500000
vt 0.656250 1.000000
vt 0.656250 0.500000
vt 0.625000 1.000000
vt 0.625000 0.500000
vt 0.593750 1.000000
vt 0.593750 0.500000
vt 0.562500 1.000000
vt 0.562500 0.500000
vt 0.531250 1.000000
vt 0.531250 0.500000
vt 0.500000 1.000000
vt 0.500000 0.500000
vt 0.468750 1.000000
vt 0.468750 0.500000
vt 0.437500 1.000000
vt 0.437500 0.500000
vt 0.406250 1.000000
vt 0.406250 0.500000
vt 0.375000 1.000000
vt 0.375000 0.500000
vt 0.343750 1.000000
vt 0.343750 0.500000
vt 0.312500 1.000000
vt 0.312500 0.500000
vt 0.281250 1.000000
vt 0.281250 0.500000
vt 0.250000 1.000000
vt 0.250000 0.500000
vt 0.218750 1.000000
vt 0.218750 0.500000
vt 0.187500 1.000000
vt 0.187500 0.500000
vt 0.156250 1.000000
vt 0.156250 0.500000
vt 0.125000 1.000000
vt 0.125000 0.500000
vt 0.093750 1.000000
vt 0.093750 0.500000
vt 0.062500 1.000000
vt 0.062500 0.500000
vt 0.296822 0.485388
vt 0.250000 0.490000
vt 0.203178 0.485388
vt 0.158156 0.471731
vt 0.116663 0.449553
vt 0.080294 0.419706
vt 0.050447 0.383337
vt 0.028269 0.341844
vt 0.014612 0.296822
vt 0.010000 0.250000
vt 0.014612 0.203178
vt 0.028269 0.158156
vt 0.050447 0.116663
vt 0.080294 0.080294
vt 0.116663 0.050447
vt 0.158156 0.028269
vt 0.203178 0.014612
vt 0.250000 0.010000
vt 0.296822 0.014612
vt 0.341844 0.028269
vt 0.383337 0.050447
vt 0.419706 0.080294
vt 0.449553 0.116663
vt 0.471731 0.158156
vt 0.485388 0.203178
vt 0.490000 0.250000
vt 0.485388 0.296822
vt 0.471731 0.341844
vt 0.449553 0.383337
vt 0.419706 0.419706
vt 0.383337 0.449553
vt 0.341844 0.471731
vt 0.031250 1.000000
vt 0.031250 0.500000
vt 0.000000 1.000000
vt 0.000000 0.500000
vt 0.750000 0.490000
vt 0.796822 0.485388
vt 0.841844 0.471731
vt 0.883337 0.449553
vt 0.919706 0.419706
vt 0.949553 0.383337
vt 0.971731 0.341844
vt 0.985388 0.296822
vt 0.990000 0.250000
vt 0.985388 0.203178
vt 0.971731 0.158156
vt 0.949553 0.116663
vt 0.919706 0.080294
vt 0.883337 0.050447
vt 0.841844 0.028269
vt 0.796822 0.014612
vt 0.750000 0.010000
vt 0.703178 0.014612
vt 0.658156 0.028269
vt 0.616663 0.050447
vt 0.580294 0.080294
vt 0.550447 0.116663
vt 0.528269 0.158156
vt 0.514612 0.203178
vt 0.510000 0.250000
vt 0.514612 0.296822
vt 0.528269 0.341844
vt 0.550447 0.383337
vt 0.580294 0.419706
vt 0.616663 0.449553
vt 0.658156 0.471731
vt 0.703178 0.485388
s 0
usemtl Table_2_Leg_mat.040
f 2997/1703/644 2998/1704/644 3000/1705/644 2999/1706/644
f 2999/1706/645 3000/1705/645 3002/1707/645 3001/1708/645
f 3001/1708/646 3002/1707/646 3004/1709/646 3003/1710/646
f 3003/1710/647 3004/1709/647 3006/1711/647 3005/1712/647
f 3005/1712/648 3006/1711/648 3008/1713/648 3007/1714/648
f 3007/1714/649 3008/1713/649 3010/1715/649 3009/1716/649
f 3009/1716/650 3010/1715/650 3012/1717/650 3011/1718/650
f 3011/1718/651 3012/1717/651 3014/1719/651 3013/1720/651
f 3013/1720/652 3014/1719/652 3016/1721/652 3015/1722/652
f 3015/1722/653 3016/1721/653 3018/1723/653 3017/1724/653
f 3017/1724/654 3018/1723/654 3020/1725/654 3019/1726/654
f 3019/1726/655 3020/1725/655 3022/1727/655 3021/1728/655
f 3021/1728/656 3022/1727/656 3024/1729/656 3023/1730/656
f 3023/1730/657 3024/1729/657 3026/1731/657 3025/1732/657
f 3025/1732/658 3026/1731/658 3028/1733/658 3027/1734/658
f 3027/1734/659 3028/1733/659 3030/1735/659 3029/1736/659
f 3029/1736/660 3030/1735/660 3032/1737/660 3031/1738/660
f 3031/1738/661 3032/1737/661 3034/1739/661 3033/1740/661
f 3033/1740/662 3034/1739/662 3036/1741/662 3035/1742/662
f 3035/1742/663 3036/1741/663 3038/1743/663 3037/1744/663
f 3037/1744/664 3038/1743/664 3040/1745/664 3039/1746/664
f 3039/1746/665 3040/1745/665 3042/1747/665 3041/1748/665
f 3041/1748/666 3042/1747/666 3044/1749/666 3043/1750/666
f 3043/1750/667 3044/1749/667 3046/1751/667 3045/1752/667
f 3045/1752/668 3046/1751/668 3048/1753/668 3047/1754/668
f 3047/1754/669 3048/1753/669 3050/1755/669 3049/1756/669
f 3049/1756/670 3050/1755/670 3052/1757/670 3051/1758/670
f 3051/1758/671 3052/1757/671 3054/1759/671 3053/1760/671
f 3053/1760/672 3054/1759/672 3056/1761/672 3055/1762/672
f 3055/1762/673 3056/1761/673 3058/1763/673 3057/1764/673
f 3000/1765/674 2998/1766/674 3060/1767/674 3058/1768/674 3056/1769/674 3054/1770/674 3052/1771/674 3050/1772/674 3048/1773/674 3046/1774/674 3044/1775/674 3042/1776/674 3040/1777/674 3038/1778/674 3036/1779/674 3034/1780/674 3032/1781/674 3030/1782/674 3028/1783/674 3026/1784/674 3024/1785/674 3022/1786/674 3020/1787/674 3018/1788/674 3016/1789/674 3014/1790/674 3012/1791/674 3010/1792/674 3008/1793/674 3006/1794/674 3004/1795/674 3002/1796/674
f 3057/1764/675 3058/1763/675 3060/1797/675 3059/1798/675
f 3059/1798/676 3060/1797/676 2998/1799/676 2997/1800/676
f 2997/1801/677 2999/1802/677 3001/1803/677 3003/1804/677 3005/1805/677 3007/1806/677 3009/1807/677 3011/1808/677 3013/1809/677 3015/1810/677 3017/1811/677 3019/1812/677 3021/1813/677 3023/1814/677 3025/1815/677 3027/1816/677 3029/1817/677 3031/1818/677 3033/1819/677 3035/1820/677 3037/1821/677 3039/1822/677 3041/1823/677 3043/1824/677 3045/1825/677 3047/1826/677 3049/1827/677 3051/1828/677 3053/1829/677 3055/1830/677 3057/1831/677 3059/1832/677
o Table_2_Chair_1_Seat
v 0.139000 0.017000 -0.019000
v 0.139000 0.065000 -0.019000
v 0.139000 0.017000 -0.041000
v 0.139000 0.065000 -0.041000
v 0.187000 0.017000 -0.019000
v 0.187000 0.065000 -0.019000
v 0.187000 0.017000 -0.041000
v 0.187000 0.065000 -0.041000
vn -1.0000 -0.0000 -0.0000
vn -0.0000 -0.0000 -1.0000
vn 1.0000 -0.0000 -0.0000
vn -0.0000 -0.0000 1.0000
vn -0.0000 -1.0000 -0.0000
vn -0.0000 1.0000 -0.0000
vt 0.375000 0.000000
vt 0.625000 0.000000
vt 0.625000 0.250000
vt 0.375000 0.250000
vt 0.625000 0.500000
vt 0.375000 0.500000
vt 0.625000 0.750000
vt 0.375000 0.750000
vt 0.625000 1.000000
vt 0.375000 1.000000
vt 0.125000 0.500000
vt 0.125000 0.750000
vt 0.875000 0.500000
vt 0.875000 0.750000
s 0
usemtl Table_2_Chair_1_Seat_mat.043
f 3061/1833/678 3062/1834/678 3064/1835/678 3063/1836/678
f 3063/1836/679 3064/1835/679 3068/1837/679 3067/1838/679
f 3067/1838/680 3068/1837/680 3066/1839/680 3065/1840/680
f 3065/1840/681 3066/1839/681 3062/1841/681 3061/1842/681
f 3063/1843/682 3067/1838/682 3065/1840/682 3061/1844/682
f 3068/1837/683 3064/1845/683 3062/1846/683 3066/1839/683
o Table_2_Chair_1_Back
v 0.139000 0.060000 -0.031000
v 0.139000 0.068000 -0.031000
v 0.139000 0.060000 -0.101000
v 0.139000 0.068000 -0.101000
v 0.187000 0.060000 -0.031000
v 0.187000 0.068000 -0.031000
v 0.187000 0.060000 -0.101000
v 0.187000 0.068000 -0.101000
vn -1.0000 -0.0000 -0.0000
vn -0.0000 -0.0000 -1.0000
vn 1.0000 -0.0000 -0.0000
vn -0.0000 -0.0000 1.0000
vn -0.0000 -1.0000 -0.0000
vn -0.0000 1.0000 -0.0000
vt 0.375000 0.000000
vt 0.625000 0.000000
vt 0.625000 0.250000
vt 0.375000 0.250000
vt 0.625000 0.500000
vt 0.375000 0.500000
vt 0.625000 0.750000
vt 0.375000 0.750000
vt 0.625000 1.000000
vt 0.375000 1.000000
vt 0.125000 0.500000
vt 0.125000 0.750000
vt 0.875000 0.500000
vt 0.875000 0.750000
s 0
usemtl Table_2_Chair_1_Back_mat.043
f 3069/1847/684 3070/1848/684 3072/1849/684 3071/1850/684
f 3071/1850/685 3072/1849/685 3076/1851/685 3075/1852/685
f 3075/1852/686 3076/1851/686 3074/1853/686 3073/1854/686
f 3073/1854/687 3074/1853/687 3070/1855/687 3069/1856/687
f 3071/1857/688 3075/1852/688 3073/1854/688 3069/1858/688
f 3076/1851/689 3072/1859/689 3070/1860/689 3074/1853/689
o Table_2_Chair_2_Seat
v 0.139000 -0.171000 -0.019000
v 0.139000 -0.123000 -0.019000
v 0.139000 -0.171000 -0.041000
v 0.139000 -0.123000 -0.041000
v 0.187000 -0.171000 -0.019000
v 0.187000 -0.123000 -0.019000
v 0.187000 -0.171000 -0.041000
v 0.187000 -0.123000 -0.041000
vn -1.0000 -0.0000 -0.0000
vn -0.0000 -0.0000 -1.0000
vn 1.0000 -0.0000 -0.0000
vn -0.0000 -0.0000 1.0000
vn -0.0000 -1.0000 -0.0000
vn -0.0000 1.0000 -0.0000
vt 0.375000 0.000000
vt 0.625000 0.000000
vt 0.625000 0.250000
vt 0.375000 0.250000
vt 0.625000 0.500000
vt 0.375000 0.500000
vt 0.625000 0.750000
vt 0.375000 0.750000
vt 0.625000 1.000000
vt 0.375000 1.000000
vt 0.125000 0.500000
vt 0.125000 0.750000
vt 0.875000 0.500000
vt 0.875000 0.750000
s 0
usemtl Table_2_Chair_2_Seat_mat.043
f 3077/1861/690 3078/1862/690 3080/1863/690 3079/1864/690
f 3079/1864/691 3080/1863/691 3084/1865/691 3083/1866/691
f 3083/1866/692 3084/1865/692 3082/1867/692 3081/1868/692
f 3081/1868/693 3082/1867/693 3078/1869/693 3077/1870/693
f 3079/1871/694 3083/1866/694 3081/1868/694 3077/1872/694
f 3084/1865/695 3080/1873/695 3078/1874/695 3082/1867/695
o Table_2_Chair_2_Back
v 0.139000 -0.174000 -0.031000
v 0.139000 -0.166000 -0.031000
v 0.139000 -0.174000 -0.101000
v 0.139000 -0.166000 -0.101000
v 0.187000 -0.174000 -0.031000
v 0.187000 -0.166000 -0.031000
v 0.187000 -0.174000 -0.101000
v 0.187000 -0.166000 -0.101000
vn -1.0000 -0.0000 -0.0000
vn -0.0000 -0.0000 -1.0000
vn 1.0000 -0.0000 -0.0000
vn -0.0000 -0.0000 1.0000
vn -0.0000 -1.0000 -0.0000
vn -0.0000 1.0000 -0.0000
vt 0.375000 0.000000
vt 0.625000 0.000000
vt 0.625000 0.250000
vt 0.375000 0.250000
vt 0.625000 0.500000
vt 0.375000 0.500000
vt 0.625000 0.750000
vt 0.375000 0.750000
vt 0.625000 1.000000
vt 0.375000 1.000000
vt 0.125000 0.500000
vt 0.125000 0.750000
vt 0.875000 0.500000
vt 0.875000 0.750000
s 0
usemtl Table_2_Chair_2_Back_mat.043
f 3085/1875/696 3086/1876/696 3088/1877/696 3087/1878/696
f 3087/1878/697 3088/1877/697 3092/1879/697 3091/1880/697
f 3091/1880/698 3092/1879/698 3090/1881/698 3089/1882/698
f 3089/1882/699 3090/1881/699 3086/1883/699 3085/1884/699
f 3087/1885/700 3091/1880/700 3089/1882/700 3085/1886/700
f 3092/1879/701 3088/1887/701 3086/1888/701 3090/1881/701
o Table_2_Chair_3_Seat
v 0.233000 -0.077000 -0.019000
v 0.233000 -0.029000 -0.019000
v 0.233000 -0.077000 -0.041000
v 0.233000 -0.029000 -0.041000
v 0.281000 -0.077000 -0.019000
v 0.281000 -0.029000 -0.019000
v 0.281000 -0.077000 -0.041000
v 0.281000 -0.029000 -0.041000
vn -1.0000 -0.0000 -0.0000
vn -0.0000 -0.0000 -1.0000
vn 1.0000 -0.0000 -0.0000
vn -0.0000 -0.0000 1.0000
vn -0.0000 -1.0000 -0.0000
vn -0.0000 1.0000 -0.0000
vt 0.375000 0.000000
vt 0.625000 0.000000
vt 0.625000 0.250000
vt 0.375000 0.250000
vt 0.625000 0.500000
vt 0.375000 0.500000
vt 0.625000 0.750000
vt 0.375000 0.750000
vt 0.625000 1.000000
vt 0.375000 1.000000
vt 0.125000 0.500000
vt 0.125000 0.750000
vt 0.875000 0.500000
vt 0.875000 0.750000
s 0
usemtl Table_2_Chair_3_Seat_mat.043
f 3093/1889/702 3094/1890/702 3096/1891/702 3095/1892/702
f 3095/1892/703 3096/1891/703 3100/1893/703 3099/1894/703
f 3099/1894/704 3100/1893/704 3098/1895/704 3097/1896/704
f 3097/1896/705 3098/1895/705 3094/1897/705 3093/1898/705
f 3095/1899/706 3099/1894/706 3097/1896/706 3093/1900/706
f 3100/1893/707 3096/1901/707 3094/1902/707 3098/1895/707
o Table_2_Chair_3_Back
v 0.276000 -0.077000 -0.031000
v 0.276000 -0.029000 -0.031000
v 0.276000 -0.077000 -0.101000
v 0.276000 -0.029000 -0.101000
v 0.284000 -0.077000 -0.031000
v 0.284000 -0.029000 -0.031000
v 0.284000 -0.077000 -0.101000
v 0.284000 -0.029000 -0.101000
vn -1.0000 -0.0000 -0.0000
vn -0.0000 -0.0000 -1.0000
vn 1.0000 -0.0000 -0.0000
vn -0.0000 -0.0000 1.0000
vn -0.0000 -1.0000 -0.0000
vn -0.0000 1.0000 -0.0000
vt 0.375000 0.000000
vt 0.625000 0.000000
vt 0.625000 0.250000
vt 0.375000 0.250000
vt 0.625000 0.500000
vt 0.375000 0.500000
vt 0.625000 0.750000
vt 0.375000 0.750000
vt 0.625000 1.000000
vt 0.375000 1.000000
vt 0.125000 0.500000
vt 0.125000 0.750000
vt 0.875000 0.500000
vt 0.875000 0.750000
s 0
usemtl Table_2_Chair_3_Back_mat.043
f 3101/1903/708 3102/1904/708 3104/1905/708 3103/1906/708
f 3103/1906/709 3104/1905/709 3108/1907/709 3107/1908/709
f 3107/1908/710 3108/1907/710 3106/1909/710 3105/1910/710
f 3105/1910/711 3106/1909/711 3102/1911/711 3101/1912/711
f 3103/1913/712 3107/1908/712 3105/1910/712 3101/1914/712
f 3108/1907/713 3104/1915/713 3102/1916/713 3106/1909/713
o Table_2_Chair_4_Seat
v 0.045000 -0.077000 -0.019000
v 0.045000 -0.029000 -0.019000
v 0.045000 -0.077000 -0.041000
v 0.045000 -0.029000 -0.041000
v 0.093000 -0.077000 -0.019000
v 0.093000 -0.029000 -0.019000
v 0.093000 -0.077000 -0.041000
v 0.093000 -0.029000 -0.041000
vn -1.0000 -0.0000 -0.0000
vn -0.0000 -0.0000 -1.0000
vn 1.0000 -0.0000 -0.0000
vn -0.0000 -0.0000 1.0000
vn -0.0000 -1.0000 -0.0000
vn -0.0000 1.0000 -0.0000
vt 0.375000 0.000000
vt 0.625000 0.000000
vt 0.625000 0.250000
vt 0.375000 0.250000
vt 0.625000 0.500000
vt 0.375000 0.500000
vt 0.625000 0.750000
vt 0.375000 0.750000
vt 0.625000 1.000000
vt 0.375000 1.000000
vt 0.125000 0.500000
vt 0.125000 0.750000
vt 0.875000 0.500000
vt 0.875000 0.750000
s 0
usemtl Table_2_Chair_4_Seat_mat.043
f 3109/1917/714 3110/1918/714 3112/1919/714 3111/1920/714
f 3111/1920/715 3112/1919/715 3116/1921/715 3115/1922/715
f 3115/1922/716 3116/1921/716 3114/1923/716 3113/1924/716
f 3113/1924/717 3114/1923/717 3110/1925/717 3109/1926/717
f 3111/1927/718 3115/1922/718 3113/1924/718 3109/1928/718
f 3116/1921/719 3112/1929/719 3110/1930/719 3114/1923/719
o Table_2_Chair_4_Back
v 0.042000 -0.077000 -0.031000
v 0.042000 -0.029000 -0.031000
v 0.042000 -0.077000 -0.101000
v 0.042000 -0.029000 -0.101000
v 0.050000 -0.077000 -0.031000
v 0.050000 -0.029000 -0.031000
v 0.050000 -0.077000 -0.101000
v 0.050000 -0.029000 -0.101000
vn -1.0000 -0.0000 -0.0000
vn -0.0000 -0.0000 -1.0000
vn 1.0000 -0.0000 -0.0000
vn -0.0000 -0.0000 1.0000
vn -0.0000 -1.0000 -0.0000
vn -0.0000 1.0000 -0.0000
vt 0.375000 0.000000
vt 0.625000 0.000000
vt 0.625000 0.250000
vt 0.375000 0.250000
vt 0.625000 0.500000
vt 0.375000 0.500000
vt 0.625000 0.750000
vt 0.375000 0.750000
vt 0.625000 1.000000
vt 0.375000 1.000000
vt 0.125000 0.500000
vt 0.125000 0.750000
vt 0.875000 0.500000
vt 0.875000 0.750000
s 0
usemtl Table_2_Chair_4_Back_mat.043
f 3117/1931/720 3118/1932/720 3120/1933/720 3119/1934/720
f 3119/1934/721 3120/1933/721 3124/1935/721 3123/1936/721
f 3123/1936/722 3124/1935/722 3122/1937/722 3121/1938/722
f 3121/1938/723 3122/1937/723 3118/1939/723 3117/1940/723
f 3119/1941/724 3123/1936/724 3121/1938/724 3117/1942/724
f 3124/1935/725 3120/1943/725 3118/1944/725 3122/1937/725
o Table_2_Call_Light
v 0.163000 -0.039800 -0.067800
v 0.163000 -0.039800 -0.058200
v 0.165575 -0.040054 -0.067800
v 0.165575 -0.040054 -0.058200
v 0.168051 -0.040805 -0.067800
v 0.168051 -0.040805 -0.058200
v 0.170334 -0.042025 -0.067800
v 0.170334 -0.042025 -0.058200
v 0.172334 -0.043666 -0.067800
v 0.172334 -0.043666 -0.058200
v 0.173975 -0.045666 -0.067800
v 0.173975 -0.045666 -0.058200
v 0.175195 -0.047949 -0.067800
v 0.175195 -0.047949 -0.058200
v 0.175946 -0.050425 -0.067800
v 0.175946 -0.050425 -0.058200
v 0.176200 -0.053000 -0.067800
v 0.176200 -0.053000 -0.058200
v 0.175946 -0.055575 -0.067800
v 0.175946 -0.055575 -0.058200
v 0.175195 -0.058051 -0.067800
v 0.175195 -0.058051 -0.058200
v 0.173975 -0.060334 -0.067800
v 0.173975 -0.060334 -0.058200
v 0.172334 -0.062334 -0.067800
v 0.172334 -0.062334 -0.058200
v 0.170334 -0.063975 -0.067800
v 0.170334 -0.063975 -0.058200
v 0.168051 -0.065195 -0.067800
v 0.168051 -0.065195 -0.058200
v 0.165575 -0.065946 -0.067800
v 0.165575 -0.065946 -0.058200
v 0.163000 -0.066200 -0.067800
v 0.163000 -0.066200 -0.058200
v 0.160425 -0.065946 -0.067800
v 0.160425 -0.065946 -0.058200
v 0.157949 -0.065195 -0.067800
v 0.157949 -0.065195 -0.058200
v 0.155666 -0.063975 -0.067800
v 0.155666 -0.063975 -0.058200
v 0.153666 -0.062334 -0.067800
v 0.153666 -0.062334 -0.058200
v 0.152025 -0.060334 -0.067800
v 0.152025 -0.060334 -0.058200
v 0.150805 -0.058051 -0.067800
v 0.150805 -0.058051 -0.058200
v 0.150054 -0.055575 -0.067800
v 0.150054 -0.055575 -0.058200
v 0.149800 -0.053000 -0.067800
v 0.149800 -0.053000 -0.058200
v 0.150054 -0.050425 -0.067800
v 0.150054 -0.050425 -0.058200
v 0.150805 -0.047949 -0.067800
v 0.150805 -0.047949 -0.058200
v 0.152025 -0.045666 -0.067800
v 0.152025 -0.045666 -0.058200
v 0.153666 -0.043666 -0.067800
v 0.153666 -0.043666 -0.058200
v 0.155666 -0.042025 -0.067800
v 0.155666 -0.042025 -0.058200
v 0.157949 -0.040805 -0.067800
v 0.157949 -0.040805 -0.058200
v 0.160425 -0.040054 -0.067800
v 0.160425 -0.040054 -0.058200
vn 0.0980 0.9952 -0.0000
vn 0.2903 0.9569 -0.0000
vn 0.4714 0.8819 -0.0000
vn 0.6344 0.7730 -0.0000
vn 0.7730 0.6344 -0.0000
vn 0.8819 0.4714 -0.0000
vn 0.9569 0.2903 -0.0000
vn 0.9952 0.0980 -0.0000
vn 0.9952 -0.0980 -0.0000
vn 0.9569 -0.2903 -0.0000
vn 0.8819 -0.4714 -0.0000
vn 0.7730 -0.6344 -0.0000
vn 0.6344 -0.7730 -0.0000
vn 0.4714 -0.8819 -0.0000
vn 0.2903 -0.9569 -0.0000
vn 0.0980 -0.9952 -0.0000
vn -0.0980 -0.9952 -0.0000
vn -0.2903 -0.9569 -0.0000
vn -0.4714 -0.8819 -0.0000
vn -0.6344 -0.7730 -0.0000
vn -0.7730 -0.6344 -0.0000
vn -0.8819 -0.4714 -0.0000
vn -0.9569 -0.2903 -0.0000
vn -0.9952 -0.0980 -0.0000
vn -0.9952 0.0980 -0.0000
vn -0.9569 0.2903 -0.0000
vn -0.8819 0.4714 -0.0000
vn -0.7730 0.6344 -0.0000
vn -0.6344 0.7730 -0.0000
vn -0.4714 0.8819 -0.0000
vn -0.0000 -0.0000 1.0000
vn -0.2903 0.9569 -0.0000
vn -0.0980 0.9952 -0.0000
vn -0.0000 -0.0000 -1.0000
vt 1.000000 0.500000
vt 1.000000 1.000000
vt 0.968750 1.000000
vt 0.968750 0.500000
vt 0.937500 1.000000
vt 0.937500 0.500000
vt 0.906250 1.000000
vt 0.906250 0.500000
vt 0.875000 1.000000
vt 0.875000 0.500000
vt 0.843750 1.000000
vt 0.843750 0.500000
vt 0.812500 1.000000
vt 0.812500 0.500000
vt 0.781250 1.000000
vt 0.781250 0.500000
vt 0.750000 1.000000
vt 0.750000 0.500000
vt 0.718750 1.000000
vt 0.718750 0.500000
vt 0.687500 1.000000
vt 0.687500 0.500000
vt 0.656250 1.000000
vt 0.656250 0.500000
vt 0.625000 1.000000
vt 0.625000 0.500000
vt 0.593750 1.000000
vt 0.593750 0.500000
vt 0.562500 1.000000
vt 0.562500 0.500000
vt 0.531250 1.000000
vt 0.531250 0.500000
vt 0.500000 1.000000
vt 0.500000 0.500000
vt 0.468750 1.000000
vt 0.468750 0.500000
vt 0.437500 1.000000
vt 0.437500 0.500000
vt 0.406250 1.000000
vt 0.406250 0.500000
vt 0.375000 1.000000
vt 0.375000 0.500000
vt 0.343750 1.000000
vt 0.343750 0.500000
vt 0.312500 1.000000
vt 0.312500 0.500000
vt 0.281250 1.000000
vt 0.281250 0.500000
vt 0.250000 1.000000
vt 0.250000 0.500000
vt 0.218750 1.000000
vt 0.218750 0.500000
vt 0.187500 1.000000
vt 0.187500 0.500000
vt 0.156250 1.000000
vt 0.156250 0.500000
vt 0.125000 1.000000
vt 0.125000 0.500000
vt 0.093750 1.000000
vt 0.093750 0.500000
vt 0.062500 1.000000
vt 0.062500 0.500000
vt 0.296822 0.485388
vt 0.250000 0.490000
vt 0.203178 0.485388
vt 0.158156 0.471731
vt 0.116663 0.449553
vt 0.080294 0.419706
vt 0.050447 0.383337
vt 0.028269 0.341844
vt 0.014612 0.296822
vt 0.010000 0.250000
vt 0.014612 0.203178
vt 0.028269 0.158156
vt 0.050447 0.116663
vt 0.080294 0.080294
vt 0.116663 0.050447
vt 0.158156 0.028269
vt 0.203178 0.014612
vt 0.250000 0.010000
vt 0.296822 0.014612
vt 0.341844 0.028269
vt 0.383337 0.050447
vt 0.419706 0.080294
vt 0.449553 0.116663
vt 0.471731 0.158156
vt 0.485388 0.203178
vt 0.490000 0.250000
vt 0.485388 0.296822
vt 0.471731 0.341844
vt 0.449553 0.383337
vt 0.419706 0.419706
vt 0.383337 0.449553
vt 0.341844 0.471731
vt 0.031250 1.000000
vt 0.031250 0.500000
vt 0.000000 1.000000
vt 0.000000 0.500000
vt 0.750000 0.490000
vt 0.796822 0.485388
vt 0.841844 0.471731
vt 0.883337 0.449553
vt 0.919706 0.419706
vt 0.949553 0.383337
vt 0.971731 0.341844
vt 0.985388 0.296822
vt 0.990000 0.250000
vt 0.985388 0.203178
vt 0.971731 0.158156
vt 0.949553 0.116663
vt 0.919706 0.080294
vt 0.883337 0.050447
vt 0.841844 0.028269
vt 0.796822 0.014612
vt 0.750000 0.010000
vt 0.703178 0.014612
vt 0.658156 0.028269
vt 0.616663 0.050447
vt 0.580294 0.080294
vt 0.550447 0.116663
vt 0.528269 0.158156
vt 0.514612 0.203178
vt 0.510000 0.250000
vt 0.514612 0.296822
vt 0.528269 0.341844
vt 0.550447 0.383337
vt 0.580294 0.419706
vt 0.616663 0.449553
vt 0.658156 0.471731
vt 0.703178 0.485388
s 0
usemtl Table_2_Call_Light_mat.043
f 3125/1945/726 3126/1946/726 3128/1947/726 3127/1948/726
f 3127/1948/727 3128/1947/727 3130/1949/727 3129/1950/727
f 3129/1950/728 3130/1949/728 3132/1951/728 3131/1952/728
f 3131/1952/729 3132/1951/729 3134/1953/729 3133/1954/729
f 3133/1954/730 3134/1953/730 3136/1955/730 3135/1956/730
f 3135/1956/731 3136/1955/731 3138/1957/731 3137/1958/731
f 3137/1958/732 3138/1957/732 3140/1959/732 3139/1960/732
f 3139/1960/733 3140/1959/733 3142/1961/733 3141/1962/733
f 3141/1962/734 3142/1961/734 3144/1963/734 3143/1964/734
f 3143/1964/735 3144/1963/735 3146/1965/735 3145/1966/735
f 3145/1966/736 3146/1965/736 3148/1967/736 3147/1968/736
f 3147/1968/737 3148/1967/737 3150/1969/737 3149/1970/737
f 3149/1970/738 3150/1969/738 3152/1971/738 3151/1972/738
f 3151/1972/739 3152/1971/739 3154/1973/739 3153/1974/739
f 3153/1974/740 3154/1973/740 3156/1975/740 3155/1976/740
f 3155/1976/741 3156/1975/741 3158/1977/741 3157/1978/741
f 3157/1978/742 3158/1977/742 3160/1979/742 3159/1980/742
f 3159/1980/743 3160/1979/743 3162/1981/743 3161/1982/743
f 3161/1982/744 3162/1981/744 3164/1983/744 3163/1984/744
f 3163/1984/745 3164/1983/745 3166/1985/745 3165/1986/745
f 3165/1986/746 3166/1985/746 3168/1987/746 3167/1988/746
f 3167/1988/747 3168/1987/747 3170/1989/747 3169/1990/747
f 3169/1990/748 3170/1989/748 3172/1991/748 3171/1992/748
f 3171/1992/749 3172/1991/749 3174/1993/749 3173/1994/749
f 3173/1994/750 3174/1993/750 3176/1995/750 3175/1996/750
f 3175/1996/751 3176/1995/751 3178/1997/751 3177/1998/751
f 3177/1998/752 3178/1997/752 3180/1999/752 3179/2000/752
f 3179/2000/753 3180/1999/753 3182/2001/753 3181/2002/753
f 3181/2002/754 3182/2001/754 3184/2003/754 3183/2004/754
f 3183/2004/755 3184/2003/755 3186/2005/755 3185/2006/755
f 3128/2007/756 3126/2008/756 3188/2009/756 3186/2010/756 3184/2011/756 3182/2012/756 3180/2013/756 3178/2014/756 3176/2015/756 3174/2016/756 3172/2017/756 3170/2018/756 3168/2019/756 3166/2020/756 3164/2021/756 3162/2022/756 3160/2023/756 3158/2024/756 3156/2025/756 3154/2026/756 3152/2027/756 3150/2028/756 3148/2029/756 3146/2030/756 3144/2031/756 3142/2032/756 3140/2033/756 3138/2034/756 3136/2035/756 3134/2036/756 3132/2037/756 3130/2038/756
f 3185/2006/757 3186/2005/757 3188/2039/757 3187/2040/757
f 3187/2040/758 3188/2039/758 3126/2041/758 3125/2042/758
f 3125/2043/759 3127/2044/759 3129/2045/759 3131/2046/759 3133/2047/759 3135/2048/759 3137/2049/759 3139/2050/759 3141/2051/759 3143/2052/759 3145/2053/759 3147/2054/759 3149/2055/759 3151/2056/759 3153/2057/759 3155/2058/759 3157/2059/759 3159/2060/759 3161/2061/759 3163/2062/759 3165/2063/759 3167/2064/759 3169/2065/759 3171/2066/759 3173/2067/759 3175/2068/759 3177/2069/759 3179/2070/759 3181/2071/759 3183/2072/759 3185/2073/759 3187/2074/759
o Table_2_Label
v 0.164548 -0.052700 -0.072600
v 0.164548 -0.052700 -0.072726
v 0.164896 -0.052700 -0.073147
v 0.165260 -0.052700 -0.073590
v 0.165637 -0.052700 -0.074050
v 0.166022 -0.052700 -0.074523
v 0.166410 -0.052700 -0.075007
v 0.166796 -0.052700 -0.075498
v 0.167175 -0.052700 -0.075992
v 0.167544 -0.052700 -0.076485
v 0.167897 -0.052700 -0.076973
v 0.168229 -0.052700 -0.077454
v 0.168537 -0.052700 -0.077924
v 0.168814 -0.052700 -0.078378
v 0.168952 -0.052700 -0.078618
v 0.169078 -0.052700 -0.078845
v 0.169192 -0.052700 -0.079062
v 0.169294 -0.052700 -0.079271
v 0.169384 -0.052700 -0.079476
v 0.169462 -0.052700 -0.079678
v 0.169528 -0.052700 -0.079882
v 0.169582 -0.052700 -0.080089
v 0.169624 -0.052700 -0.080302
v 0.169654 -0.052700 -0.080524
v 0.169672 -0.052700 -0.080758
v 0.169678 -0.052700 -0.081006
v 0.169660 -0.052700 -0.081335
v 0.169606 -0.052700 -0.081645
v 0.169519 -0.052700 -0.081936
v 0.169400 -0.052700 -0.082203
v 0.169252 -0.052700 -0.082447
v 0.169077 -0.052700 -0.082664
v 0.168877 -0.052700 -0.082853
v 0.168654 -0.052700 -0.083013
v 0.168410 -0.052700 -0.083140
v 0.168147 -0.052700 -0.083233
v 0.167867 -0.052700 -0.083290
v 0.167572 -0.052700 -0.083310
v 0.167351 -0.052700 -0.083301
v 0.167129 -0.052700 -0.083275
v 0.166906 -0.052700 -0.083228
v 0.166681 -0.052700 -0.083161
v 0.166455 -0.052700 -0.083070
v 0.166227 -0.052700 -0.082955
v 0.165996 -0.052700 -0.082813
v 0.165763 -0.052700 -0.082643
v 0.165527 -0.052700 -0.082444
v 0.165288 -0.052700 -0.082214
v 0.165046 -0.052700 -0.081951
v 0.164800 -0.052700 -0.081654
v 0.164800 -0.052700 -0.083868
v 0.165046 -0.052700 -0.084057
v 0.165290 -0.052700 -0.084230
v 0.165531 -0.052700 -0.084385
v 0.165771 -0.052700 -0.084523
v 0.166010 -0.052700 -0.084645
v 0.166249 -0.052700 -0.084750
v 0.166488 -0.052700 -0.084839
v 0.166727 -0.052700 -0.084911
v 0.166967 -0.052700 -0.084967
v 0.167208 -0.052700 -0.085006
v 0.167452 -0.052700 -0.085030
v 0.167698 -0.052700 -0.085038
v 0.168237 -0.052700 -0.085006
v 0.168744 -0.052700 -0.084912
v 0.169217 -0.052700 -0.084758
v 0.169653 -0.052700 -0.084548
v 0.170048 -0.052700 -0.084285
v 0.170400 -0.052700 -0.083972
v 0.170706 -0.052700 -0.083611
v 0.170963 -0.052700 -0.083206
v 0.171168 -0.052700 -0.082760
v 0.171318 -0.052700 -0.082276
v 0.171411 -0.052700 -0.081756
v 0.171442 -0.052700 -0.081204
v 0.171419 -0.052700 -0.080710
v 0.171349 -0.052700 -0.080223
v 0.171230 -0.052700 -0.079736
v 0.171061 -0.052700 -0.079243
v 0.170838 -0.052700 -0.078737
v 0.170560 -0.052700 -0.078212
v 0.170225 -0.052700 -0.077660
v 0.169831 -0.052700 -0.077075
v 0.169377 -0.052700 -0.076450
v 0.168859 -0.052700 -0.075780
v 0.168276 -0.052700 -0.075057
v 0.167626 -0.052700 -0.074274
v 0.172324 -0.052700 -0.074274
v 0.172324 -0.052700 -0.072600
v 0.159382 -0.052700 -0.083292
v 0.159382 -0.052700 -0.072600
v 0.157618 -0.052700 -0.072600
v 0.157618 -0.052700 -0.083292
v 0.153370 -0.052700 -0.083292
v 0.153370 -0.052700 -0.084876
v 0.163630 -0.052700 -0.084876
v 0.163630 -0.052700 -0.083292
v 0.164548 -0.053300 -0.072600
v 0.164548 -0.053300 -0.072726
v 0.164896 -0.053300 -0.073147
v 0.165260 -0.053300 -0.073590
v 0.165637 -0.053300 -0.074050
v 0.166022 -0.053300 -0.074523
v 0.166410 -0.053300 -0.075007
v 0.166796 -0.053300 -0.075498
v 0.167175 -0.053300 -0.075992
v 0.167544 -0.053300 -0.076485
v 0.167897 -0.053300 -0.076973
v 0.168229 -0.053300 -0.077454
v 0.168537 -0.053300 -0.077924
v 0.168814 -0.053300 -0.078378
v 0.168952 -0.053300 -0.078618
v 0.169078 -0.053300 -0.078845
v 0.169192 -0.053300 -0.079062
v 0.169294 -0.053300 -0.079271
v 0.169384 -0.053300 -0.079476
v 0.169462 -0.053300 -0.079678
v 0.169528 -0.053300 -0.079882
v 0.169582 -0.053300 -0.080089
v 0.169624 -0.053300 -0.080302
v 0.169654 -0.053300 -0.080524
v 0.169672 -0.053300 -0.080758
v 0.169678 -0.053300 -0.081006
v 0.169660 -0.053300 -0.081335
v 0.169606 -0.053300 -0.081645
v 0.169519 -0.053300 -0.081936
v 0.169400 -0.053300 -0.082203
v 0.169252 -0.053300 -0.082447
v 0.169077 -0.053300 -0.082664
v 0.168877 -0.053300 -0.082853
v 0.168654 -0.053300 -0.083013
v 0.168410 -0.053300 -0.083140
v 0.168147 -0.053300 -0.083233
v 0.167867 -0.053300 -0.083290
v 0.167572 -0.053300 -0.083310
v 0.167351 -0.053300 -0.083301
v 0.167129 -0.053300 -0.083275
v 0.166906 -0.053300 -0.083228
v 0.166681 -0.053300 -0.083161
v 0.166455 -0.053300 -0.083070
v 0.166227 -0.053300 -0.082955
v 0.165996 -0.053300 -0.082813
v 0.165763 -0.053300 -0.082643
v 0.165527 -0.053300 -0.082444
v 0.165288 -0.053300 -0.082214
v 0.165046 -0.053300 -0.081951
v 0.164800 -0.053300 -0.081654
v 0.164800 -0.053300 -0.083868
v 0.165046 -0.053300 -0.084057
v 0.165290 -0.053300 -0.084230
v 0.165531 -0.053300 -0.084385
v 0.165771 -0.053300 -0.084523
v 0.166010 -0.053300 -0.084645
v 0.166249 -0.053300 -0.084750
v 0.166488 -0.053300 -0.084839
v 0.166727 -0.053300 -0.084911
v 0.166967 -0.053300 -0.084967
v 0.167208 -0.053300 -0.085006
v 0.167452 -0.053300 -0.085030
v 0.167698 -0.053300 -0.085038
v 0.168237 -0.053300 -0.085006
v 0.168744 -0.053300 -0.084912
v 0.169217 -0.053300 -0.084758
v 0.169653 -0.053300 -0.084548
v 0.170048 -0.053300 -0.084285
v 0.170400 -0.053300 -0.083972
v 0.170706 -0.053300 -0.083611
v 0.170963 -0.053300 -0.083206
v 0.171168 -0.053300 -0.082760
v 0.171318 -0.053300 -0.082276
v 0.171411 -0.053300 -0.081756
v 0.171442 -0.053300 -0.081204
v 0.171419 -0.053300 -0.080710
v 0.171349 -0.053300 -0.080223
v 0.171230 -0.053300 -0.079736
v 0.171061 -0.053300 -0.079243
v 0.170838 -0.053300 -0.078737
v 0.170560 -0.053300 -0.078212
v 0.170225 -0.053300 -0.077660
v 0.169831 -0.053300 -0.077075
v 0.169377 -0.053300 -0.076450
v 0.168859 -0.053300 -0.075780
v 0.168276 -0.053300 -0.075057
v 0.167626 -0.053300 -0.074274
v 0.172324 -0.053300 -0.074274
v 0.172324 -0.053300 -0.072600
v 0.159382 -0.053300 -0.083292
v 0.159382 -0.053300 -0.072600
v 0.157618 -0.053300 -0.072600
v 0.157618 -0.053300 -0.083292
v 0.153370 -0.053300 -0.083292
v 0.153370 -0.053300 -0.084876
v 0.163630 -0.053300 -0.084876
v 0.163630 -0.053300 -0.083292
v 0.159382 -0.053300 -0.083292
v 0.159382 -0.052700 -0.083292
v 0.159382 -0.053300 -0.072600
v 0.159382 -0.052700 -0.072600
v 0.157618 -0.053300 -0.072600
v 0.157618 -0.052700 -0.072600
v 0.157618 -0.053300 -0.083292
v 0.157618 -0.052700 -0.083292
v 0.153370 -0.053300 -0.083292
v 0.153370 -0.052700 -0.083292
v 0.153370 -0.053300 -0.084876
v 0.153370 -0.052700 -0.084876
v 0.163630 -0.053300 -0.084876
v 0.163630 -0.052700 -0.084876
v 0.163630 -0.053300 -0.083292
v 0.163630 -0.052700 -0.083292
v 0.164548 -0.053300 -0.072600
v 0.164548 -0.052700 -0.072600
v 0.164548 -0.053300 -0.072726
v 0.164548 -0.052700 -0.072726
v 0.164896 -0.053300 -0.073147
v 0.164896 -0.052700 -0.073147
v 0.165260 -0.053300 -0.073590
v 0.165260 -0.052700 -0.073590
v 0.165637 -0.053300 -0.074050
v 0.165637 -0.052700 -0.074050
v 0.166022 -0.053300 -0.074523
v 0.166022 -0.052700 -0.074523
v 0.166410 -0.053300 -0.075007
v 0.166410 -0.052700 -0.075007
v 0.166796 -0.053300 -0.075498
v 0.166796 -0.052700 -0.075498
v 0.167175 -0.053300 -0.075992
v 0.167175 -0.052700 -0.075992
v 0.167544 -0.053300 -0.076485
v 0.167544 -0.052700 -0.076485
v 0.167897 -0.053300 -0.076973
v 0.167897 -0.052700 -0.076973
v 0.168229 -0.053300 -0.077454
v 0.168229 -0.052700 -0.077454
v 0.168537 -0.053300 -0.077924
v 0.168537 -0.052700 -0.077924
v 0.168814 -0.053300 -0.078378
v 0.168814 -0.052700 -0.078378
v 0.168952 -0.053300 -0.078618
v 0.168952 -0.052700 -0.078618
v 0.169078 -0.053300 -0.078845
v 0.169078 -0.052700 -0.078845
v 0.169192 -0.053300 -0.079062
v 0.169192 -0.052700 -0.079062
v 0.169294 -0.053300 -0.079271
v 0.169294 -0.052700 -0.079271
v 0.169384 -0.053300 -0.079476
v 0.169384 -0.052700 -0.079476
v 0.169462 -0.053300 -0.079678
v 0.169462 -0.052700 -0.079678
v 0.169528 -0.053300 -0.079882
v 0.169528 -0.052700 -0.079882
v 0.169582 -0.053300 -0.080089
v 0.169582 -0.052700 -0.080089
v 0.169624 -0.053300 -0.080302
v 0.169624 -0.052700 -0.080302
v 0.169654 -0.053300 -0.080524
v 0.169654 -0.052700 -0.080524
v 0.169672 -0.053300 -0.080758
v 0.169672 -0.052700 -0.080758
v 0.169678 -0.053300 -0.081006
v 0.169678 -0.052700 -0.081006
v 0.169660 -0.053300 -0.081335
v 0.169660 -0.052700 -0.081335
v 0.169606 -0.053300 -0.081645
v 0.169606 -0.052700 -0.081645
v 0.169519 -0.053300 -0.081936
v 0.169519 -0.052700 -0.081936
v 0.169400 -0.053300 -0.082203
v 0.169400 -0.052700 -0.082203
v 0.169252 -0.053300 -0.082447
v 0.169252 -0.052700 -0.082447
v 0.169077 -0.053300 -0.082664
v 0.169077 -0.052700 -0.082664
v 0.168877 -0.053300 -0.082853
v 0.168877 -0.052700 -0.082853
v 0.168654 -0.053300 -0.083013
v 0.168654 -0.052700 -0.083013
v 0.168410 -0.053300 -0.083140
v 0.168410 -0.052700 -0.083140
v 0.168147 -0.053300 -0.083233
v 0.168147 -0.052700 -0.083233
v 0.167867 -0.053300 -0.083290
v 0.167867 -0.052700 -0.083290
v 0.167572 -0.053300 -0.083310
v 0.167572 -0.052700 -0.083310
v 0.167351 -0.053300 -0.083301
v 0.167351 -0.052700 -0.083301
v 0.167129 -0.053300 -0.083275
v 0.167129 -0.052700 -0.083275
v 0.166906 -0.053300 -0.083228
v 0.166906 -0.052700 -0.083228
v 0.166681 -0.053300 -0.083161
v 0.166681 -0.052700 -0.083161
v 0.166455 -0.053300 -0.083070
v 0.166455 -0.052700 -0.083070
v 0.166227 -0.053300 -0.082955
v 0.166227 -0.052700 -0.082955
v 0.165996 -0.053300 -0.082813
v 0.165996 -0.052700 -0.082813
v 0.165763 -0.053300 -0.082643
v 0.165763 -0.052700 -0.082643
v 0.165527 -0.053300 -0.082444
v 0.165527 -0.052700 -0.082444
v 0.165288 -0.053300 -0.082214
v 0.165288 -0.052700 -0.082214
v 0.165046 -0.053300 -0.081951
v 0.165046 -0.052700 -0.081951
v 0.164800 -0.053300 -0.081654
v 0.164800 -0.052700 -0.081654
v 0.164800 -0.053300 -0.083868
v 0.164800 -0.052700 -0.083868
v 0.165046 -0.053300 -0.084057
v 0.165046 -0.052700 -0.084057
v 0.165290 -0.053300 -0.084230
v 0.165290 -0.052700 -0.084230
v 0.165531 -0.053300 -0.084385
v 0.165531 -0.052700 -0.084385
v 0.165771 -0.053300 -0.084523
v 0.165771 -0.052700 -0.084523
v 0.166010 -0.053300 -0.084645
v 0.166010 -0.052700 -0.084645
v 0.166249 -0.053300 -0.084750
v 0.166249 -0.052700 -0.084750
v 0.166488 -0.053300 -0.084839
v 0.166488 -0.052700 -0.084839
v 0.166727 -0.053300 -0.084911
v 0.166727 -0.052700 -0.084911
v 0.166967 -0.053300 -0.084967
v 0.166967 -0.052700 -0.084967
v 0.167208 -0.053300 -0.085006
v 0.167208 -0.052700 -0.085006
v 0.167452 -0.053300 -0.085030
v 0.167452 -0.052700 -0.085030
v 0.167698 -0.053300 -0.085038
v 0.167698 -0.052700 -0.085038
v 0.168237 -0.053300 -0.085006
v 0.168237 -0.052700 -0.085006
v 0.168744 -0.053300 -0.084912
v 0.168744 -0.052700 -0.084912
v 0.169217 -0.053300 -0.084758
v 0.169217 -0.052700 -0.084758
v 0.169653 -0.053300 -0.084548
v 0.169653 -0.052700 -0.084548
v 0.170048 -0.053300 -0.084285
v 0.170048 -0.052700 -0.084285
v 0.170400 -0.053300 -0.083972
v 0.170400 -0.052700 -0.083972
v 0.170706 -0.053300 -0.083611
v 0.170706 -0.052700 -0.083611
v 0.170963 -0.053300 -0.083206
v 0.170963 -0.052700 -0.083206
v 0.171168 -0.053300 -0.082760
v 0.171168 -0.052700 -0.082760
v 0.171318 -0.053300 -0.082276
v 0.171318 -0.052700 -0.082276
v 0.171411 -0.053300 -0.081756
v 0.171411 -0.052700 -0.081756
v 0.171442 -0.053300 -0.081204
v 0.171442 -0.052700 -0.081204
v 0.171419 -0.053300 -0.080710
v 0.171419 -0.052700 -0.080710
v 0.171349 -0.053300 -0.080223
v 0.171349 -0.052700 -0.080223
v 0.171230 -0.053300 -0.079736
v 0.171230 -0.052700 -0.079736
v 0.171061 -0.053300 -0.079243
v 0.171061 -0.052700 -0.079243
v 0.170838 -0.053300 -0.078737
v 0.170838 -0.052700 -0.078737
v 0.170560 -0.053300 -0.078212
v 0.170560 -0.052700 -0.078212
v 0.170225 -0.053300 -0.077660
v 0.170225 -0.052700 -0.077660
v 0.169831 -0.053300 -0.077075
v 0.169831 -0.052700 -0.077075
v 0.169377 -0.053300 -0.076450
v 0.169377 -0.052700 -0.076450
v 0.168859 -0.053300 -0.075780
v 0.168859 -0.052700 -0.075780
v 0.168276 -0.053300 -0.075057
v 0.168276 -0.052700 -0.075057
v 0.167626 -0.053300 -0.074274
v 0.167626 -0.052700 -0.074274
v 0.172324 -0.053300 -0.074274
v 0.172324 -0.052700 -0.074274
v 0.172324 -0.053300 -0.072600
v 0.172324 -0.052700 -0.072600
vn -0.0000 1.0000 -0.0000
vn -0.0000 -1.0000 -0.0000
vn 0.7071 -0.0000 0.7071
vn -0.7071 -0.0000 0.7071
vn -0.7071 -0.0000 -0.7071
vn 0.7071 -0.0000 -0.7071
vn -0.9411 -0.0000 -0.3381
vn -0.7715 -0.0000 -0.6362
vn -0.7725 -0.0000 -0.6350
vn -0.7748 -0.0000 -0.6322
vn -0.7784 -0.0000 -0.6278
vn -0.7832 -0.0000 -0.6218
vn -0.7893 -0.0000 -0.6140
vn -0.7968 -0.0000 -0.6042
vn -0.8059 -0.0000 -0.5921
vn -0.8167 -0.0000 -0.5770
vn -0.8297 -0.0000 -0.5582
vn -0.8451 -0.0000 -0.5345
vn -0.8603 -0.0000 -0.5098
vn -0.8707 -0.0000 -0.4918
vn -0.8798 -0.0000 -0.4753
vn -0.8921 -0.0000 -0.4517
vn -0.9073 -0.0000 -0.4204
vn -0.9245 -0.0000 -0.3811
vn -0.9425 -0.0000 -0.3341
vn -0.9598 -0.0000 -0.2808
vn -0.9748 -0.0000 -0.2231
vn -0.9865 -0.0000 -0.1637
vn -0.9944 -0.0000 -0.1054
vn -0.9987 -0.0000 -0.0505
vn -0.9999 -0.0000 0.0159
vn -0.9935 -0.0000 0.1136
vn -0.9732 -0.0000 0.2298
vn -0.9379 -0.0000 0.3470
vn -0.8865 -0.0000 0.4627
vn -0.8187 -0.0000 0.5742
vn -0.7347 -0.0000 0.6783
vn -0.6354 -0.0000 0.7722
vn -0.5226 -0.0000 0.8526
vn -0.3990 -0.0000 0.9170
vn -0.2680 -0.0000 0.9634
vn -0.1338 -0.0000 0.9910
vn -0.0138 -0.0000 0.9999
vn 0.0789 -0.0000 0.9969
vn 0.1615 -0.0000 0.9869
vn 0.2464 -0.0000 0.9692
vn 0.3308 -0.0000 0.9437
vn 0.4119 -0.0000 0.9112
vn 0.4875 -0.0000 0.8731
vn 0.5561 -0.0000 0.8311
vn 0.6168 -0.0000 0.7871
vn 0.6696 -0.0000 0.7427
vn 0.7150 -0.0000 0.6992
vn 0.7534 -0.0000 0.6575
vn -0.3385 -0.0000 0.9410
vn -0.8972 -0.0000 -0.4416
vn -0.5938 -0.0000 -0.8046
vn -0.5592 -0.0000 -0.8290
vn -0.5202 -0.0000 -0.8540
vn -0.4766 -0.0000 -0.8791
vn -0.4283 -0.0000 -0.9036
vn -0.3755 -0.0000 -0.9268
vn -0.3185 -0.0000 -0.9479
vn -0.2580 -0.0000 -0.9662
vn -0.1947 -0.0000 -0.9809
vn -0.1299 -0.0000 -0.9915
vn -0.0646 -0.0000 -0.9979
vn 0.0137 -0.0000 -0.9999
vn 0.1214 -0.0000 -0.9926
vn 0.2464 -0.0000 -0.9692
vn 0.3723 -0.0000 -0.9281
vn 0.4952 -0.0000 -0.8688
vn 0.6109 -0.0000 -0.7917
vn 0.7153 -0.0000 -0.6988
vn 0.8053 -0.0000 -0.5929
vn 0.8785 -0.0000 -0.4778
vn 0.9339 -0.0000 -0.3575
vn 0.9718 -0.0000 -0.2358
vn 0.9933 -0.0000 -0.1159
vn 1.0000 -0.0000 -0.0053
vn 0.9956 -0.0000 0.0942
vn 0.9818 -0.0000 0.1898
vn 0.9595 -0.0000 0.2817
vn 0.9312 -0.0000 0.3646
vn 0.9002 -0.0000 0.4354
vn 0.8699 -0.0000 0.4932
vn 0.8425 -0.0000 0.5387
vn 0.8190 -0.0000 0.5738
vn 0.7999 -0.0000 0.6001
vn 0.7851 -0.0000 0.6194
vn 0.7740 -0.0000 0.6332
vn 0.9052 -0.0000 -0.4250
vt 0.011364 0.000000
vt 0.000000 0.000000
vt 0.022727 0.000000
vt 0.568182 0.000000
vt 0.556818 0.000000
vt 0.545455 0.000000
vt 0.534091 0.000000
vt 0.522727 0.000000
vt 0.488636 0.000000
vt 0.477273 0.000000
vt 0.602273 0.000000
vt 0.613636 0.000000
vt 0.625000 0.000000
vt 0.511364 0.000000
vt 0.579545 0.000000
vt 0.500000 0.000000
vt 0.590909 0.000000
vt 0.681818 0.000000
vt 0.431818 0.000000
vt 0.693182 0.000000
vt 0.670455 0.000000
vt 0.443182 0.000000
vt 0.647727 0.000000
vt 0.454545 0.000000
vt 0.659091 0.000000
vt 0.409091 0.000000
vt 0.704545 0.000000
vt 0.420455 0.000000
vt 0.397727 0.000000
vt 0.715909 0.000000
vt 0.977273 0.000000
vt 0.965909 0.000000
vt 0.079545 0.000000
vt 0.090909 0.000000
vt 0.102273 0.000000
vt 0.034091 0.000000
vt 0.045455 0.000000
vt 0.056818 0.000000
vt 0.068182 0.000000
vt 0.465909 0.000000
vt 0.636364 0.000000
vt 0.272727 0.000000
vt 0.261364 0.000000
vt 0.863636 0.000000
vt 0.852273 0.000000
vt 0.284091 0.000000
vt 0.840909 0.000000
vt 0.295455 0.000000
vt 0.829545 0.000000
vt 0.147727 0.000000
vt 0.136364 0.000000
vt 0.931818 0.000000
vt 0.920455 0.000000
vt 0.159091 0.000000
vt 0.170455 0.000000
vt 0.909091 0.000000
vt 0.181818 0.000000
vt 0.193182 0.000000
vt 0.897727 0.000000
vt 0.204545 0.000000
vt 0.215909 0.000000
vt 0.886364 0.000000
vt 0.227273 0.000000
vt 0.875000 0.000000
vt 0.238636 0.000000
vt 0.250000 0.000000
vt 0.306818 0.000000
vt 0.818182 0.000000
vt 0.318182 0.000000
vt 0.806818 0.000000
vt 0.329545 0.000000
vt 0.795455 0.000000
vt 0.340909 0.000000
vt 0.784091 0.000000
vt 0.352273 0.000000
vt 0.772727 0.000000
vt 0.363636 0.000000
vt 0.761364 0.000000
vt 0.750000 0.000000
vt 0.375000 0.000000
vt 0.738636 0.000000
vt 1.000000 0.000000
vt 0.988636 0.000000
vt 0.954545 0.000000
vt 0.113636 0.000000
vt 0.943182 0.000000
vt 0.125000 0.000000
vt 0.386364 0.000000
vt 0.727273 0.000000
vt 0.714286 0.000000
vt 0.571429 0.000000
vt 0.428571 0.000000
vt 0.857143 0.000000
vt 0.285714 0.000000
vt 0.142857 0.000000
vt 0.000000 1.000000
vt 0.125000 1.000000
vt 0.250000 1.000000
vt 0.375000 1.000000
vt 0.500000 1.000000
vt 0.625000 1.000000
vt 0.750000 1.000000
vt 0.875000 1.000000
vt 1.000000 1.000000
vt 0.011236 1.000000
vt 0.011236 0.000000
vt 0.022472 1.000000
vt 0.022472 0.000000
vt 0.033708 1.000000
vt 0.033708 0.000000
vt 0.044944 1.000000
vt 0.044944 0.000000
vt 0.056180 1.000000
vt 0.056180 0.000000
vt 0.067416 1.000000
vt 0.067416 0.000000
vt 0.078652 1.000000
vt 0.078652 0.000000
vt 0.089888 1.000000
vt 0.089888 0.000000
vt 0.101124 1.000000
vt 0.101124 0.000000
vt 0.112360 1.000000
vt 0.112360 0.000000
vt 0.123596 1.000000
vt 0.123596 0.000000
vt 0.134831 1.000000
vt 0.134831 0.000000
vt 0.146067 1.000000
vt 0.146067 0.000000
vt 0.157303 1.000000
vt 0.157303 0.000000
vt 0.168539 1.000000
vt 0.168539 0.000000
vt 0.179775 1.000000
vt 0.179775 0.000000
vt 0.191011 1.000000
vt 0.191011 0.000000
vt 0.202247 1.000000
vt 0.202247 0.000000
vt 0.213483 1.000000
vt 0.213483 0.000000
vt 0.224719 1.000000
vt 0.224719 0.000000
vt 0.235955 1.000000
vt 0.235955 0.000000
vt 0.247191 1.000000
vt 0.247191 0.000000
vt 0.258427 1.000000
vt 0.258427 0.000000
vt 0.269663 1.000000
vt 0.269663 0.000000
vt 0.280899 1.000000
vt 0.280899 0.000000
vt 0.292135 1.000000
vt 0.292135 0.000000
vt 0.303371 1.000000
vt 0.303371 0.000000
vt 0.314607 1.000000
vt 0.314607 0.000000
vt 0.325843 1.000000
vt 0.325843 0.000000
vt 0.337079 1.000000
vt 0.337079 0.000000
vt 0.348315 1.000000
vt 0.348315 0.000000
vt 0.359551 1.000000
vt 0.359551 0.000000
vt 0.370787 1.000000
vt 0.370787 0.000000
vt 0.382022 1.000000
vt 0.382022 0.000000
vt 0.393258 1.000000
vt 0.393258 0.000000
vt 0.404494 1.000000
vt 0.404494 0.000000
vt 0.415730 1.000000
vt 0.415730 0.000000
vt 0.426966 1.000000
vt 0.426966 0.000000
vt 0.438202 1.000000
vt 0.438202 0.000000
vt 0.449438 1.000000
vt 0.449438 0.000000
vt 0.460674 1.000000
vt 0.460674 0.000000
vt 0.471910 1.000000
vt 0.471910 0.000000
vt 0.483146 1.000000
vt 0.483146 0.000000
vt 0.494382 1.000000
vt 0.494382 0.000000
vt 0.505618 1.000000
vt 0.505618 0.000000
vt 0.516854 1.000000
vt 0.516854 0.000000
vt 0.528090 1.000000
vt 0.528090 0.000000
vt 0.539326 1.000000
vt 0.539326 0.000000
vt 0.550562 1.000000
vt 0.550562 0.000000
vt 0.561798 1.000000
vt 0.561798 0.000000
vt 0.573034 1.000000
vt 0.573034 0.000000
vt 0.584270 1.000000
vt 0.584270 0.000000
vt 0.595506 1.000000
vt 0.595506 0.000000
vt 0.606742 1.000000
vt 0.606742 0.000000
vt 0.617977 1.000000
vt 0.617977 0.000000
vt 0.629214 1.000000
vt 0.629214 0.000000
vt 0.640449 1.000000
vt 0.640449 0.000000
vt 0.651685 1.000000
vt 0.651685 0.000000
vt 0.662921 1.000000
vt 0.662921 0.000000
vt 0.674157 1.000000
vt 0.674157 0.000000
vt 0.685393 1.000000
vt 0.685393 0.000000
vt 0.696629 1.000000
vt 0.696629 0.000000
vt 0.707865 1.000000
vt 0.707865 0.000000
vt 0.719101 1.000000
vt 0.719101 0.000000
vt 0.730337 1.000000
vt 0.730337 0.000000
vt 0.741573 1.000000
vt 0.741573 0.000000
vt 0.752809 1.000000
vt 0.752809 0.000000
vt 0.764045 1.000000
vt 0.764045 0.000000
vt 0.775281 1.000000
vt 0.775281 0.000000
vt 0.786517 1.000000
vt 0.786517 0.000000
vt 0.797753 1.000000
vt 0.797753 0.000000
vt 0.808989 1.000000
vt 0.808989 0.000000
vt 0.820225 1.000000
vt 0.820225 0.000000
vt 0.831461 1.000000
vt 0.831461 0.000000
vt 0.842697 1.000000
vt 0.842697 0.000000
vt 0.853933 1.000000
vt 0.853933 0.000000
vt 0.865169 1.000000
vt 0.865169 0.000000
vt 0.876405 1.000000
vt 0.876405 0.000000
vt 0.887640 1.000000
vt 0.887640 0.000000
vt 0.898876 1.000000
vt 0.898876 0.000000
vt 0.910112 1.000000
vt 0.910112 0.000000
vt 0.921348 1.000000
vt 0.921348 0.000000
vt 0.932584 1.000000
vt 0.932584 0.000000
vt 0.943820 1.000000
vt 0.943820 0.000000
vt 0.955056 1.000000
vt 0.955056 0.000000
vt 0.966292 1.000000
vt 0.966292 0.000000
vt 0.977528 1.000000
vt 0.977528 0.000000
vt 0.988764 1.000000
vt 0.988764 0.000000
s 0
usemtl Table_2_Label_mat.043
f 3190/2075/760 3189/2076/760 3191/2077/760
f 3239/2078/760 3238/2079/760 3237/2080/760
f 3237/2080/760 3236/2081/760 3239/2078/760
f 3236/2081/760 3235/2082/760 3239/2078/760
f 3232/2083/760 3231/2084/760 3242/2085/760
f 3243/2086/760 3242/2085/760 3231/2084/760
f 3231/2084/760 3244/2087/760 3243/2086/760
f 3239/2078/760 3235/2082/760 3234/2088/760
f 3240/2089/760 3239/2078/760 3234/2088/760
f 3234/2088/760 3233/2090/760 3240/2089/760
f 3241/2091/760 3240/2089/760 3233/2090/760
f 3233/2090/760 3232/2083/760 3241/2091/760
f 3232/2083/760 3242/2085/760 3241/2091/760
f 3249/2092/760 3227/2093/760 3250/2094/760
f 3248/2095/760 3228/2096/760 3227/2093/760
f 3227/2093/760 3249/2092/760 3248/2095/760
f 3246/2097/760 3229/2098/760 3228/2096/760
f 3247/2099/760 3246/2097/760 3228/2096/760
f 3228/2096/760 3248/2095/760 3247/2099/760
f 3225/2100/760 3251/2101/760 3226/2102/760
f 3224/2103/760 3252/2104/760 3225/2100/760
f 3251/2101/760 3225/2100/760 3252/2104/760
f 3275/2105/760 3274/2106/760 3196/2107/760
f 3197/2108/760 3196/2107/760 3274/2106/760
f 3274/2106/760 3198/2109/760 3197/2108/760
f 3250/2094/760 3227/2093/760 3226/2102/760
f 3226/2102/760 3251/2101/760 3250/2094/760
f 3191/2077/760 3189/2076/760 3275/2105/760
f 3192/2110/760 3191/2077/760 3275/2105/760
f 3193/2111/760 3192/2110/760 3275/2105/760
f 3194/2112/760 3193/2111/760 3275/2105/760
f 3195/2113/760 3194/2112/760 3275/2105/760
f 3275/2105/760 3196/2107/760 3195/2113/760
f 3244/2087/760 3231/2084/760 3230/2114/760
f 3245/2115/760 3244/2087/760 3230/2114/760
f 3230/2114/760 3229/2098/760 3245/2115/760
f 3229/2098/760 3246/2097/760 3245/2115/760
f 3213/2116/760 3212/2117/760 3265/2118/760
f 3265/2118/760 3264/2119/760 3213/2116/760
f 3214/2120/760 3213/2116/760 3264/2119/760
f 3264/2119/760 3263/2121/760 3214/2120/760
f 3215/2122/760 3214/2120/760 3263/2121/760
f 3263/2121/760 3262/2123/760 3215/2122/760
f 3202/2124/760 3201/2125/760 3271/2126/760
f 3271/2126/760 3270/2127/760 3202/2124/760
f 3203/2128/760 3202/2124/760 3270/2127/760
f 3204/2129/760 3203/2128/760 3270/2127/760
f 3270/2127/760 3269/2130/760 3204/2129/760
f 3205/2131/760 3204/2129/760 3269/2130/760
f 3206/2132/760 3205/2131/760 3269/2130/760
f 3269/2130/760 3268/2133/760 3206/2132/760
f 3207/2134/760 3206/2132/760 3268/2133/760
f 3208/2135/760 3207/2134/760 3268/2133/760
f 3268/2133/760 3267/2136/760 3208/2135/760
f 3209/2137/760 3208/2135/760 3267/2136/760
f 3267/2136/760 3266/2138/760 3209/2137/760
f 3210/2139/760 3209/2137/760 3266/2138/760
f 3211/2140/760 3210/2139/760 3266/2138/760
f 3266/2138/760 3265/2118/760 3211/2140/760
f 3265/2118/760 3212/2117/760 3211/2140/760
f 3215/2122/760 3262/2123/760 3216/2141/760
f 3262/2123/760 3261/2142/760 3216/2141/760
f 3217/2143/760 3216/2141/760 3261/2142/760
f 3261/2142/760 3260/2144/760 3217/2143/760
f 3218/2145/760 3217/2143/760 3260/2144/760
f 3260/2144/760 3259/2146/760 3218/2145/760
f 3219/2147/760 3218/2145/760 3259/2146/760
f 3259/2146/760 3258/2148/760 3219/2147/760
f 3220/2149/760 3219/2147/760 3258/2148/760
f 3258/2148/760 3257/2150/760 3220/2149/760
f 3221/2151/760 3220/2149/760 3257/2150/760
f 3257/2150/760 3256/2152/760 3221/2151/760
f 3256/2152/760 3255/2153/760 3221/2151/760
f 3222/2154/760 3221/2151/760 3255/2153/760
f 3254/2155/760 3222/2154/760 3255/2153/760
f 3275/2105/760 3189/2076/760 3277/2156/760
f 3277/2156/760 3276/2157/760 3275/2105/760
f 3198/2109/760 3274/2106/760 3273/2158/760
f 3199/2159/760 3198/2109/760 3273/2158/760
f 3273/2158/760 3272/2160/760 3199/2159/760
f 3200/2161/760 3199/2159/760 3272/2160/760
f 3272/2160/760 3271/2126/760 3200/2161/760
f 3271/2126/760 3201/2125/760 3200/2161/760
f 3222/2154/760 3254/2155/760 3223/2162/760
f 3254/2155/760 3253/2163/760 3223/2162/760
f 3224/2103/760 3223/2162/760 3253/2163/760
f 3252/2104/760 3224/2103/760 3253/2163/760
f 3283/2164/760 3282/2165/760 3281/2166/760
f 3285/2156/760 3284/2167/760 3278/2076/760
f 3281/2166/760 3280/2168/760 3279/2169/760
f 3279/2169/760 3278/2076/760 3281/2166/760
f 3278/2076/760 3284/2167/760 3281/2166/760
f 3283/2164/760 3281/2166/760 3284/2167/760
f 3287/2075/761 3288/2077/761 3286/2076/761
f 3336/2078/761 3334/2080/761 3335/2079/761
f 3334/2080/761 3336/2078/761 3333/2081/761
f 3333/2081/761 3336/2078/761 3332/2082/761
f 3329/2083/761 3339/2085/761 3328/2084/761
f 3340/2086/761 3328/2084/761 3339/2085/761
f 3328/2084/761 3340/2086/761 3341/2087/761
f 3336/2078/761 3331/2088/761 3332/2082/761
f 3337/2089/761 3331/2088/761 3336/2078/761
f 3331/2088/761 3337/2089/761 3330/2090/761
f 3338/2091/761 3330/2090/761 3337/2089/761
f 3330/2090/761 3338/2091/761 3329/2083/761
f 3329/2083/761 3338/2091/761 3339/2085/761
f 3346/2092/761 3347/2094/761 3324/2093/761
f 3345/2095/761 3324/2093/761 3325/2096/761
f 3324/2093/761 3345/2095/761 3346/2092/761
f 3343/2097/761 3325/2096/761 3326/2098/761
f 3344/2099/761 3325/2096/761 3343/2097/761
f 3325/2096/761 3344/2099/761 3345/2095/761
f 3322/2100/761 3323/2102/761 3348/2101/761
f 3321/2103/761 3322/2100/761 3349/2104/761
f 3348/2101/761 3349/2104/761 3322/2100/761
f 3372/2105/761 3293/2107/761 3371/2106/761
f 3294/2108/761 3371/2106/761 3293/2107/761
f 3371/2106/761 3294/2108/761 3295/2109/761
f 3347/2094/761 3323/2102/761 3324/2093/761
f 3323/2102/761 3347/2094/761 3348/2101/761
f 3288/2077/761 3372/2105/761 3286/2076/761
f 3289/2110/761 3372/2105/761 3288/2077/761
f 3290/2111/761 3372/2105/761 3289/2110/761
f 3291/2112/761 3372/2105/761 3290/2111/761
f 3292/2113/761 3372/2105/761 3291/2112/761
f 3372/2105/761 3292/2113/761 3293/2107/761
f 3341/2087/761 3327/2114/761 3328/2084/761
f 3342/2115/761 3327/2114/761 3341/2087/761
f 3327/2114/761 3342/2115/761 3326/2098/761
f 3326/2098/761 3342/2115/761 3343/2097/761
f 3310/2116/761 3362/2118/761 3309/2117/761
f 3362/2118/761 3310/2116/761 3361/2119/761
f 3311/2120/761 3361/2119/761 3310/2116/761
f 3361/2119/761 3311/2120/761 3360/2121/761
f 3312/2122/761 3360/2121/761 3311/2120/761
f 3360/2121/761 3312/2122/761 3359/2123/761
f 3299/2124/761 3368/2126/761 3298/2125/761
f 3368/2126/761 3299/2124/761 3367/2127/761
f 3300/2128/761 3367/2127/761 3299/2124/761
f 3301/2129/761 3367/2127/761 3300/2128/761
f 3367/2127/761 3301/2129/761 3366/2130/761
f 3302/2131/761 3366/2130/761 3301/2129/761
f 3303/2132/761 3366/2130/761 3302/2131/761
f 3366/2130/761 3303/2132/761 3365/2133/761
f 3304/2134/761 3365/2133/761 3303/2132/761
f 3305/2135/761 3365/2133/761 3304/2134/761
f 3365/2133/761 3305/2135/761 3364/2136/761
f 3306/2137/761 3364/2136/761 3305/2135/761
f 3364/2136/761 3306/2137/761 3363/2138/761
f 3307/2139/761 3363/2138/761 3306/2137/761
f 3308/2140/761 3363/2138/761 3307/2139/761
f 3363/2138/761 3308/2140/761 3362/2118/761
f 3362/2118/761 3308/2140/761 3309/2117/761
f 3312/2122/761 3313/2141/761 3359/2123/761
f 3359/2123/761 3313/2141/761 3358/2142/761
f 3314/2143/761 3358/2142/761 3313/2141/761
f 3358/2142/761 3314/2143/761 3357/2144/761
f 3315/2145/761 3357/2144/761 3314/2143/761
f 3357/2144/761 3315/2145/761 3356/2146/761
f 3316/2147/761 3356/2146/761 3315/2145/761
f 3356/2146/761 3316/2147/761 3355/2148/761
f 3317/2149/761 3355/2148/761 3316/2147/761
f 3355/2148/761 3317/2149/761 3354/2150/761
f 3318/2151/761 3354/2150/761 3317/2149/761
f 3354/2150/761 3318/2151/761 3353/2152/761
f 3353/2152/761 3318/2151/761 3352/2153/761
f 3319/2154/761 3352/2153/761 3318/2151/761
f 3351/2155/761 3352/2153/761 3319/2154/761
f 3372/2105/761 3374/2156/761 3286/2076/761
f 3374/2156/761 3372/2105/761 3373/2157/761
f 3295/2109/761 3370/2158/761 3371/2106/761
f 3296/2159/761 3370/2158/761 3295/2109/761
f 3370/2158/761 3296/2159/761 3369/2160/761
f 3297/2161/761 3369/2160/761 3296/2159/761
f 3369/2160/761 3297/2161/761 3368/2126/761
f 3368/2126/761 3297/2161/761 3298/2125/761
f 3319/2154/761 3320/2162/761 3351/2155/761
f 3351/2155/761 3320/2162/761 3350/2163/761
f 3321/2103/761 3350/2163/761 3320/2162/761
f 3349/2104/761 3350/2163/761 3321/2103/761
f 3380/2164/761 3378/2166/761 3379/2165/761
f 3382/2156/761 3375/2076/761 3381/2167/761
f 3378/2166/761 3376/2169/761 3377/2168/761
f 3376/2169/761 3378/2166/761 3375/2076/761
f 3375/2076/761 3378/2166/761 3381/2167/761
f 3380/2164/761 3381/2167/761 3378/2166/761
s 1
f 3384/2170/762 3386/2171/762 3385/2161/762 3383/2076/762
f 3386/2171/762 3388/2172/763 3387/2140/763 3385/2161/762
f 3388/2172/763 3390/2173/763 3389/2154/763 3387/2140/763
f 3390/2173/763 3392/2174/763 3391/2090/763 3389/2154/763
f 3392/2174/763 3394/2175/764 3393/2087/764 3391/2090/763
f 3394/2175/764 3396/2176/765 3395/2153/765 3393/2087/764
f 3396/2176/765 3398/2177/762 3397/2138/762 3395/2153/765
f 3398/2177/762 3384/2178/762 3383/2156/762 3397/2138/762
f 3400/2170/763 3402/2179/766 3401/2180/766 3399/2076/763
f 3402/2179/766 3404/2181/767 3403/2182/767 3401/2180/766
f 3404/2181/767 3406/2183/768 3405/2184/768 3403/2182/767
f 3406/2183/768 3408/2185/769 3407/2186/769 3405/2184/768
f 3408/2185/769 3410/2187/770 3409/2188/770 3407/2186/769
f 3410/2187/770 3412/2189/771 3411/2190/771 3409/2188/770
f 3412/2189/771 3414/2191/772 3413/2192/772 3411/2190/771
f 3414/2191/772 3416/2193/773 3415/2194/773 3413/2192/772
f 3416/2193/773 3418/2195/774 3417/2196/774 3415/2194/773
f 3418/2195/774 3420/2197/775 3419/2198/775 3417/2196/774
f 3420/2197/775 3422/2199/776 3421/2200/776 3419/2198/775
f 3422/2199/776 3424/2201/777 3423/2202/777 3421/2200/776
f 3424/2201/777 3426/2203/778 3425/2204/778 3423/2202/777
f 3426/2203/778 3428/2205/779 3427/2206/779 3425/2204/778
f 3428/2205/779 3430/2207/780 3429/2208/780 3427/2206/779
f 3430/2207/780 3432/2209/781 3431/2210/781 3429/2208/780
f 3432/2209/781 3434/2211/782 3433/2212/782 3431/2210/781
f 3434/2211/782 3436/2213/783 3435/2214/783 3433/2212/782
f 3436/2213/783 3438/2215/784 3437/2216/784 3435/2214/783
f 3438/2215/784 3440/2217/785 3439/2218/785 3437/2216/784
f 3440/2217/785 3442/2219/786 3441/2220/786 3439/2218/785
f 3442/2219/786 3444/2221/787 3443/2222/787 3441/2220/786
f 3444/2221/787 3446/2223/788 3445/2224/788 3443/2222/787
f 3446/2223/788 3448/2225/789 3447/2226/789 3445/2224/788
f 3448/2225/789 3450/2227/790 3449/2228/790 3447/2226/789
f 3450/2227/790 3452/2229/791 3451/2230/791 3449/2228/790
f 3452/2229/791 3454/2231/792 3453/2232/792 3451/2230/791
f 3454/2231/792 3456/2233/793 3455/2234/793 3453/2232/792
f 3456/2233/793 3458/2235/794 3457/2236/794 3455/2234/793
f 3458/2235/794 3460/2237/795 3459/2238/795 3457/2236/794
f 3460/2237/795 3462/2239/796 3461/2240/796 3459/2238/795
f 3462/2239/796 3464/2241/797 3463/2242/797 3461/2240/796
f 3464/2241/797 3466/2243/798 3465/2244/798 3463/2242/797
f 3466/2243/798 3468/2245/799 3467/2246/799 3465/2244/798
f 3468/2245/799 3470/2247/800 3469/2248/800 3467/2246/799
f 3470/2247/800 3472/2249/801 3471/2250/801 3469/2248/800
f 3472/2249/801 3474/2251/802 3473/2252/802 3471/2250/801
f 3474/2251/802 3476/2253/803 3475/2254/803 3473/2252/802
f 3476/2253/803 3478/2255/804 3477/2256/804 3475/2254/803
f 3478/2255/804 3480/2257/805 3479/2258/805 3477/2256/804
f 3480/2257/805 3482/2259/806 3481/2260/806 3479/2258/805
f 3482/2259/806 3484/2261/807 3483/2262/807 3481/2260/806
f 3484/2261/807 3486/2263/808 3485/2264/808 3483/2262/807
f 3486/2263/808 3488/2265/809 3487/2266/809 3485/2264/808
f 3488/2265/809 3490/2267/810 3489/2268/810 3487/2266/809
f 3490/2267/810 3492/2269/811 3491/2270/811 3489/2268/810
f 3492/2269/811 3494/2271/812 3493/2272/812 3491/2270/811
f 3494/2271/812 3496/2273/813 3495/2274/813 3493/2272/812
f 3496/2273/813 3498/2275/814 3497/2276/814 3495/2274/813
f 3498/2275/814 3500/2277/815 3499/2278/815 3497/2276/814
f 3500/2277/815 3502/2279/816 3501/2280/816 3499/2278/815
f 3502/2279/816 3504/2281/817 3503/2282/817 3501/2280/816
f 3504/2281/817 3506/2283/818 3505/2284/818 3503/2282/817
f 3506/2283/818 3508/2285/819 3507/2286/819 3505/2284/818
f 3508/2285/819 3510/2287/820 3509/2288/820 3507/2286/819
f 3510/2287/820 3512/2289/821 3511/2290/821 3509/2288/820
f 3512/2289/821 3514/2291/822 3513/2292/822 3511/2290/821
f 3514/2291/822 3516/2293/823 3515/2294/823 3513/2292/822
f 3516/2293/823 3518/2295/824 3517/2296/824 3515/2294/823
f 3518/2295/824 3520/2297/825 3519/2298/825 3517/2296/824
f 3520/2297/825 3522/2299/826 3521/2300/826 3519/2298/825
f 3522/2299/826 3524/2301/827 3523/2302/827 3521/2300/826
f 3524/2301/827 3526/2303/828 3525/2304/828 3523/2302/827
f 3526/2303/828 3528/2305/829 3527/2306/829 3525/2304/828
f 3528/2305/829 3530/2307/830 3529/2308/830 3527/2306/829
f 3530/2307/830 3532/2309/831 3531/2310/831 3529/2308/830
f 3532/2309/831 3534/2311/832 3533/2312/832 3531/2310/831
f 3534/2311/832 3536/2313/833 3535/2314/833 3533/2312/832
f 3536/2313/833 3538/2315/834 3537/2316/834 3535/2314/833
f 3538/2315/834 3540/2317/835 3539/2318/835 3537/2316/834
f 3540/2317/835 3542/2319/836 3541/2320/836 3539/2318/835
f 3542/2319/836 3544/2321/837 3543/2322/837 3541/2320/836
f 3544/2321/837 3546/2323/838 3545/2324/838 3543/2322/837
f 3546/2323/838 3548/2325/839 3547/2326/839 3545/2324/838
f 3548/2325/839 3550/2327/840 3549/2328/840 3547/2326/839
f 3550/2327/840 3552/2329/841 3551/2330/841 3549/2328/840
f 3552/2329/841 3554/2331/842 3553/2332/842 3551/2330/841
f 3554/2331/842 3556/2333/843 3555/2334/843 3553/2332/842
f 3556/2333/843 3558/2335/844 3557/2336/844 3555/2334/843
f 3558/2335/844 3560/2337/845 3559/2338/845 3557/2336/844
f 3560/2337/845 3562/2339/846 3561/2340/846 3559/2338/845
f 3562/2339/846 3564/2341/847 3563/2342/847 3561/2340/846
f 3564/2341/847 3566/2343/848 3565/2344/848 3563/2342/847
f 3566/2343/848 3568/2345/849 3567/2346/849 3565/2344/848
f 3568/2345/849 3570/2347/850 3569/2348/850 3567/2346/849
f 3570/2347/850 3572/2349/851 3571/2350/851 3569/2348/850
f 3572/2349/851 3574/2351/765 3573/2352/765 3571/2350/851
f 3574/2351/765 3576/2353/762 3575/2354/762 3573/2352/765
f 3576/2353/762 3400/2178/763 3399/2156/763 3575/2354/762
o Lamp_2
v 0.163000 -0.034000 -0.186000
v 0.163000 -0.034000 -0.174000
v 0.166707 -0.034365 -0.186000
v 0.166707 -0.034365 -0.174000
v 0.170271 -0.035446 -0.186000
v 0.170271 -0.035446 -0.174000
v 0.173556 -0.037202 -0.186000
v 0.173556 -0.037202 -0.174000
v 0.176435 -0.039565 -0.186000
v 0.176435 -0.039565 -0.174000
v 0.178798 -0.042444 -0.186000
v 0.178798 -0.042444 -0.174000
v 0.180554 -0.045729 -0.186000
v 0.180554 -0.045729 -0.174000
v 0.181635 -0.049293 -0.186000
v 0.181635 -0.049293 -0.174000
v 0.182000 -0.053000 -0.186000
v 0.182000 -0.053000 -0.174000
v 0.181635 -0.056707 -0.186000
v 0.181635 -0.056707 -0.174000
v 0.180554 -0.060271 -0.186000
v 0.180554 -0.060271 -0.174000
v 0.178798 -0.063556 -0.186000
v 0.178798 -0.063556 -0.174000
v 0.176435 -0.066435 -0.186000
v 0.176435 -0.066435 -0.174000
v 0.173556 -0.068798 -0.186000
v 0.173556 -0.068798 -0.174000
v 0.170271 -0.070554 -0.186000
v 0.170271 -0.070554 -0.174000
v 0.166707 -0.071635 -0.186000
v 0.166707 -0.071635 -0.174000
v 0.163000 -0.072000 -0.186000
v 0.163000 -0.072000 -0.174000
v 0.159293 -0.071635 -0.186000
v 0.159293 -0.071635 -0.174000
v 0.155729 -0.070554 -0.186000
v 0.155729 -0.070554 -0.174000
v 0.152444 -0.068798 -0.186000
v 0.152444 -0.068798 -0.174000
v 0.149565 -0.066435 -0.186000
v 0.149565 -0.066435 -0.174000
v 0.147202 -0.063556 -0.186000
v 0.147202 -0.063556 -0.174000
v 0.145446 -0.060271 -0.186000
v 0.145446 -0.060271 -0.174000
v 0.144365 -0.056707 -0.186000
v 0.144365 -0.056707 -0.174000
v 0.144000 -0.053000 -0.186000
v 0.144000 -0.053000 -0.174000
v 0.144365 -0.049293 -0.186000
v 0.144365 -0.049293 -0.174000
v 0.145446 -0.045729 -0.186000
v 0.145446 -0.045729 -0.174000
v 0.147202 -0.042444 -0.186000
v 0.147202 -0.042444 -0.174000
v 0.149565 -0.039565 -0.186000
v 0.149565 -0.039565 -0.174000
v 0.152444 -0.037202 -0.186000
v 0.152444 -0.037202 -0.174000
v 0.155729 -0.035446 -0.186000
v 0.155729 -0.035446 -0.174000
v 0.159293 -0.034365 -0.186000
v 0.159293 -0.034365 -0.174000
vn 0.0980 0.9952 -0.0000
vn 0.2903 0.9569 -0.0000
vn 0.4714 0.8819 -0.0000
vn 0.6344 0.7730 -0.0000
vn 0.7730 0.6344 -0.0000
vn 0.8819 0.4714 -0.0000
vn 0.9569 0.2903 -0.0000
vn 0.9952 0.0980 -0.0000
vn 0.9952 -0.0980 -0.0000
vn 0.9569 -0.2903 -0.0000
vn 0.8819 -0.4714 -0.0000
vn 0.7730 -0.6344 -0.0000
vn 0.6344 -0.7730 -0.0000
vn 0.4714 -0.8819 -0.0000
vn 0.2903 -0.9569 -0.0000
vn 0.0980 -0.9952 -0.0000
vn -0.0980 -0.9952 -0.0000
vn -0.2903 -0.9569 -0.0000
vn -0.4714 -0.8819 -0.0000
vn -0.6344 -0.7730 -0.0000
vn -0.7730 -0.6344 -0.0000
vn -0.8819 -0.4714 -0.0000
vn -0.9569 -0.2903 -0.0000
vn -0.9952 -0.0980 -0.0000
vn -0.9952 0.0980 -0.0000
vn -0.9569 0.2903 -0.0000
vn -0.8819 0.4714 -0.0000
vn -0.7730 0.6344 -0.0000
vn -0.6344 0.7730 -0.0000
vn -0.4714 0.8819 -0.0000
vn -0.0000 -0.0000 1.0000
vn -0.2903 0.9569 -0.0000
vn -0.0980 0.9952 -0.0000
vn -0.0000 -0.0000 -1.0000
vt 1.000000 0.500000
vt 1.000000 1.000000
vt 0.968750 1.000000
vt 0.968750 0.500000
vt 0.937500 1.000000
vt 0.937500 0.500000
vt 0.906250 1.000000
vt 0.906250 0.500000
vt 0.875000 1.000000
vt 0.875000 0.500000
vt 0.843750 1.000000
vt 0.843750 0.500000
vt 0.812500 1.000000
vt 0.812500 0.500000
vt 0.781250 1.000000
vt 0.781250 0.500000
vt 0.750000 1.000000
vt 0.750000 0.500000
vt 0.718750 1.000000
vt 0.718750 0.500000
vt 0.687500 1.000000
vt 0.687500 0.500000
vt 0.656250 1.000000
vt 0.656250 0.500000
vt 0.625000 1.000000
vt 0.625000 0.500000
vt 0.593750 1.000000
vt 0.593750 0.500000
vt 0.562500 1.000000
vt 0.562500 0.500000
vt 0.531250 1.000000
vt 0.531250 0.500000
vt 0.500000 1.000000
vt 0.500000 0.500000
vt 0.468750 1.000000
vt 0.468750 0.500000
vt 0.437500 1.000000
vt 0.437500 0.500000
vt 0.406250 1.000000
vt 0.406250 0.500000
vt 0.375000 1.000000
vt 0.375000 0.500000
vt 0.343750 1.000000
vt 0.343750 0.500000
vt 0.312500 1.000000
vt 0.312500 0.500000
vt 0.281250 1.000000
vt 0.281250 0.500000
vt 0.250000 1.000000
vt 0.250000 0.500000
vt 0.218750 1.000000
vt 0.218750 0.500000
vt 0.187500 1.000000
vt 0.187500 0.500000
vt 0.156250 1.000000
vt 0.156250 0.500000
vt 0.125000 1.000000
vt 0.125000 0.500000
vt 0.093750 1.000000
vt 0.093750 0.500000
vt 0.062500 1.000000
vt 0.062500 0.500000
vt 0.296822 0.485388
vt 0.250000 0.490000
vt 0.203178 0.485388
vt 0.158156 0.471731
vt 0.116663 0.449553
vt 0.080294 0.419706
vt 0.050447 0.383337
vt 0.028269 0.341844
vt 0.014612 0.296822
vt 0.010000 0.250000
vt 0.014612 0.203178
vt 0.028269 0.158156
vt 0.050447 0.116663
vt 0.080294 0.080294
vt 0.116663 0.050447
vt 0.158156 0.028269
vt 0.203178 0.014612
vt 0.250000 0.010000
vt 0.296822 0.014612
vt 0.341844 0.028269
vt 0.383337 0.050447
vt 0.419706 0.080294
vt 0.449553 0.116663
vt 0.471731 0.158156
vt 0.485388 0.203178
vt 0.490000 0.250000
vt 0.485388 0.296822
vt 0.471731 0.341844
vt 0.449553 0.383337
vt 0.419706 0.419706
vt 0.383337 0.449553
vt 0.341844 0.471731
vt 0.031250 1.000000
vt 0.031250 0.500000
vt 0.000000 1.000000
vt 0.000000 0.500000
vt 0.750000 0.490000
vt 0.796822 0.485388
vt 0.841844 0.471731
vt 0.883337 0.449553
vt 0.919706 0.419706
vt 0.949553 0.383337
vt 0.971731 0.341844
vt 0.985388 0.296822
vt 0.990000 0.250000
vt 0.985388 0.203178
vt 0.971731 0.158156
vt 0.949553 0.116663
vt 0.919706 0.080294
vt 0.883337 0.050447
vt 0.841844 0.028269
vt 0.796822 0.014612
vt 0.750000 0.010000
vt 0.703178 0.014612
vt 0.658156 0.028269
vt 0.616663 0.050447
vt 0.580294 0.080294
vt 0.550447 0.116663
vt 0.528269 0.158156
vt 0.514612 0.203178
vt 0.510000 0.250000
vt 0.514612 0.296822
vt 0.528269 0.341844
vt 0.550447 0.383337
vt 0.580294 0.419706
vt 0.616663 0.449553
vt 0.658156 0.471731
vt 0.703178 0.485388
s 0
usemtl Lamp_2_mat.043
f 3577/2355/852 3578/2356/852 3580/2357/852 3579/2358/852
f 3579/2358/853 3580/2357/853 3582/2359/853 3581/2360/853
f 3581/2360/854 3582/2359/854 3584/2361/854 3583/2362/854
f 3583/2362/855 3584/2361/855 3586/2363/855 3585/2364/855
f 3585/2364/856 3586/2363/856 3588/2365/856 3587/2366/856
f 3587/2366/857 3588/2365/857 3590/2367/857 3589/2368/857
f 3589/2368/858 3590/2367/858 3592/2369/858 3591/2370/858
f 3591/2370/859 3592/2369/859 3594/2371/859 3593/2372/859
f 3593/2372/860 3594/2371/860 3596/2373/860 3595/2374/860
f 3595/2374/861 3596/2373/861 3598/2375/861 3597/2376/861
f 3597/2376/862 3598/2375/862 3600/2377/862 3599/2378/862
f 3599/2378/863 3600/2377/863 3602/2379/863 3601/2380/863
f 3601/2380/864 3602/2379/864 3604/2381/864 3603/2382/864
f 3603/2382/865 3604/2381/865 3606/2383/865 3605/2384/865
f 3605/2384/866 3606/2383/866 3608/2385/866 3607/2386/866
f 3607/2386/867 3608/2385/867 3610/2387/867 3609/2388/867
f 3609/2388/868 3610/2387/868 3612/2389/868 3611/2390/868
f 3611/2390/869 3612/2389/869 3614/2391/869 3613/2392/869
f 3613/2392/870 3614/2391/870 3616/2393/870 3615/2394/870
f 3615/2394/871 3616/2393/871 3618/2395/871 3617/2396/871
f 3617/2396/872 3618/2395/872 3620/2397/872 3619/2398/872
f 3619/2398/873 3620/2397/873 3622/2399/873 3621/2400/873
f 3621/2400/874 3622/2399/874 3624/2401/874 3623/2402/874
f 3623/2402/875 3624/2401/875 3626/2403/875 3625/2404/875
f 3625/2404/876 3626/2403/876 3628/2405/876 3627/2406/876
f 3627/2406/877 3628/2405/877 3630/2407/877 3629/2408/877
f 3629/2408/878 3630/2407/878 3632/2409/878 3631/2410/878
f 3631/2410/879 3632/2409/879 3634/2411/879 3633/2412/879
f 3633/2412/880 3634/2411/880 3636/2413/880 3635/2414/880
f 3635/2414/881 3636/2413/881 3638/2415/881 3637/2416/881
f 3580/2417/882 3578/2418/882 3640/2419/882 3638/2420/882 3636/2421/882 3634/2422/882 3632/2423/882 3630/2424/882 3628/2425/882 3626/2426/882 3624/2427/882 3622/2428/882 3620/2429/882 3618/2430/882 3616/2431/882 3614/2432/882 3612/2433/882 3610/2434/882 3608/2435/882 3606/2436/882 3604/2437/882 3602/2438/882 3600/2439/882 3598/2440/882 3596/2441/882 3594/2442/882 3592/2443/882 3590/2444/882 3588/2445/882 3586/2446/882 3584/2447/882 3582/2448/882
f 3637/2416/883 3638/2415/883 3640/2449/883 3639/2450/883
f 3639/2450/884 3640/2449/884 3578/2451/884 3577/2452/884
f 3577/2453/885 3579/2454/885 3581/2455/885 3583/2456/885 3585/2457/885 3587/2458/885 3589/2459/885 3591/2460/885 3593/2461/885 3595/2462/885 3597/2463/885 3599/2464/885 3601/2465/885 3603/2466/885 3605/2467/885 3607/2468/885 3609/2469/885 3611/2470/885 3613/2471/885 3615/2472/885 3617/2473/885 3619/2474/885 3621/2475/885 3623/2476/885 3625/2477/885 3627/2478/885 3629/2479/885 3631/2480/885 3633/2481/885 3635/2482/885 3637/2483/885 3639/2484/885
o Table_3
v -0.480000 0.252000 -0.045000
v -0.480000 0.372000 -0.045000
v -0.480000 0.252000 -0.057000
v -0.480000 0.372000 -0.057000
v -0.360000 0.252000 -0.045000
v -0.360000 0.372000 -0.045000
v -0.360000 0.252000 -0.057000
v -0.360000 0.372000 -0.057000
vn -1.0000 -0.0000 -0.0000
vn -0.0000 -0.0000 -1.0000
vn 1.0000 -0.0000 -0.0000
vn -0.0000 -0.0000 1.0000
vn -0.0000 -1.0000 -0.0000
vn -0.0000 1.0000 -0.0000
vt 0.375000 0.000000
vt 0.625000 0.000000
vt 0.625000 0.250000
vt 0.375000 0.250000
vt 0.625000 0.500000
vt 0.375000 0.500000
vt 0.625000 0.750000
vt 0.375000 0.750000
vt 0.625000 1.000000
vt 0.375000 1.000000
vt 0.125000 0.500000
vt 0.125000 0.750000
vt 0.875000 0.500000
vt 0.875000 0.750000
s 0
usemtl Table_3_mat.043
f 3641/2485/886 3642/2486/886 3644/2487/886 3643/2488/886
f 3643/2488/887 3644/2487/887 3648/2489/887 3647/2490/887
f 3647/2490/888 3648/2489/888 3646/2491/888 3645/2492/888
f 3645/2492/889 3646/2491/889 3642/2493/889 3641/2494/889
f 3643/2495/890 3647/2490/890 3645/2492/890 3641/2496/890
f 3648/2489/891 3644/2497/891 3642/2498/891 3646/2491/891
o Table_3_Leg
v -0.420000 0.320400 -0.052400
v -0.420000 0.320400 0.000400
v -0.418361 0.320239 -0.052400
v -0.418361 0.320239 0.000400
v -0.416785 0.319761 -0.052400
v -0.416785 0.319761 0.000400
v -0.415333 0.318984 -0.052400
v -0.415333 0.318984 0.000400
v -0.414060 0.317940 -0.052400
v -0.414060 0.317940 0.000400
v -0.413016 0.316667 -0.052400
v -0.413016 0.316667 0.000400
v -0.412239 0.315215 -0.052400
v -0.412239 0.315215 0.000400
v -0.411761 0.313639 -0.052400
v -0.411761 0.313639 0.000400
v -0.411600 0.312000 -0.052400
v -0.411600 0.312000 0.000400
v -0.411761 0.310361 -0.052400
v -0.411761 0.310361 0.000400
v -0.412239 0.308785 -0.052400
v -0.412239 0.308785 0.000400
v -0.413016 0.307333 -0.052400
v -0.413016 0.307333 0.000400
v -0.414060 0.306060 -0.052400
v -0.414060 0.306060 0.000400
v -0.415333 0.305016 -0.052400
v -0.415333 0.305016 0.000400
v -0.416785 0.304239 -0.052400
v -0.416785 0.304239 0.000400
v -0.418361 0.303761 -0.052400
v -0.418361 0.303761 0.000400
v -0.420000 0.303600 -0.052400
v -0.420000 0.303600 0.000400
v -0.421639 0.303761 -0.052400
v -0.421639 0.303761 0.000400
v -0.423215 0.304239 -0.052400
v -0.423215 0.304239 0.000400
v -0.424667 0.305016 -0.052400
v -0.424667 0.305016 0.000400
v -0.425940 0.306060 -0.052400
v -0.425940 0.306060 0.000400
v -0.426984 0.307333 -0.052400
v -0.426984 0.307333 0.000400
v -0.427761 0.308785 -0.052400
v -0.427761 0.308785 0.000400
v -0.428239 0.310361 -0.052400
v -0.428239 0.310361 0.000400
v -0.428400 0.312000 -0.052400
v -0.428400 0.312000 0.000400
v -0.428239 0.313639 -0.052400
v -0.428239 0.313639 0.000400
v -0.427761 0.315215 -0.052400
v -0.427761 0.315215 0.000400
v -0.426984 0.316667 -0.052400
v -0.426984 0.316667 0.000400
v -0.425940 0.317940 -0.052400
v -0.425940 0.317940 0.000400
v -0.424667 0.318984 -0.052400
v -0.424667 0.318984 0.000400
v -0.423215 0.319761 -0.052400
v -0.423215 0.319761 0.000400
v -0.421639 0.320239 -0.052400
v -0.421639 0.320239 0.000400
vn 0.0980 0.9952 -0.0000
vn 0.2903 0.9569 -0.0000
vn 0.4714 0.8819 -0.0000
vn 0.6344 0.7730 -0.0000
vn 0.7730 0.6344 -0.0000
vn 0.8819 0.4714 -0.0000
vn 0.9569 0.2903 -0.0000
vn 0.9952 0.0980 -0.0000
vn 0.9952 -0.0980 -0.0000
vn 0.9569 -0.2903 -0.0000
vn 0.8819 -0.4714 -0.0000
vn 0.7730 -0.6344 -0.0000
vn 0.6344 -0.7730 -0.0000
vn 0.4714 -0.8819 -0.0000
vn 0.2903 -0.9569 -0.0000
vn 0.0980 -0.9952 -0.0000
vn -0.0980 -0.9952 -0.0000
vn -0.2903 -0.9569 -0.0000
vn -0.4714 -0.8819 -0.0000
vn -0.6344 -0.7730 -0.0000
vn -0.7730 -0.6344 -0.0000
vn -0.8819 -0.4714 -0.0000
vn -0.9569 -0.2903 -0.0000
vn -0.9952 -0.0980 -0.0000
vn -0.9952 0.0980 -0.0000
vn -0.9569 0.2903 -0.0000
vn -0.8819 0.4714 -0.0000
vn -0.7730 0.6344 -0.0000
vn -0.6344 0.7730 -0.0000
vn -0.4714 0.8819 -0.0000
vn -0.0000 -0.0000 1.0000
vn -0.2903 0.9569 -0.0000
vn -0.0980 0.9952 -0.0000
vn -0.0000 -0.0000 -1.0000
vt 1.000000 0.500000
vt 1.000000 1.000000
vt 0.968750 1.000000
vt 0.968750 0.500000
vt 0.937500 1.000000
vt 0.937500 0.500000
vt 0.906250 1.000000
vt 0.906250 0.500000
vt 0.875000 1.000000
vt 0.875000 0.500000
vt 0.843750 1.000000
vt 0.843750 0.500000
vt 0.812500 1.000000
vt 0.812500 0.500000
vt 0.781250 1.000000
vt 0.781250 0.500000
vt 0.750000 1.000000
vt 0.750000 0.500000
vt 0.718750 1.000000
vt 0.718750 0.500000
vt 0.687500 1.000000
vt 0.687500 0.500000
vt 0.656250 1.000000
vt 0.656250 0.500000
vt 0.625000 1.000000
vt 0.625000 0.500000
vt 0.593750 1.000000
vt 0.593750 0.500000
vt 0.562500 1.000000
vt 0.562500 0.500000
vt 0.531250 1.000000
vt 0.531250 0.500000
vt 0.500000 1.000000
vt 0.500000 0.500000
vt 0.468750 1.000000
vt 0.468750 0.500000
vt 0.437500 1.000000
vt 0.437500 0.500000
vt 0.406250 1.000000
vt 0.406250 0.500000
vt 0.375000 1.000000
vt 0.375000 0.500000
vt 0.343750 1.000000
vt 0.343750 0.500000
vt 0.312500 1.000000
vt 0.312500 0.500000
vt 0.281250 1.000000
vt 0.281250 0.500000
vt 0.250000 1.000000
vt 0.250000 0.500000
vt 0.218750 1.000000
vt 0.218750 0.500000
vt 0.187500 1.000000
vt 0.187500 0.500000
vt 0.156250 1.000000
vt 0.156250 0.500000
vt 0.125000 1.000000
vt 0.125000 0.500000
vt 0.093750 1.000000
vt 0.093750 0.500000
vt 0.062500 1.000000
vt 0.062500 0.500000
vt 0.296822 0.485388
vt 0.250000 0.490000
vt 0.203178 0.485388
vt 0.158156 0.471731
vt 0.116663 0.449553
vt 0.080294 0.419706
vt 0.050447 0.383337
vt 0.028269 0.341844
vt 0.014612 0.296822
vt 0.010000 0.250000
vt 0.014612 0.203178
vt 0.028269 0.158156
vt 0.050447 0.116663
vt 0.080294 0.080294
vt 0.116663 0.050447
vt 0.158156 0.028269
vt 0.203178 0.014612
vt 0.250000 0.010000
vt 0.296822 0.014612
vt 0.341844 0.028269
vt 0.383337 0.050447
vt 0.419706 0.080294
vt 0.449553 0.116663
vt 0.471731 0.158156
vt 0.485388 0.203178
vt 0.490000 0.250000
vt 0.485388 0.296822
vt 0.471731 0.341844
vt 0.449553 0.383337
vt 0.419706 0.419706
vt 0.383337 0.449553
vt 0.341844 0.471731
vt 0.031250 1.000000
vt 0.031250 0.500000
vt 0.000000 1.000000
vt 0.000000 0.500000
vt 0.750000 0.490000
vt 0.796822 0.485388
vt 0.841844 0.471731
vt 0.883337 0.449553
vt 0.919706 0.419706
vt 0.949553 0.383337
vt 0.971731 0.341844
vt 0.985388 0.296822
vt 0.990000 0.250000
vt 0.985388 0.203178
vt 0.971731 0.158156
vt 0.949553 0.116663
vt 0.919706 0.080294
vt 0.883337 0.050447
vt 0.841844 0.028269
vt 0.796822 0.014612
vt 0.750000 0.010000
vt 0.703178 0.014612
vt 0.658156 0.028269
vt 0.616663 0.050447
vt 0.580294 0.080294
vt 0.550447 0.116663
vt 0.528269 0.158156
vt 0.514612 0.203178
vt 0.510000 0.250000
vt 0.514612 0.296822
vt 0.528269 0.341844
vt 0.550447 0.383337
vt 0.580294 0.419706
vt 0.616663 0.449553
vt 0.658156 0.471731
vt 0.703178 0.485388
s 0
usemtl Table_3_Leg_mat.040
f 3649/2499/892 3650/2500/892 3652/2501/892 3651/2502/892
f 3651/2502/893 3652/2501/893 3654/2503/893 3653/2504/893
f 3653/2504/894 3654/2503/894 3656/2505/894 3655/2506/894
f 3655/2506/895 3656/2505/895 3658/2507/895 3657/2508/895
f 3657/2508/896 3658/2507/896 3660/2509/896 3659/2510/896
f 3659/2510/897 3660/2509/897 3662/2511/897 3661/2512/897
f 3661/2512/898 3662/2511/898 3664/2513/898 3663/2514/898
f 3663/2514/899 3664/2513/899 3666/2515/899 3665/2516/899
f 3665/2516/900 3666/2515/900 3668/2517/900 3667/2518/900
f 3667/2518/901 3668/2517/901 3670/2519/901 3669/2520/901
f 3669/2520/902 3670/2519/902 3672/2521/902 3671/2522/902
f 3671/2522/903 3672/2521/903 3674/2523/903 3673/2524/903
f 3673/2524/904 3674/2523/904 3676/2525/904 3675/2526/904
f 3675/2526/905 3676/2525/905 3678/2527/905 3677/2528/905
f 3677/2528/906 3678/2527/906 3680/2529/906 3679/2530/906
f 3679/2530/907 3680/2529/907 3682/2531/907 3681/2532/907
f 3681/2532/908 3682/2531/908 3684/2533/908 3683/2534/908
f 3683/2534/909 3684/2533/909 3686/2535/909 3685/2536/909
f 3685/2536/910 3686/2535/910 3688/2537/910 3687/2538/910
f 3687/2538/911 3688/2537/911 3690/2539/911 3689/2540/911
f 3689/2540/912 3690/2539/912 3692/2541/912 3691/2542/912
f 3691/2542/913 3692/2541/913 3694/2543/913 3693/2544/913
f 3693/2544/914 3694/2543/914 3696/2545/914 3695/2546/914
f 3695/2546/915 3696/2545/915 3698/2547/915 3697/2548/915
f 3697/2548/916 3698/2547/916 3700/2549/916 3699/2550/916
f 3699/2550/917 3700/2549/917 3702/2551/917 3701/2552/917
f 3701/2552/918 3702/2551/918 3704/2553/918 3703/2554/918
f 3703/2554/919 3704/2553/919 3706/2555/919 3705/2556/919
f 3705/2556/920 3706/2555/920 3708/2557/920 3707/2558/920
f 3707/2558/921 3708/2557/921 3710/2559/921 3709/2560/921
f 3652/2561/922 3650/2562/922 3712/2563/922 3710/2564/922 3708/2565/922 3706/2566/922 3704/2567/922 3702/2568/922 3700/2569/922 3698/2570/922 3696/2571/922 3694/2572/922 3692/2573/922 3690/2574/922 3688/2575/922 3686/2576/922 3684/2577/922 3682/2578/922 3680/2579/922 3678/2580/922 3676/2581/922 3674/2582/922 3672/2583/922 3670/2584/922 3668/2585/922 3666/2586/922 3664/2587/922 3662/2588/922 3660/2589/922 3658/2590/922 3656/2591/922 3654/2592/922
f 3709/2560/923 3710/2559/923 3712/2593/923 3711/2594/923
f 3711/2594/924 3712/2593/924 3650/2595/924 3649/2596/924
f 3649/2597/925 3651/2598/925 3653/2599/925 3655/2600/925 3657/2601/925 3659/2602/925 3661/2603/925 3663/2604/925 3665/2605/925 3667/2606/925 3669/2607/925 3671/2608/925 3673/2609/925 3675/2610/925 3677/2611/925 3679/2612/925 3681/2613/925 3683/2614/925 3685/2615/925 3687/2616/925 3689/2617/925 3691/2618/925 3693/2619/925 3695/2620/925 3697/2621/925 3699/2622/925 3701/2623/925 3703/2624/925 3705/2625/925 3707/2626/925 3709/2627/925 3711/2628/925
o Table_3_Chair_1_Seat
v -0.444000 0.382000 -0.019000
v -0.444000 0.430000 -0.019000
v -0.444000 0.382000 -0.041000
v -0.444000 0.430000 -0.041000
v -0.396000 0.382000 -0.019000
v -0.396000 0.430000 -0.019000
v -0.396000 0.382000 -0.041000
v -0.396000 0.430000 -0.041000
vn -1.0000 -0.0000 -0.0000
vn -0.0000 -0.0000 -1.0000
vn 1.0000 -0.0000 -0.0000
vn -0.0000 -0.0000 1.0000
vn -0.0000 -1.0000 -0.0000
vn -0.0000 1.0000 -0.0000
vt 0.375000 0.000000
vt 0.625000 0.000000
vt 0.625000 0.250000
vt 0.375000 0.250000
vt 0.625000 0.500000
vt 0.375000 0.500000
vt 0.625000 0.750000
vt 0.375000 0.750000
vt 0.625000 1.000000
vt 0.375000 1.000000
vt 0.125000 0.500000
vt 0.125000 0.750000
vt 0.875000 0.500000
vt 0.875000 0.750000
s 0
usemtl Table_3_Chair_1_Seat_mat.043
f 3713/2629/926 3714/2630/926 3716/2631/926 3715/2632/926
f 3715/2632/927 3716/2631/927 3720/2633/927 3719/2634/927
f 3719/2634/928 3720/2633/928 3718/2635/928 3717/2636/928
f 3717/2636/929 3718/2635/929 3714/2637/929 3713/2638/929
f 3715/2639/930 3719/2634/930 3717/2636/930 3713/2640/930
f 3720/2633/931 3716/2641/931 3714/2642/931 3718/2635/931
o Table_3_Chair_1_Back
v -0.444000 0.425000 -0.031000
v -0.444000 0.433000 -0.031000
v -0.444000 0.425000 -0.101000
v -0.444000 0.433000 -0.101000
v -0.396000 0.425000 -0.031000
v -0.396000 0.433000 -0.031000
v -0.396000 0.425000 -0.101000
v -0.396000 0.433000 -0.101000
vn -1.0000 -0.0000 -0.0000
vn -0.0000 -0.0000 -1.0000
vn 1.0000 -0.0000 -0.0000
vn -0.0000 -0.0000 1.0000
vn -0.0000 -1.0000 -0.0000
vn -0.0000 1.0000 -0.0000
vt 0.375000 0.000000
vt 0.625000 0.000000
vt 0.625000 0.250000
vt 0.375000 0.250000
vt 0.625000 0.500000
vt 0.375000 0.500000
vt 0.625000 0.750000
vt 0.375000 0.750000
vt 0.625000 1.000000
vt 0.375000 1.000000
vt 0.125000 0.500000
vt 0.125000 0.750000
vt 0.875000 0.500000
vt 0.875000 0.750000
s 0
usemtl Table_3_Chair_1_Back_mat.043
f 3721/2643/932 3722/2644/932 3724/2645/932 3723/2646/932
f 3723/2646/933 3724/2645/933 3728/2647/933 3727/2648/933
f 3727/2648/934 3728/2647/934 3726/2649/934 3725/2650/934
f 3725/2650/935 3726/2649/935 3722/2651/935 3721/2652/935
f 3723/2653/936 3727/2648/936 3725/2650/936 3721/2654/936
f 3728/2647/937 3724/2655/937 3722/2656/937 3726/2649/937
o Table_3_Chair_2_Seat
v -0.444000 0.194000 -0.019000
v -0.444000 0.242000 -0.019000
v -0.444000 0.194000 -0.041000
v -0.444000 0.242000 -0.041000
v -0.396000 0.194000 -0.019000
v -0.396000 0.242000 -0.019000
v -0.396000 0.194000 -0.041000
v -0.396000 0.242000 -0.041000
vn -1.0000 -0.0000 -0.0000
vn -0.0000 -0.0000 -1.0000
vn 1.0000 -0.0000 -0.0000
vn -0.0000 -0.0000 1.0000
vn -0.0000 -1.0000 -0.0000
vn -0.0000 1.0000 -0.0000
vt 0.375000 0.000000
vt 0.625000 0.000000
vt 0.625000 0.250000
vt 0.375000 0.250000
vt 0.625000 0.500000
vt 0.375000 0.500000
vt 0.625000 0.750000
vt 0.375000 0.750000
vt 0.625000 1.000000
vt 0.375000 1.000000
vt 0.125000 0.500000
vt 0.125000 0.750000
vt 0.875000 0.500000
vt 0.875000 0.750000
s 0
usemtl Table_3_Chair_2_Seat_mat.043
f 3729/2657/938 3730/2658/938 3732/2659/938 3731/2660/938
f 3731/2660/939 3732/2659/939 3736/2661/939 3735/2662/939
f 3735/2662/940 3736/2661/940 3734/2663/940 3733/2664/940
f 3733/2664/941 3734/2663/941 3730/2665/941 3729/2666/941
f 3731/2667/942 3735/2662/942 3733/2664/942 3729/2668/942
f 3736/2661/943 3732/2669/943 3730/2670/943 3734/2663/943
o Table_3_Chair_2_Back
v -0.444000 0.191000 -0.031000
v -0.444000 0.199000 -0.031000
v -0.444000 0.191000 -0.101000
v -0.444000 0.199000 -0.101000
v -0.396000 0.191000 -0.031000
v -0.396000 0.199000 -0.031000
v -0.396000 0.191000 -0.101000
v -0.396000 0.199000 -0.101000
vn -1.0000 -0.0000 -0.0000
vn -0.0000 -0.0000 -1.0000
vn 1.0000 -0.0000 -0.0000
vn -0.0000 -0.0000 1.0000
vn -0.0000 -1.0000 -0.0000
vn -0.0000 1.0000 -0.0000
vt 0.375000 0.000000
vt 0.625000 0.000000
vt 0.625000 0.250000
vt 0.375000 0.250000
vt 0.625000 0.500000
vt 0.375000 0.500000
vt 0.625000 0.750000
vt 0.375000 0.750000
vt 0.625000 1.000000
vt 0.375000 1.000000
vt 0.125000 0.500000
vt 0.125000 0.750000
vt 0.875000 0.500000
vt 0.875000 0.750000
s 0
usemtl Table_3_Chair_2_Back_mat.043
f 3737/2671/944 3738/2672/944 3740/2673/944 3739/2674/944
f 3739/2674/945 3740/2673/945 3744/2675/945 3743/2676/945
f 3743/2676/946 3744/2675/946 3742/2677/946 3741/2678/946
f 3741/2678/947 3742/2677/947 3738/2679/947 3737/2680/947
f 3739/2681/948 3743/2676/948 3741/2678/948 3737/2682/948
f 3744/2675/949 3740/2683/949 3738/2684/949 3742/2677/949
o Table_3_Chair_3_Seat
v -0.350000 0.288000 -0.019000
v -0.350000 0.336000 -0.019000
v -0.350000 0.288000 -0.041000
v -0.350000 0.336000 -0.041000
v -0.302000 0.288000 -0.019000
v -0.302000 0.336000 -0.019000
v -0.302000 0.288000 -0.041000
v -0.302000 0.336000 -0.041000
vn -1.0000 -0.0000 -0.0000
vn -0.0000 -0.0000 -1.0000
vn 1.0000 -0.0000 -0.0000
vn -0.0000 -0.0000 1.0000
vn -0.0000 -1.0000 -0.0000
vn -0.0000 1.0000 -0.0000
vt 0.375000 0.000000
vt 0.625000 0.000000
vt 0.625000 0.250000
vt 0.375000 0.250000
vt 0.625000 0.500000
vt 0.375000 0.500000
vt 0.625000 0.750000
vt 0.375000 0.750000
vt 0.625000 1.000000
vt 0.375000 1.000000
vt 0.125000 0.500000
vt 0.125000 0.750000
vt 0.875000 0.500000
vt 0.875000 0.750000
s 0
usemtl Table_3_Chair_3_Seat_mat.043
f 3745/2685/950 3746/2686/950 3748/2687/950 3747/2688/950
f 3747/2688/951 3748/2687/951 3752/2689/951 3751/2690/951
f 3751/2690/952 3752/2689/952 3750/2691/952 3749/2692/952
f 3749/2692/953 3750/2691/953 3746/2693/953 3745/2694/953
f 3747/2695/954 3751/2690/954 3749/2692/954 3745/2696/954
f 3752/2689/955 3748/2697/955 3746/2698/955 3750/2691/955
o Table_3_Chair_3_Back
v -0.307000 0.288000 -0.031000
v -0.307000 0.336000 -0.031000
v -0.307000 0.288000 -0.101000
v -0.307000 0.336000 -0.101000
v -0.299000 0.288000 -0.031000
v -0.299000 0.336000 -0.031000
v -0.299000 0.288000 -0.101000
v -0.299000 0.336000 -0.101000
vn -1.0000 -0.0000 -0.0000
vn -0.0000 -0.0000 -1.0000
vn 1.0000 -0.0000 -0.0000
vn -0.0000 -0.0000 1.0000
vn -0.0000 -1.0000 -0.0000
vn -0.0000 1.0000 -0.0000
vt 0.375000 0.000000
vt 0.625000 0.000000
vt 0.625000 0.250000
vt 0.375000 0.250000
vt 0.625000 0.500000
vt 0.375000 0.500000
vt 0.625000 0.750000
vt 0.375000 0.750000
vt 0.625000 1.000000
vt 0.375000 1.000000
vt 0.125000 0.500000
vt 0.125000 0.750000
vt 0.875000 0.500000
vt 0.875000 0.750000
s 0
usemtl Table_3_Chair_3_Back_mat.043
f 3753/2699/956 3754/2700/956 3756/2701/956 3755/2702/956
f 3755/2702/957 3756/2701/957 3760/2703/957 3759/2704/957
f 3759/2704/958 3760/2703/958 3758/2705/958 3757/2706/958
f 3757/2706/959 3758/2705/959 3754/2707/959 3753/2708/959
f 3755/2709/960 3759/2704/960 3757/2706/960 3753/2710/960
f 3760/2703/961 3756/2711/961 3754/2712/961 3758/2705/961
o Table_3_Chair_4_Seat
v -0.538000 0.288000 -0.019000
v -0.538000 0.336000 -0.019000
v -0.538000 0.288000 -0.041000
v -0.538000 0.336000 -0.041000
v -0.490000 0.288000 -0.019000
v -0.490000 0.336000 -0.019000
v -0.490000 0.288000 -0.041000
v -0.490000 0.336000 -0.041000
vn -1.0000 -0.0000 -0.0000
vn -0.0000 -0.0000 -1.0000
vn 1.0000 -0.0000 -0.0000
vn -0.0000 -0.0000 1.0000
vn -0.0000 -1.0000 -0.0000
vn -0.0000 1.0000 -0.0000
vt 0.375000 0.000000
vt 0.625000 0.000000
vt 0.625000 0.250000
vt 0.375000 0.250000
vt 0.625000 0.500000
vt 0.375000 0.500000
vt 0.625000 0.750000
vt 0.375000 0.750000
vt 0.625000 1.000000
vt 0.375000 1.000000
vt 0.125000 0.500000
vt 0.125000 0.750000
vt 0.875000 0.500000
vt 0.875000 0.750000
s 0
usemtl Table_3_Chair_4_Seat_mat.043
f 3761/2713/962 3762/2714/962 3764/2715/962 3763/2716/962
f 3763/2716/963 3764/2715/963 3768/2717/963 3767/2718/963
f 3767/2718/964 3768/2717/964 3766/2719/964 3765/2720/964
f 3765/2720/965 3766/2719/965 3762/2721/965 3761/2722/965
f 3763/2723/966 3767/2718/966 3765/2720/966 3761/2724/966
f 3768/2717/967 3764/2725/967 3762/2726/967 3766/2719/967
o Table_3_Chair_4_Back
v -0.541000 0.288000 -0.031000
v -0.541000 0.336000 -0.031000
v -0.541000 0.288000 -0.101000
v -0.541000 0.336000 -0.101000
v -0.533000 0.288000 -0.031000
v -0.533000 0.336000 -0.031000
v -0.533000 0.288000 -0.101000
v -0.533000 0.336000 -0.101000
vn -1.0000 -0.0000 -0.0000
vn -0.0000 -0.0000 -1.0000
vn 1.0000 -0.0000 -0.0000
vn -0.0000 -0.0000 1.0000
vn -0.0000 -1.0000 -0.0000
vn -0.0000 1.0000 -0.0000
vt 0.375000 0.000000
vt 0.625000 0.000000
vt 0.625000 0.250000
vt 0.375000 0.250000
vt 0.625000 0.500000
vt 0.375000 0.500000
vt 0.625000 0.750000
vt 0.375000 0.750000
vt 0.625000 1.000000
vt 0.375000 1.000000
vt 0.125000 0.500000
vt 0.125000 0.750000
vt 0.875000 0.500000
vt 0.875000 0.750000
s 0
usemtl Table_3_Chair_4_Back_mat.043
f 3769/2727/968 3770/2728/968 3772/2729/968 3771/2730/968
f 3771/2730/969 3772/2729/969 3776/2731/969 3775/2732/969
f 3775/2732/970 3776/2731/970 3774/2733/970 3773/2734/970
f 3773/2734/971 3774/2733/971 3770/2735/971 3769/2736/971
f 3771/2737/972 3775/2732/972 3773/2734/972 3769/2738/972
f 3776/2731/973 3772/2739/973 3770/2740/973 3774/2733/973
o Table_3_Call_Light
v -0.420000 0.325200 -0.067800
v -0.420000 0.325200 -0.058200
v -0.417425 0.324946 -0.067800
v -0.417425 0.324946 -0.058200
v -0.414949 0.324195 -0.067800
v -0.414949 0.324195 -0.058200
v -0.412666 0.322975 -0.067800
v -0.412666 0.322975 -0.058200
v -0.410666 0.321334 -0.067800
v -0.410666 0.321334 -0.058200
v -0.409025 0.319334 -0.067800
v -0.409025 0.319334 -0.058200
v -0.407805 0.317051 -0.067800
v -0.407805 0.317051 -0.058200
v -0.407054 0.314575 -0.067800
v -0.407054 0.314575 -0.058200
v -0.406800 0.312000 -0.067800
v -0.406800 0.312000 -0.058200
v -0.407054 0.309425 -0.067800
v -0.407054 0.309425 -0.058200
v -0.407805 0.306949 -0.067800
v -0.407805 0.306949 -0.058200
v -0.409025 0.304666 -0.067800
v -0.409025 0.304666 -0.058200
v -0.410666 0.302666 -0.067800
v -0.410666 0.302666 -0.058200
v -0.412666 0.301025 -0.067800
v -0.412666 0.301025 -0.058200
v -0.414949 0.299805 -0.067800
v -0.414949 0.299805 -0.058200
v -0.417425 0.299054 -0.067800
v -0.417425 0.299054 -0.058200
v -0.420000 0.298800 -0.067800
v -0.420000 0.298800 -0.058200
v -0.422575 0.299054 -0.067800
v -0.422575 0.299054 -0.058200
v -0.425051 0.299805 -0.067800
v -0.425051 0.299805 -0.058200
v -0.427334 0.301025 -0.067800
v -0.427334 0.301025 -0.058200
v -0.429334 0.302666 -0.067800
v -0.429334 0.302666 -0.058200
v -0.430975 0.304666 -0.067800
v -0.430975 0.304666 -0.058200
v -0.432195 0.306949 -0.067800
v -0.432195 0.306949 -0.058200
v -0.432946 0.309425 -0.067800
v -0.432946 0.309425 -0.058200
v -0.433200 0.312000 -0.067800
v -0.433200 0.312000 -0.058200
v -0.432946 0.314575 -0.067800
v -0.432946 0.314575 -0.058200
v -0.432195 0.317051 -0.067800
v -0.432195 0.317051 -0.058200
v -0.430975 0.319334 -0.067800
v -0.430975 0.319334 -0.058200
v -0.429334 0.321334 -0.067800
v -0.429334 0.321334 -0.058200
v -0.427334 0.322975 -0.067800
v -0.427334 0.322975 -0.058200
v -0.425051 0.324195 -0.067800
v -0.425051 0.324195 -0.058200
v -0.422575 0.324946 -0.067800
v -0.422575 0.324946 -0.058200
vn 0.0980 0.9952 -0.0000
vn 0.2903 0.9569 -0.0000
vn 0.4714 0.8819 -0.0000
vn 0.6344 0.7730 -0.0000
vn 0.7730 0.6344 -0.0000
vn 0.8819 0.4714 -0.0000
vn 0.9569 0.2903 -0.0000
vn 0.9952 0.0980 -0.0000
vn 0.9952 -0.0980 -0.0000
vn 0.9569 -0.2903 -0.0000
vn 0.8819 -0.4714 -0.0000
vn 0.7730 -0.6344 -0.0000
vn 0.6344 -0.7730 -0.0000
vn 0.4714 -0.8819 -0.0000
vn 0.2903 -0.9569 -0.0000
vn 0.0980 -0.9952 -0.0000
vn -0.0980 -0.9952 -0.0000
vn -0.2903 -0.9569 -0.0000
vn -0.4714 -0.8819 -0.0000
vn -0.6344 -0.7730 -0.0000
vn -0.7730 -0.6344 -0.0000
vn -0.8819 -0.4714 -0.0000
vn -0.9569 -0.2903 -0.0000
vn -0.9952 -0.0980 -0.0000
vn -0.9952 0.0980 -0.0000
vn -0.9569 0.2903 -0.0000
vn -0.8819 0.4714 -0.0000
vn -0.7730 0.6344 -0.0000
vn -0.6344 0.7730 -0.0000
vn -0.4714 0.8819 -0.0000
vn -0.0000 -0.0000 1.0000
vn -0.2903 0.9569 -0.0000
vn -0.0980 0.9952 -0.0000
vn -0.0000 -0.0000 -1.0000
vt 1.000000 0.500000
vt 1.000000 1.000000
vt 0.968750 1.000000
vt 0.968750 0.500000
vt 0.937500 1.000000
vt 0.937500 0.500000
vt 0.906250 1.000000
vt 0.906250 0.500000
vt 0.875000 1.000000
vt 0.875000 0.500000
vt 0.843750 1.000000
vt 0.843750 0.500000
vt 0.812500 1.000000
vt 0.812500 0.500000
vt 0.781250 1.000000
vt 0.781250 0.500000
vt 0.750000 1.000000
vt 0.750000 0.500000
vt 0.718750 1.000000
vt 0.718750 0.500000
vt 0.687500 1.000000
vt 0.687500 0.500000
vt 0.656250 1.000000
vt 0.656250 0.500000
vt 0.625000 1.000000
vt 0.625000 0.500000
vt 0.593750 1.000000
vt 0.593750 0.500000
vt 0.562500 1.000000
vt 0.562500 0.500000
vt 0.531250 1.000000
vt 0.531250 0.500000
vt 0.500000 1.000000
vt 0.500000 0.500000
vt 0.468750 1.000000
vt 0.468750 0.500000
vt 0.437500 1.000000
vt 0.437500 0.500000
vt 0.406250 1.000000
vt 0.406250 0.500000
vt 0.375000 1.000000
vt 0.375000 0.500000
vt 0.343750 1.000000
vt 0.343750 0.500000
vt 0.312500 1.000000
vt 0.312500 0.500000
vt 0.281250 1.000000
vt 0.281250 0.500000
vt 0.250000 1.000000
vt 0.250000 0.500000
vt 0.218750 1.000000
vt 0.218750 0.500000
vt 0.187500 1.000000
vt 0.187500 0.500000
vt 0.156250 1.000000
vt 0.156250 0.500000
vt 0.125000 1.000000
vt 0.125000 0.500000
vt 0.093750 1.000000
vt 0.093750 0.500000
vt 0.062500 1.000000
vt 0.062500 0.500000
vt 0.296822 0.485388
vt 0.250000 0.490000
vt 0.203178 0.485388
vt 0.158156 0.471731
vt 0.116663 0.449553
vt 0.080294 0.419706
vt 0.050447 0.383337
vt 0.028269 0.341844
vt 0.014612 0.296822
vt 0.010000 0.250000
vt 0.014612 0.203178
vt 0.028269 0.158156
vt 0.050447 0.116663
vt 0.080294 0.080294
vt 0.116663 0.050447
vt 0.158156 0.028269
vt 0.203178 0.014612
vt 0.250000 0.010000
vt 0.296822 0.014612
vt 0.341844 0.028269
vt 0.383337 0.050447
vt 0.419706 0.080294
vt 0.449553 0.116663
vt 0.471731 0.158156
vt 0.485388 0.203178
vt 0.490000 0.250000
vt 0.485388 0.296822
vt 0.471731 0.341844
vt 0.449553 0.383337
vt 0.419706 0.419706
vt 0.383337 0.449553
vt 0.341844 0.471731
vt 0.031250 1.000000
vt 0.031250 0.500000
vt 0.000000 1.000000
vt 0.000000 0.500000
vt 0.750000 0.490000
vt 0.796822 0.485388
vt 0.841844 0.471731
vt 0.883337 0.449553
vt 0.919706 0.419706
vt 0.949553 0.383337
vt 0.971731 0.341844
vt 0.985388 0.296822
vt 0.990000 0.250000
vt 0.985388 0.203178
vt 0.971731 0.158156
vt 0.949553 0.116663
vt 0.919706 0.080294
vt 0.883337 0.050447
vt 0.841844 0.028269
vt 0.796822 0.014612
vt 0.750000 0.010000
vt 0.703178 0.014612
vt 0.658156 0.028269
vt 0.616663 0.050447
vt 0.580294 0.080294
vt 0.550447 0.116663
vt 0.528269 0.158156
vt 0.514612 0.203178
vt 0.510000 0.250000
vt 0.514612 0.296822
vt 0.528269 0.341844
vt 0.550447 0.383337
vt 0.580294 0.419706
vt 0.616663 0.449553
vt 0.658156 0.471731
vt 0.703178 0.485388
s 0
usemtl Table_3_Call_Light_mat.043
f 3777/2741/974 3778/2742/974 3780/2743/974 3779/2744/974
f 3779/2744/975 3780/2743/975 3782/2745/975 3781/2746/975
f 3781/2746/976 3782/2745/976 3784/2747/976 3783/2748/976
f 3783/2748/977 3784/2747/977 3786/2749/977 3785/2750/977
f 3785/2750/978 3786/2749/978 3788/2751/978 3787/2752/978
f 3787/2752/979 3788/2751/979 3790/2753/979 3789/2754/979
f 3789/2754/980 3790/2753/980 3792/2755/980 3791/2756/980
f 3791/2756/981 3792/2755/981 3794/2757/981 3793/2758/981
f 3793/2758/982 3794/2757/982 3796/2759/982 3795/2760/982
f 3795/2760/983 3796/2759/983 3798/2761/983 3797/2762/983
f 3797/2762/984 3798/2761/984 3800/2763/984 3799/2764/984
f 3799/2764/985 3800/2763/985 3802/2765/985 3801/2766/985
f 3801/2766/986 3802/2765/986 3804/2767/986 3803/2768/986
f 3803/2768/987 3804/2767/987 3806/2769/987 3805/2770/987
f 3805/2770/988 3806/2769/988 3808/2771/988 3807/2772/988
f 3807/2772/989 3808/2771/989 3810/2773/989 3809/2774/989
f 3809/2774/990 3810/2773/990 3812/2775/990 3811/2776/990
f 3811/2776/991 3812/2775/991 3814/2777/991 3813/2778/991
f 3813/2778/992 3814/2777/992 3816/2779/992 3815/2780/992
f 3815/2780/993 3816/2779/993 3818/2781/993 3817/2782/993
f 3817/2782/994 3818/2781/994 3820/2783/994 3819/2784/994
f 3819/2784/995 3820/2783/995 3822/2785/995 3821/2786/995
f 3821/2786/996 3822/2785/996 3824/2787/996 3823/2788/996
f 3823/2788/997 3824/2787/997 3826/2789/997 3825/2790/997
f 3825/2790/998 3826/2789/998 3828/2791/998 3827/2792/998
f 3827/2792/999 3828/2791/999 3830/2793/999 3829/2794/999
f 3829/2794/1000 3830/2793/1000 3832/2795/1000 3831/2796/1000
f 3831/2796/1001 3832/2795/1001 3834/2797/1001 3833/2798/1001
f 3833/2798/1002 3834/2797/1002 3836/2799/1002 3835/2800/1002
f 3835/2800/1003 3836/2799/1003 3838/2801/1003 3837/2802/1003
f 3780/2803/1004 3778/2804/1004 3840/2805/1004 3838/2806/1004 3836/2807/1004 3834/2808/1004 3832/2809/1004 3830/2810/1004 3828/2811/1004 3826/2812/1004 3824/2813/1004 3822/2814/1004 3820/2815/1004 3818/2816/1004 3816/2817/1004 3814/2818/1004 3812/2819/1004 3810/2820/1004 3808/2821/1004 3806/2822/1004 3804/2823/1004 3802/2824/1004 3800/2825/1004 3798/2826/1004 3796/2827/1004 3794/2828/1004 3792/2829/1004 3790/2830/1004 3788/2831/1004 3786/2832/1004 3784/2833/1004 3782/2834/1004
f 3837/2802/1005 3838/2801/1005 3840/2835/1005 3839/2836/1005
f 3839/2836/1006 3840/2835/1006 3778/2837/1006 3777/2838/1006
f 3777/2839/1007 3779/2840/1007 3781/2841/1007 3783/2842/1007 3785/2843/1007 3787/2844/1007 3789/2845/1007 3791/2846/1007 3793/2847/1007 3795/2848/1007 3797/2849/1007 3799/2850/1007 3801/2851/1007 3803/2852/1007 3805/2853/1007 3807/2854/1007 3809/2855/1007 3811/2856/1007 3813/2857/1007 3815/2858/1007 3817/2859/1007 3819/2860/1007 3821/2861/1007 3823/2862/1007 3825/2863/1007 3827/2864/1007 3829/2865/1007 3831/2866/1007 3833/2867/1007 3835/2868/1007 3837/2869/1007 3839/2870/1007
o Table_3_Label
v -0.417422 0.312300 -0.084602
v -0.417239 0.312300 -0.084680
v -0.417055 0.312300 -0.084749
v -0.416871 0.312300 -0.084811
v -0.416684 0.312300 -0.084865
v -0.416494 0.312300 -0.084912
v -0.416301 0.312300 -0.084951
v -0.416103 0.312300 -0.084983
v -0.415900 0.312300 -0.085007
v -0.415690 0.312300 -0.085024
v -0.415473 0.312300 -0.085035
v -0.415248 0.312300 -0.085038
v -0.414715 0.312300 -0.085012
v -0.414217 0.312300 -0.084936
v -0.413756 0.312300 -0.084811
v -0.413334 0.312300 -0.084639
v -0.412953 0.312300 -0.084423
v -0.412615 0.312300 -0.084165
v -0.412324 0.312300 -0.083866
v -0.412080 0.312300 -0.083529
v -0.411886 0.312300 -0.083155
v -0.411745 0.312300 -0.082746
v -0.411659 0.312300 -0.082305
v -0.411630 0.312300 -0.081834
v -0.411639 0.312300 -0.081504
v -0.411668 0.312300 -0.081198
v -0.411718 0.312300 -0.080913
v -0.411788 0.312300 -0.080648
v -0.411880 0.312300 -0.080402
v -0.411994 0.312300 -0.080173
v -0.412132 0.312300 -0.079961
v -0.412294 0.312300 -0.079762
v -0.412480 0.312300 -0.079576
v -0.412692 0.312300 -0.079402
v -0.412931 0.312300 -0.079237
v -0.413196 0.312300 -0.079080
v -0.412904 0.312300 -0.078967
v -0.412640 0.312300 -0.078820
v -0.412404 0.312300 -0.078642
v -0.412195 0.312300 -0.078436
v -0.412012 0.312300 -0.078205
v -0.411855 0.312300 -0.077953
v -0.411724 0.312300 -0.077682
v -0.411617 0.312300 -0.077396
v -0.411536 0.312300 -0.077098
v -0.411478 0.312300 -0.076791
v -0.411443 0.312300 -0.076479
v -0.411432 0.312300 -0.076164
v -0.411465 0.312300 -0.075629
v -0.411561 0.312300 -0.075126
v -0.411718 0.312300 -0.074655
v -0.411931 0.312300 -0.074222
v -0.412199 0.312300 -0.073828
v -0.412516 0.312300 -0.073477
v -0.412882 0.312300 -0.073172
v -0.413291 0.312300 -0.072916
v -0.413740 0.312300 -0.072711
v -0.414228 0.312300 -0.072562
v -0.414749 0.312300 -0.072469
v -0.415302 0.312300 -0.072438
v -0.415514 0.312300 -0.072443
v -0.415728 0.312300 -0.072459
v -0.415943 0.312300 -0.072484
v -0.416159 0.312300 -0.072520
v -0.416376 0.312300 -0.072565
v -0.416593 0.312300 -0.072620
v -0.416812 0.312300 -0.072685
v -0.417031 0.312300 -0.072758
v -0.417251 0.312300 -0.072840
v -0.417471 0.312300 -0.072932
v -0.417691 0.312300 -0.073032
v -0.417912 0.312300 -0.073140
v -0.417912 0.312300 -0.075048
v -0.417679 0.312300 -0.074897
v -0.417447 0.312300 -0.074760
v -0.417216 0.312300 -0.074636
v -0.416987 0.312300 -0.074525
v -0.416758 0.312300 -0.074428
v -0.416530 0.312300 -0.074344
v -0.416304 0.312300 -0.074273
v -0.416077 0.312300 -0.074215
v -0.415852 0.312300 -0.074170
v -0.415626 0.312300 -0.074138
v -0.415401 0.312300 -0.074118
v -0.415176 0.312300 -0.074112
v -0.414884 0.312300 -0.074128
v -0.414611 0.312300 -0.074175
v -0.414358 0.312300 -0.074252
v -0.414127 0.312300 -0.074357
v -0.413918 0.312300 -0.074489
v -0.413734 0.312300 -0.074648
v -0.413574 0.312300 -0.074831
v -0.413441 0.312300 -0.075037
v -0.413336 0.312300 -0.075266
v -0.413259 0.312300 -0.075516
v -0.413212 0.312300 -0.075786
v -0.413196 0.312300 -0.076074
v -0.413214 0.312300 -0.076369
v -0.413269 0.312300 -0.076651
v -0.413361 0.312300 -0.076916
v -0.413489 0.312300 -0.077162
v -0.413654 0.312300 -0.077386
v -0.413855 0.312300 -0.077586
v -0.414093 0.312300 -0.077759
v -0.414367 0.312300 -0.077902
v -0.414677 0.312300 -0.078013
v -0.415023 0.312300 -0.078089
v -0.415406 0.312300 -0.078128
v -0.415824 0.312300 -0.078126
v -0.415824 0.312300 -0.079746
v -0.415436 0.312300 -0.079760
v -0.415082 0.312300 -0.079801
v -0.414761 0.312300 -0.079868
v -0.414474 0.312300 -0.079960
v -0.414221 0.312300 -0.080077
v -0.414001 0.312300 -0.080219
v -0.413816 0.312300 -0.080383
v -0.413664 0.312300 -0.080570
v -0.413546 0.312300 -0.080779
v -0.413461 0.312300 -0.081009
v -0.413411 0.312300 -0.081258
v -0.413394 0.312300 -0.081528
v -0.413411 0.312300 -0.081802
v -0.413461 0.312300 -0.082058
v -0.413544 0.312300 -0.082293
v -0.413657 0.312300 -0.082508
v -0.413799 0.312300 -0.082701
v -0.413970 0.312300 -0.082871
v -0.414168 0.312300 -0.083018
v -0.414391 0.312300 -0.083140
v -0.414639 0.312300 -0.083237
v -0.414911 0.312300 -0.083307
v -0.415204 0.312300 -0.083350
v -0.415518 0.312300 -0.083364
v -0.415683 0.312300 -0.083361
v -0.415845 0.312300 -0.083352
v -0.416006 0.312300 -0.083336
v -0.416167 0.312300 -0.083313
v -0.416330 0.312300 -0.083282
v -0.416494 0.312300 -0.083245
v -0.416663 0.312300 -0.083199
v -0.416837 0.312300 -0.083145
v -0.417016 0.312300 -0.083083
v -0.417204 0.312300 -0.083012
v -0.417400 0.312300 -0.082932
v -0.417606 0.312300 -0.082842
v -0.417606 0.312300 -0.084516
v -0.423618 0.312300 -0.083292
v -0.423618 0.312300 -0.072600
v -0.425382 0.312300 -0.072600
v -0.425382 0.312300 -0.083292
v -0.429630 0.312300 -0.083292
v -0.429630 0.312300 -0.084876
v -0.419370 0.312300 -0.084876
v -0.419370 0.312300 -0.083292
v -0.417422 0.311700 -0.084602
v -0.417239 0.311700 -0.084680
v -0.417055 0.311700 -0.084749
v -0.416871 0.311700 -0.084811
v -0.416684 0.311700 -0.084865
v -0.416494 0.311700 -0.084912
v -0.416301 0.311700 -0.084951
v -0.416103 0.311700 -0.084983
v -0.415900 0.311700 -0.085007
v -0.415690 0.311700 -0.085024
v -0.415473 0.311700 -0.085035
v -0.415248 0.311700 -0.085038
v -0.414715 0.311700 -0.085012
v -0.414217 0.311700 -0.084936
v -0.413756 0.311700 -0.084811
v -0.413334 0.311700 -0.084639
v -0.412953 0.311700 -0.084423
v -0.412615 0.311700 -0.084165
v -0.412324 0.311700 -0.083866
v -0.412080 0.311700 -0.083529
v -0.411886 0.311700 -0.083155
v -0.411745 0.311700 -0.082746
v -0.411659 0.311700 -0.082305
v -0.411630 0.311700 -0.081834
v -0.411639 0.311700 -0.081504
v -0.411668 0.311700 -0.081198
v -0.411718 0.311700 -0.080913
v -0.411788 0.311700 -0.080648
v -0.411880 0.311700 -0.080402
v -0.411994 0.311700 -0.080173
v -0.412132 0.311700 -0.079961
v -0.412294 0.311700 -0.079762
v -0.412480 0.311700 -0.079576
v -0.412692 0.311700 -0.079402
v -0.412931 0.311700 -0.079237
v -0.413196 0.311700 -0.079080
v -0.412904 0.311700 -0.078967
v -0.412640 0.311700 -0.078820
v -0.412404 0.311700 -0.078642
v -0.412195 0.311700 -0.078436
v -0.412012 0.311700 -0.078205
v -0.411855 0.311700 -0.077953
v -0.411724 0.311700 -0.077682
v -0.411617 0.311700 -0.077396
v -0.411536 0.311700 -0.077098
v -0.411478 0.311700 -0.076791
v -0.411443 0.311700 -0.076479
v -0.411432 0.311700 -0.076164
v -0.411465 0.311700 -0.075629
v -0.411561 0.311700 -0.075126
v -0.411718 0.311700 -0.074655
v -0.411931 0.311700 -0.074222
v -0.412199 0.311700 -0.073828
v -0.412516 0.311700 -0.073477
v -0.412882 0.311700 -0.073172
v -0.413291 0.311700 -0.072916
v -0.413740 0.311700 -0.072711
v -0.414228 0.311700 -0.072562
v -0.414749 0.311700 -0.072469
v -0.415302 0.311700 -0.072438
v -0.415514 0.311700 -0.072443
v -0.415728 0.311700 -0.072459
v -0.415943 0.311700 -0.072484
v -0.416159 0.311700 -0.072520
v -0.416376 0.311700 -0.072565
v -0.416593 0.311700 -0.072620
v -0.416812 0.311700 -0.072685
v -0.417031 0.311700 -0.072758
v -0.417251 0.311700 -0.072840
v -0.417471 0.311700 -0.072932
v -0.417691 0.311700 -0.073032
v -0.417912 0.311700 -0.073140
v -0.417912 0.311700 -0.075048
v -0.417679 0.311700 -0.074897
v -0.417447 0.311700 -0.074760
v -0.417216 0.311700 -0.074636
v -0.416987 0.311700 -0.074525
v -0.416758 0.311700 -0.074428
v -0.416530 0.311700 -0.074344
v -0.416304 0.311700 -0.074273
v -0.416077 0.311700 -0.074215
v -0.415852 0.311700 -0.074170
v -0.415626 0.311700 -0.074138
v -0.415401 0.311700 -0.074118
v -0.415176 0.311700 -0.074112
v -0.414884 0.311700 -0.074128
v -0.414611 0.311700 -0.074175
v -0.414358 0.311700 -0.074252
v -0.414127 0.311700 -0.074357
v -0.413918 0.311700 -0.074489
v -0.413734 0.311700 -0.074648
v -0.413574 0.311700 -0.074831
v -0.413441 0.311700 -0.075037
v -0.413336 0.311700 -0.075266
v -0.413259 0.311700 -0.075516
v -0.413212 0.311700 -0.075786
v -0.413196 0.311700 -0.076074
v -0.413214 0.311700 -0.076369
v -0.413269 0.311700 -0.076651
v -0.413361 0.311700 -0.076916
v -0.413489 0.311700 -0.077162
v -0.413654 0.311700 -0.077386
v -0.413855 0.311700 -0.077586
v -0.414093 0.311700 -0.077759
v -0.414367 0.311700 -0.077902
v -0.414677 0.311700 -0.078013
v -0.415023 0.311700 -0.078089
v -0.415406 0.311700 -0.078128
v -0.415824 0.311700 -0.078126
v -0.415824 0.311700 -0.079746
v -0.415436 0.311700 -0.079760
v -0.415082 0.311700 -0.079801
v -0.414761 0.311700 -0.079868
v -0.414474 0.311700 -0.079960
v -0.414221 0.311700 -0.080077
v -0.414001 0.311700 -0.080219
v -0.413816 0.311700 -0.080383
v -0.413664 0.311700 -0.080570
v -0.413546 0.311700 -0.080779
v -0.413461 0.311700 -0.081009
v -0.413411 0.311700 -0.081258
v -0.413394 0.311700 -0.081528
v -0.413411 0.311700 -0.081802
v -0.413461 0.311700 -0.082058
v -0.413544 0.311700 -0.082293
v -0.413657 0.311700 -0.082508
v -0.413799 0.311700 -0.082701
v -0.413970 0.311700 -0.082871
v -0.414168 0.311700 -0.083018
v -0.414391 0.311700 -0.083140
v -0.414639 0.311700 -0.083237
v -0.414911 0.311700 -0.083307
v -0.415204 0.311700 -0.083350
v -0.415518 0.311700 -0.083364
v -0.415683 0.311700 -0.083361
v -0.415845 0.311700 -0.083352
v -0.416006 0.311700 -0.083336
v -0.416167 0.311700 -0.083313
v -0.416330 0.311700 -0.083282
v -0.416494 0.311700 -0.083245
v -0.416663 0.311700 -0.083199
v -0.416837 0.311700 -0.083145
v -0.417016 0.311700 -0.083083
v -0.417204 0.311700 -0.083012
v -0.417400 0.311700 -0.082932
v -0.417606 0.311700 -0.082842
v -0.417606 0.311700 -0.084516
v -0.423618 0.311700 -0.083292
v -0.423618 0.311700 -0.072600
v -0.425382 0.311700 -0.072600
v -0.425382 0.311700 -0.083292
v -0.429630 0.311700 -0.083292
v -0.429630 0.311700 -0.084876
v -0.419370 0.311700 -0.084876
v -0.419370 0.311700 -0.083292
v -0.423618 0.311700 -0.083292
v -0.423618 0.312300 -0.083292
v -0.423618 0.311700 -0.072600
v -0.423618 0.312300 -0.072600
v -0.425382 0.311700 -0.072600
v -0.425382 0.312300 -0.072600
v -0.425382 0.311700 -0.083292
v -0.425382 0.312300 -0.083292
v -0.429630 0.311700 -0.083292
v -0.429630 0.312300 -0.083292
v -0.429630 0.311700 -0.084876
v -0.429630 0.312300 -0.084876
v -0.419370 0.311700 -0.084876
v -0.419370 0.312300 -0.084876
v -0.419370 0.311700 -0.083292
v -0.419370 0.312300 -0.083292
v -0.417422 0.311700 -0.084602
v -0.417422 0.312300 -0.084602
v -0.417239 0.311700 -0.084680
v -0.417239 0.312300 -0.084680
v -0.417055 0.311700 -0.084749
v -0.417055 0.312300 -0.084749
v -0.416871 0.311700 -0.084811
v -0.416871 0.312300 -0.084811
v -0.416684 0.311700 -0.084865
v -0.416684 0.312300 -0.084865
v -0.416494 0.311700 -0.084912
v -0.416494 0.312300 -0.084912
v -0.416301 0.311700 -0.084951
v -0.416301 0.312300 -0.084951
v -0.416103 0.311700 -0.084983
v -0.416103 0.312300 -0.084983
v -0.415900 0.311700 -0.085007
v -0.415900 0.312300 -0.085007
v -0.415690 0.311700 -0.085024
v -0.415690 0.312300 -0.085024
v -0.415473 0.311700 -0.085035
v -0.415473 0.312300 -0.085035
v -0.415248 0.311700 -0.085038
v -0.415248 0.312300 -0.085038
v -0.414715 0.311700 -0.085012
v -0.414715 0.312300 -0.085012
v -0.414217 0.311700 -0.084936
v -0.414217 0.312300 -0.084936
v -0.413756 0.311700 -0.084811
v -0.413756 0.312300 -0.084811
v -0.413334 0.311700 -0.084639
v -0.413334 0.312300 -0.084639
v -0.412953 0.311700 -0.084423
v -0.412953 0.312300 -0.084423
v -0.412615 0.311700 -0.084165
v -0.412615 0.312300 -0.084165
v -0.412324 0.311700 -0.083866
v -0.412324 0.312300 -0.083866
v -0.412080 0.311700 -0.083529
v -0.412080 0.312300 -0.083529
v -0.411886 0.311700 -0.083155
v -0.411886 0.312300 -0.083155
v -0.411745 0.311700 -0.082746
v -0.411745 0.312300 -0.082746
v -0.411659 0.311700 -0.082305
v -0.411659 0.312300 -0.082305
v -0.411630 0.311700 -0.081834
v -0.411630 0.312300 -0.081834
v -0.411639 0.311700 -0.081504
v -0.411639 0.312300 -0.081504
v -0.411668 0.311700 -0.081198
v -0.411668 0.312300 -0.081198
v -0.411718 0.311700 -0.080913
v -0.411718 0.312300 -0.080913
v -0.411788 0.311700 -0.080648
v -0.411788 0.312300 -0.080648
v -0.411880 0.311700 -0.080402
v -0.411880 0.312300 -0.080402
v -0.411994 0.311700 -0.080173
v -0.411994 0.312300 -0.080173
v -0.412132 0.311700 -0.079961
v -0.412132 0.312300 -0.079961
v -0.412294 0.311700 -0.079762
v -0.412294 0.312300 -0.079762
v -0.412480 0.311700 -0.079576
v -0.412480 0.312300 -0.079576
v -0.412692 0.311700 -0.079402
v -0.412692 0.312300 -0.079402
v -0.412931 0.311700 -0.079237
v -0.412931 0.312300 -0.079237
v -0.413196 0.311700 -0.079080
v -0.413196 0.312300 -0.079080
v -0.412904 0.311700 -0.078967
v -0.412904 0.312300 -0.078967
v -0.412640 0.311700 -0.078820
v -0.412640 0.312300 -0.078820
v -0.412404 0.311700 -0.078642
v -0.412404 0.312300 -0.078642
v -0.412195 0.311700 -0.078436
v -0.412195 0.312300 -0.078436
v -0.412012 0.311700 -0.078205
v -0.412012 0.312300 -0.078205
v -0.411855 0.311700 -0.077953
v -0.411855 0.312300 -0.077953
v -0.411724 0.311700 -0.077682
v -0.411724 0.312300 -0.077682
v -0.411617 0.311700 -0.077396
v -0.411617 0.312300 -0.077396
v -0.411536 0.311700 -0.077098
v -0.411536 0.312300 -0.077098
v -0.411478 0.311700 -0.076791
v -0.411478 0.312300 -0.076791
v -0.411443 0.311700 -0.076479
v -0.411443 0.312300 -0.076479
v -0.411432 0.311700 -0.076164
v -0.411432 0.312300 -0.076164
v -0.411465 0.311700 -0.075629
v -0.411465 0.312300 -0.075629
v -0.411561 0.311700 -0.075126
v -0.411561 0.312300 -0.075126
v -0.411718 0.311700 -0.074655
v -0.411718 0.312300 -0.074655
v -0.411931 0.311700 -0.074222
v -0.411931 0.312300 -0.074222
v -0.412199 0.311700 -0.073828
v -0.412199 0.312300 -0.073828
v -0.412516 0.311700 -0.073477
v -0.412516 0.312300 -0.073477
v -0.412882 0.311700 -0.073172
v -0.412882 0.312300 -0.073172
v -0.413291 0.311700 -0.072916
v -0.413291 0.312300 -0.072916
v -0.413740 0.311700 -0.072711
v -0.413740 0.312300 -0.072711
v -0.414228 0.311700 -0.072562
v -0.414228 0.312300 -0.072562
v -0.414749 0.311700 -0.072469
v -0.414749 0.312300 -0.072469
v -0.415302 0.311700 -0.072438
v -0.415302 0.312300 -0.072438
v -0.415514 0.311700 -0.072443
v -0.415514 0.312300 -0.072443
v -0.415728 0.311700 -0.072459
v -0.415728 0.312300 -0.072459
v -0.415943 0.311700 -0.072484
v -0.415943 0.312300 -0.072484
v -0.416159 0.311700 -0.072520
v -0.416159 0.312300 -0.072520
v -0.416376 0.311700 -0.072565
v -0.416376 0.312300 -0.072565
v -0.416593 0.311700 -0.072620
v -0.416593 0.312300 -0.072620
v -0.416812 0.311700 -0.072685
v -0.416812 0.312300 -0.072685
v -0.417031 0.311700 -0.072758
v -0.417031 0.312300 -0.072758
v -0.417251 0.311700 -0.072840
v -0.417251 0.312300 -0.072840
v -0.417471 0.311700 -0.072932
v -0.417471 0.312300 -0.072932
v -0.417691 0.311700 -0.073032
v -0.417691 0.312300 -0.073032
v -0.417912 0.311700 -0.073140
v -0.417912 0.312300 -0.073140
v -0.417912 0.311700 -0.075048
v -0.417912 0.312300 -0.075048
v -0.417679 0.311700 -0.074897
v -0.417679 0.312300 -0.074897
v -0.417447 0.311700 -0.074760
v -0.417447 0.312300 -0.074760
v -0.417216 0.311700 -0.074636
v -0.417216 0.312300 -0.074636
v -0.416987 0.311700 -0.074525
v -0.416987 0.312300 -0.074525
v -0.416758 0.311700 -0.074428
v -0.416758 0.312300 -0.074428
v -0.416530 0.311700 -0.074344
v -0.416530 0.312300 -0.074344
v -0.416304 0.311700 -0.074273
v -0.416304 0.312300 -0.074273
v -0.416077 0.311700 -0.074215
v -0.416077 0.312300 -0.074215
v -0.415852 0.311700 -0.074170
v -0.415852 0.312300 -0.074170
v -0.415626 0.311700 -0.074138
v -0.415626 0.312300 -0.074138
v -0.415401 0.311700 -0.074118
v -0.415401 0.312300 -0.074118
v -0.415176 0.311700 -0.074112
v -0.415176 0.312300 -0.074112
v -0.414884 0.311700 -0.074128
v -0.414884 0.312300 -0.074128
v -0.414611 0.311700 -0.074175
v -0.414611 0.312300 -0.074175
v -0.414358 0.311700 -0.074252
v -0.414358 0.312300 -0.074252
v -0.414127 0.311700 -0.074357
v -0.414127 0.312300 -0.074357
v -0.413918 0.311700 -0.074489
v -0.413918 0.312300 -0.074489
v -0.413734 0.311700 -0.074648
v -0.413734 0.312300 -0.074648
v -0.413574 0.311700 -0.074831
v -0.413574 0.312300 -0.074831
v -0.413441 0.311700 -0.075037
v -0.413441 0.312300 -0.075037
v -0.413336 0.311700 -0.075266
v -0.413336 0.312300 -0.075266
v -0.413259 0.311700 -0.075516
v -0.413259 0.312300 -0.075516
v -0.413212 0.311700 -0.075786
v -0.413212 0.312300 -0.075786
v -0.413196 0.311700 -0.076074
v -0.413196 0.312300 -0.076074
v -0.413214 0.311700 -0.076369
v -0.413214 0.312300 -0.076369
v -0.413269 0.311700 -0.076651
v -0.413269 0.312300 -0.076651
v -0.413361 0.311700 -0.076916
v -0.413361 0.312300 -0.076916
v -0.413489 0.311700 -0.077162
v -0.413489 0.312300 -0.077162
v -0.413654 0.311700 -0.077386
v -0.413654 0.312300 -0.077386
v -0.413855 0.311700 -0.077586
v -0.413855 0.312300 -0.077586
v -0.414093 0.311700 -0.077759
v -0.414093 0.312300 -0.077759
v -0.414367 0.311700 -0.077902
v -0.414367 0.312300 -0.077902
v -0.414677 0.311700 -0.078013
v -0.414677 0.312300 -0.078013
v -0.415023 0.311700 -0.078089
v -0.415023 0.312300 -0.078089
v -0.415406 0.311700 -0.078128
v -0.415406 0.312300 -0.078128
v -0.415824 0.311700 -0.078126
v -0.415824 0.312300 -0.078126
v -0.415824 0.311700 -0.079746
v -0.415824 0.312300 -0.079746
v -0.415436 0.311700 -0.079760
v -0.415436 0.312300 -0.079760
v -0.415082 0.311700 -0.079801
v -0.415082 0.312300 -0.079801
v -0.414761 0.311700 -0.079868
v -0.414761 0.312300 -0.079868
v -0.414474 0.311700 -0.079960
v -0.414474 0.312300 -0.079960
v -0.414221 0.311700 -0.080077
v -0.414221 0.312300 -0.080077
v -0.414001 0.311700 -0.080219
v -0.414001 0.312300 -0.080219
v -0.413816 0.311700 -0.080383
v -0.413816 0.312300 -0.080383
v -0.413664 0.311700 -0.080570
v -0.413664 0.312300 -0.080570
v -0.413546 0.311700 -0.080779
v -0.413546 0.312300 -0.080779
v -0.413461 0.311700 -0.081009
v -0.413461 0.312300 -0.081009
v -0.413411 0.311700 -0.081258
v -0.413411 0.312300 -0.081258
v -0.413394 0.311700 -0.081528
v -0.413394 0.312300 -0.081528
v -0.413411 0.311700 -0.081802
v -0.413411 0.312300 -0.081802
v -0.413461 0.311700 -0.082058
v -0.413461 0.312300 -0.082058
v -0.413544 0.311700 -0.082293
v -0.413544 0.312300 -0.082293
v -0.413657 0.311700 -0.082508
v -0.413657 0.312300 -0.082508
v -0.413799 0.311700 -0.082701
v -0.413799 0.312300 -0.082701
v -0.413970 0.311700 -0.082871
v -0.413970 0.312300 -0.082871
v -0.414168 0.311700 -0.083018
v -0.414168 0.312300 -0.083018
v -0.414391 0.311700 -0.083140
v -0.414391 0.312300 -0.083140
v -0.414639 0.311700 -0.083237
v -0.414639 0.312300 -0.083237
v -0.414911 0.311700 -0.083307
v -0.414911 0.312300 -0.083307
v -0.415204 0.311700 -0.083350
v -0.415204 0.312300 -0.083350
v -0.415518 0.311700 -0.083364
v -0.415518 0.312300 -0.083364
v -0.415683 0.311700 -0.083361
v -0.415683 0.312300 -0.083361
v -0.415845 0.311700 -0.083352
v -0.415845 0.312300 -0.083352
v -0.416006 0.311700 -0.083336
v -0.416006 0.312300 -0.083336
v -0.416167 0.311700 -0.083313
v -0.416167 0.312300 -0.083313
v -0.416330 0.311700 -0.083282
v -0.416330 0.312300 -0.083282
v -0.416494 0.311700 -0.083245
v -0.416494 0.312300 -0.083245
v -0.416663 0.311700 -0.083199
v -0.416663 0.312300 -0.083199
v -0.416837 0.311700 -0.083145
v -0.416837 0.312300 -0.083145
v -0.417016 0.311700 -0.083083
v -0.417016 0.312300 -0.083083
v -0.417204 0.311700 -0.083012
v -0.417204 0.312300 -0.083012
v -0.417400 0.311700 -0.082932
v -0.417400 0.312300 -0.082932
v -0.417606 0.311700 -0.082842
v -0.417606 0.312300 -0.082842
v -0.417606 0.311700 -0.084516
v -0.417606 0.312300 -0.084516
vn -0.0000 1.0000 -0.0000
vn -0.0000 -1.0000 -0.0000
vn 0.7071 -0.0000 0.7071
vn -0.7071 -0.0000 0.7071
vn -0.7071 -0.0000 -0.7071
vn 0.7071 -0.0000 -0.7071
vn -0.4070 -0.0000 -0.9134
vn -0.3731 -0.0000 -0.9278
vn -0.3367 -0.0000 -0.9416
vn -0.2983 -0.0000 -0.9545
vn -0.2586 -0.0000 -0.9660
vn -0.2182 -0.0000 -0.9759
vn -0.1779 -0.0000 -0.9840
vn -0.1385 -0.0000 -0.9904
vn -0.1006 -0.0000 -0.9949
vn -0.0647 -0.0000 -0.9979
vn -0.0312 -0.0000 -0.9995
vn 0.0168 -0.0000 -0.9999
vn 0.1003 -0.0000 -0.9950
vn 0.2069 -0.0000 -0.9784
vn 0.3194 -0.0000 -0.9476
vn 0.4355 -0.0000 -0.9002
vn 0.5518 -0.0000 -0.8340
vn 0.6635 -0.0000 -0.7482
vn 0.7652 -0.0000 -0.6438
vn 0.8517 -0.0000 -0.5240
vn 0.9191 -0.0000 -0.3940
vn 0.9657 -0.0000 -0.2598
vn 0.9919 -0.0000 -0.1272
vn 0.9999 -0.0000 -0.0166
vn 0.9981 -0.0000 0.0615
vn 0.9912 -0.0000 0.1324
vn 0.9769 -0.0000 0.2137
vn 0.9527 -0.0000 0.3039
vn 0.9167 -0.0000 0.3997
vn 0.8682 -0.0000 0.4963
vn 0.8087 -0.0000 0.5882
vn 0.7417 -0.0000 0.6708
vn 0.6716 -0.0000 0.7409
vn 0.6029 -0.0000 0.7978
vn 0.5391 -0.0000 0.8422
vn 0.9966 -0.0000 -0.0823
vn 0.4246 -0.0000 -0.9054
vn 0.5457 -0.0000 -0.8380
vn 0.6532 -0.0000 -0.7572
vn 0.7442 -0.0000 -0.6680
vn 0.8180 -0.0000 -0.5753
vn 0.8758 -0.0000 -0.4827
vn 0.9196 -0.0000 -0.3929
vn 0.9517 -0.0000 -0.3070
vn 0.9743 -0.0000 -0.2252
vn 0.9891 -0.0000 -0.1474
vn 0.9974 -0.0000 -0.0727
vn 0.9999 -0.0000 0.0127
vn 0.9922 -0.0000 0.1248
vn 0.9676 -0.0000 0.2524
vn 0.9250 -0.0000 0.3799
vn 0.8642 -0.0000 0.5032
vn 0.7861 -0.0000 0.6181
vn 0.6929 -0.0000 0.7211
vn 0.5875 -0.0000 0.8092
vn 0.4736 -0.0000 0.8807
vn 0.3547 -0.0000 0.9350
vn 0.2344 -0.0000 0.9721
vn 0.1155 -0.0000 0.9933
vn 0.0161 -0.0000 0.9999
vn -0.0486 -0.0000 0.9988
vn -0.0956 -0.0000 0.9954
vn -0.1406 -0.0000 0.9901
vn -0.1836 -0.0000 0.9830
vn -0.2245 -0.0000 0.9745
vn -0.2633 -0.0000 0.9647
vn -0.3000 -0.0000 0.9539
vn -0.3346 -0.0000 0.9424
vn -0.3673 -0.0000 0.9301
vn -0.3981 -0.0000 0.9174
vn -0.4270 -0.0000 0.9042
vn -0.8488 -0.0000 0.5287
vn -0.4781 -0.0000 -0.8783
vn 0.5263 -0.0000 -0.8503
vn 0.4916 -0.0000 -0.8708
vn 0.4539 -0.0000 -0.8911
vn 0.4132 -0.0000 -0.9106
vn 0.3696 -0.0000 -0.9292
vn 0.3230 -0.0000 -0.9464
vn 0.2737 -0.0000 -0.9618
vn 0.2220 -0.0000 -0.9750
vn 0.1683 -0.0000 -0.9857
vn 0.1130 -0.0000 -0.9936
vn 0.0567 -0.0000 -0.9984
vn -0.0130 -0.0000 -0.9999
vn -0.1120 -0.0000 -0.9937
vn -0.2302 -0.0000 -0.9731
vn -0.3530 -0.0000 -0.9356
vn -0.4763 -0.0000 -0.8793
vn -0.5954 -0.0000 -0.8034
vn -0.7048 -0.0000 -0.7094
vn -0.7997 -0.0000 -0.6004
vn -0.8766 -0.0000 -0.4812
vn -0.9340 -0.0000 -0.3571
vn -0.9724 -0.0000 -0.2333
vn -0.9935 -0.0000 -0.1136
vn -1.0000 -0.0000 0.0034
vn -0.9919 -0.0000 0.1272
vn -0.9656 -0.0000 0.2600
vn -0.9184 -0.0000 0.3957
vn -0.8487 -0.0000 0.5288
vn -0.7575 -0.0000 0.6528
vn -0.6484 -0.0000 0.7613
vn -0.5272 -0.0000 0.8497
vn -0.4010 -0.0000 0.9161
vn -0.2762 -0.0000 0.9611
vn -0.1577 -0.0000 0.9875
vn -0.0484 -0.0000 0.9988
vn -0.7058 -0.0000 0.7084
vn -0.7195 -0.0000 -0.6945
vn -0.0749 -0.0000 -0.9972
vn -0.1596 -0.0000 -0.9872
vn -0.2561 -0.0000 -0.9667
vn -0.3643 -0.0000 -0.9313
vn -0.4820 -0.0000 -0.8762
vn -0.6041 -0.0000 -0.7969
vn -0.7222 -0.0000 -0.6917
vn -0.8262 -0.0000 -0.5634
vn -0.9075 -0.0000 -0.4200
vn -0.9622 -0.0000 -0.2724
vn -0.9914 -0.0000 -0.1308
vn -1.0000 -0.0000 -0.0002
vn -0.9918 -0.0000 0.1279
vn -0.9650 -0.0000 0.2622
vn -0.9170 -0.0000 0.3989
vn -0.8470 -0.0000 0.5315
vn -0.7573 -0.0000 0.6530
vn -0.6526 -0.0000 0.7577
vn -0.5388 -0.0000 0.8425
vn -0.4220 -0.0000 0.9066
vn -0.3072 -0.0000 0.9517
vn -0.1976 -0.0000 0.9803
vn -0.0953 -0.0000 0.9954
vn -0.0138 -0.0000 0.9999
vn 0.0381 -0.0000 0.9993
vn 0.0782 -0.0000 0.9969
vn 0.1199 -0.0000 0.9928
vn 0.1619 -0.0000 0.9868
vn 0.2030 -0.0000 0.9792
vn 0.2422 -0.0000 0.9702
vn 0.2787 -0.0000 0.9604
vn 0.3117 -0.0000 0.9502
vn 0.3412 -0.0000 0.9400
vn 0.3668 -0.0000 0.9303
vn 0.3889 -0.0000 0.9213
vn -0.5482 -0.0000 0.8364
vn -0.8436 -0.0000 -0.5370
vt 0.493151 0.000000
vt 0.486301 0.000000
vt 0.500000 0.000000
vt 0.506849 0.000000
vt 0.479452 0.000000
vt 0.472603 0.000000
vt 0.520548 0.000000
vt 0.513699 0.000000
vt 1.000000 0.000000
vt 0.993151 0.000000
vt 0.986301 0.000000
vt 0.979452 0.000000
vt 0.972603 0.000000
vt 0.000000 0.000000
vt 0.938356 0.000000
vt 0.041096 0.000000
vt 0.034247 0.000000
vt 0.438356 0.000000
vt 0.547945 0.000000
vt 0.445205 0.000000
vt 0.541096 0.000000
vt 0.452055 0.000000
vt 0.020548 0.000000
vt 0.952055 0.000000
vt 0.945205 0.000000
vt 0.027397 0.000000
vt 0.458904 0.000000
vt 0.534247 0.000000
vt 0.465753 0.000000
vt 0.527397 0.000000
vt 0.965753 0.000000
vt 0.006849 0.000000
vt 0.958904 0.000000
vt 0.013699 0.000000
vt 0.404110 0.000000
vt 0.568493 0.000000
vt 0.410959 0.000000
vt 0.417808 0.000000
vt 0.561644 0.000000
vt 0.424658 0.000000
vt 0.554795 0.000000
vt 0.746575 0.000000
vt 0.739726 0.000000
vt 0.732877 0.000000
vt 0.753425 0.000000
vt 0.054795 0.000000
vt 0.924658 0.000000
vt 0.917808 0.000000
vt 0.061644 0.000000
vt 0.910959 0.000000
vt 0.068493 0.000000
vt 0.397260 0.000000
vt 0.582192 0.000000
vt 0.575342 0.000000
vt 0.726027 0.000000
vt 0.767123 0.000000
vt 0.760274 0.000000
vt 0.390411 0.000000
vt 0.595890 0.000000
vt 0.589041 0.000000
vt 0.719178 0.000000
vt 0.773973 0.000000
vt 0.904110 0.000000
vt 0.897260 0.000000
vt 0.082192 0.000000
vt 0.075342 0.000000
vt 0.431507 0.000000
vt 0.931507 0.000000
vt 0.047945 0.000000
vt 0.602740 0.000000
vt 0.383562 0.000000
vt 0.376712 0.000000
vt 0.609589 0.000000
vt 0.705479 0.000000
vt 0.698630 0.000000
vt 0.239726 0.000000
vt 0.794521 0.000000
vt 0.787671 0.000000
vt 0.876712 0.000000
vt 0.869863 0.000000
vt 0.109589 0.000000
vt 0.102740 0.000000
vt 0.369863 0.000000
vt 0.616438 0.000000
vt 0.363014 0.000000
vt 0.623288 0.000000
vt 0.356164 0.000000
vt 0.630137 0.000000
vt 0.349315 0.000000
vt 0.636986 0.000000
vt 0.342466 0.000000
vt 0.643836 0.000000
vt 0.335616 0.000000
vt 0.650685 0.000000
vt 0.328767 0.000000
vt 0.657534 0.000000
vt 0.321918 0.000000
vt 0.664384 0.000000
vt 0.315068 0.000000
vt 0.308219 0.000000
vt 0.671233 0.000000
vt 0.301370 0.000000
vt 0.294521 0.000000
vt 0.678082 0.000000
vt 0.287671 0.000000
vt 0.280822 0.000000
vt 0.684932 0.000000
vt 0.273973 0.000000
vt 0.267123 0.000000
vt 0.691781 0.000000
vt 0.260274 0.000000
vt 0.253425 0.000000
vt 0.246575 0.000000
vt 0.232877 0.000000
vt 0.226027 0.000000
vt 0.801370 0.000000
vt 0.219178 0.000000
vt 0.212329 0.000000
vt 0.808219 0.000000
vt 0.205479 0.000000
vt 0.198630 0.000000
vt 0.815068 0.000000
vt 0.191781 0.000000
vt 0.184932 0.000000
vt 0.821918 0.000000
vt 0.178082 0.000000
vt 0.171233 0.000000
vt 0.828767 0.000000
vt 0.164384 0.000000
vt 0.157534 0.000000
vt 0.835616 0.000000
vt 0.150685 0.000000
vt 0.842466 0.000000
vt 0.143836 0.000000
vt 0.849315 0.000000
vt 0.136986 0.000000
vt 0.856164 0.000000
vt 0.130137 0.000000
vt 0.123288 0.000000
vt 0.863014 0.000000
vt 0.116438 0.000000
vt 0.712329 0.000000
vt 0.780822 0.000000
vt 0.883562 0.000000
vt 0.095890 0.000000
vt 0.890411 0.000000
vt 0.089041 0.000000
vt 0.714286 0.000000
vt 0.571429 0.000000
vt 0.428571 0.000000
vt 0.857143 0.000000
vt 0.285714 0.000000
vt 0.142857 0.000000
vt 0.000000 1.000000
vt 0.125000 1.000000
vt 0.125000 0.000000
vt 0.250000 1.000000
vt 0.250000 0.000000
vt 0.375000 1.000000
vt 0.375000 0.000000
vt 0.500000 1.000000
vt 0.625000 1.000000
vt 0.625000 0.000000
vt 0.750000 1.000000
vt 0.750000 0.000000
vt 0.875000 1.000000
vt 0.875000 0.000000
vt 1.000000 1.000000
vt 0.006803 1.000000
vt 0.006803 0.000000
vt 0.013605 1.000000
vt 0.013605 0.000000
vt 0.020408 1.000000
vt 0.020408 0.000000
vt 0.027211 1.000000
vt 0.027211 0.000000
vt 0.034014 1.000000
vt 0.034014 0.000000
vt 0.040816 1.000000
vt 0.040816 0.000000
vt 0.047619 1.000000
vt 0.047619 0.000000
vt 0.054422 1.000000
vt 0.054422 0.000000
vt 0.061224 1.000000
vt 0.061224 0.000000
vt 0.068027 1.000000
vt 0.068027 0.000000
vt 0.074830 1.000000
vt 0.074830 0.000000
vt 0.081633 1.000000
vt 0.081633 0.000000
vt 0.088435 1.000000
vt 0.088435 0.000000
vt 0.095238 1.000000
vt 0.095238 0.000000
vt 0.102041 1.000000
vt 0.102041 0.000000
vt 0.108844 1.000000
vt 0.108844 0.000000
vt 0.115646 1.000000
vt 0.115646 0.000000
vt 0.122449 1.000000
vt 0.122449 0.000000
vt 0.129252 1.000000
vt 0.129252 0.000000
vt 0.136054 1.000000
vt 0.136054 0.000000
vt 0.142857 1.000000
vt 0.149660 1.000000
vt 0.149660 0.000000
vt 0.156463 1.000000
vt 0.156463 0.000000
vt 0.163265 1.000000
vt 0.163265 0.000000
vt 0.170068 1.000000
vt 0.170068 0.000000
vt 0.176871 1.000000
vt 0.176871 0.000000
vt 0.183673 1.000000
vt 0.183673 0.000000
vt 0.190476 1.000000
vt 0.190476 0.000000
vt 0.197279 1.000000
vt 0.197279 0.000000
vt 0.204082 1.000000
vt 0.204082 0.000000
vt 0.210884 1.000000
vt 0.210884 0.000000
vt 0.217687 1.000000
vt 0.217687 0.000000
vt 0.224490 1.000000
vt 0.224490 0.000000
vt 0.231293 1.000000
vt 0.231293 0.000000
vt 0.238095 1.000000
vt 0.238095 0.000000
vt 0.244898 1.000000
vt 0.244898 0.000000
vt 0.251701 1.000000
vt 0.251701 0.000000
vt 0.258503 1.000000
vt 0.258503 0.000000
vt 0.265306 1.000000
vt 0.265306 0.000000
vt 0.272109 1.000000
vt 0.272109 0.000000
vt 0.278912 1.000000
vt 0.278912 0.000000
vt 0.285714 1.000000
vt 0.292517 1.000000
vt 0.292517 0.000000
vt 0.299320 1.000000
vt 0.299320 0.000000
vt 0.306122 1.000000
vt 0.306122 0.000000
vt 0.312925 1.000000
vt 0.312925 0.000000
vt 0.319728 1.000000
vt 0.319728 0.000000
vt 0.326531 1.000000
vt 0.326531 0.000000
vt 0.333333 1.000000
vt 0.333333 0.000000
vt 0.340136 1.000000
vt 0.340136 0.000000
vt 0.346939 1.000000
vt 0.346939 0.000000
vt 0.353741 1.000000
vt 0.353741 0.000000
vt 0.360544 1.000000
vt 0.360544 0.000000
vt 0.367347 1.000000
vt 0.367347 0.000000
vt 0.374150 1.000000
vt 0.374150 0.000000
vt 0.380952 1.000000
vt 0.380952 0.000000
vt 0.387755 1.000000
vt 0.387755 0.000000
vt 0.394558 1.000000
vt 0.394558 0.000000
vt 0.401361 1.000000
vt 0.401361 0.000000
vt 0.408163 1.000000
vt 0.408163 0.000000
vt 0.414966 1.000000
vt 0.414966 0.000000
vt 0.421769 1.000000
vt 0.421769 0.000000
vt 0.428571 1.000000
vt 0.435374 1.000000
vt 0.435374 0.000000
vt 0.442177 1.000000
vt 0.442177 0.000000
vt 0.448980 1.000000
vt 0.448980 0.000000
vt 0.455782 1.000000
vt 0.455782 0.000000
vt 0.462585 1.000000
vt 0.462585 0.000000
vt 0.469388 1.000000
vt 0.469388 0.000000
vt 0.476190 1.000000
vt 0.476190 0.000000
vt 0.482993 1.000000
vt 0.482993 0.000000
vt 0.489796 1.000000
vt 0.489796 0.000000
vt 0.496599 1.000000
vt 0.496599 0.000000
vt 0.503401 1.000000
vt 0.503401 0.000000
vt 0.510204 1.000000
vt 0.510204 0.000000
vt 0.517007 1.000000
vt 0.517007 0.000000
vt 0.523810 1.000000
vt 0.523810 0.000000
vt 0.530612 1.000000
vt 0.530612 0.000000
vt 0.537415 1.000000
vt 0.537415 0.000000
vt 0.544218 1.000000
vt 0.544218 0.000000
vt 0.551020 1.000000
vt 0.551020 0.000000
vt 0.557823 1.000000
vt 0.557823 0.000000
vt 0.564626 1.000000
vt 0.564626 0.000000
vt 0.571429 1.000000
vt 0.578231 1.000000
vt 0.578231 0.000000
vt 0.585034 1.000000
vt 0.585034 0.000000
vt 0.591837 1.000000
vt 0.591837 0.000000
vt 0.598639 1.000000
vt 0.598639 0.000000
vt 0.605442 1.000000
vt 0.605442 0.000000
vt 0.612245 1.000000
vt 0.612245 0.000000
vt 0.619048 1.000000
vt 0.619048 0.000000
vt 0.625850 1.000000
vt 0.625850 0.000000
vt 0.632653 1.000000
vt 0.632653 0.000000
vt 0.639456 1.000000
vt 0.639456 0.000000
vt 0.646259 1.000000
vt 0.646259 0.000000
vt 0.653061 1.000000
vt 0.653061 0.000000
vt 0.659864 1.000000
vt 0.659864 0.000000
vt 0.666667 1.000000
vt 0.666667 0.000000
vt 0.673469 1.000000
vt 0.673469 0.000000
vt 0.680272 1.000000
vt 0.680272 0.000000
vt 0.687075 1.000000
vt 0.687075 0.000000
vt 0.693878 1.000000
vt 0.693878 0.000000
vt 0.700680 1.000000
vt 0.700680 0.000000
vt 0.707483 1.000000
vt 0.707483 0.000000
vt 0.714286 1.000000
vt 0.721088 1.000000
vt 0.721088 0.000000
vt 0.727891 1.000000
vt 0.727891 0.000000
vt 0.734694 1.000000
vt 0.734694 0.000000
vt 0.741497 1.000000
vt 0.741497 0.000000
vt 0.748299 1.000000
vt 0.748299 0.000000
vt 0.755102 1.000000
vt 0.755102 0.000000
vt 0.761905 1.000000
vt 0.761905 0.000000
vt 0.768707 1.000000
vt 0.768707 0.000000
vt 0.775510 1.000000
vt 0.775510 0.000000
vt 0.782313 1.000000
vt 0.782313 0.000000
vt 0.789116 1.000000
vt 0.789116 0.000000
vt 0.795918 1.000000
vt 0.795918 0.000000
vt 0.802721 1.000000
vt 0.802721 0.000000
vt 0.809524 1.000000
vt 0.809524 0.000000
vt 0.816327 1.000000
vt 0.816327 0.000000
vt 0.823129 1.000000
vt 0.823129 0.000000
vt 0.829932 1.000000
vt 0.829932 0.000000
vt 0.836735 1.000000
vt 0.836735 0.000000
vt 0.843537 1.000000
vt 0.843537 0.000000
vt 0.850340 1.000000
vt 0.850340 0.000000
vt 0.857143 1.000000
vt 0.863946 1.000000
vt 0.863946 0.000000
vt 0.870748 1.000000
vt 0.870748 0.000000
vt 0.877551 1.000000
vt 0.877551 0.000000
vt 0.884354 1.000000
vt 0.884354 0.000000
vt 0.891156 1.000000
vt 0.891156 0.000000
vt 0.897959 1.000000
vt 0.897959 0.000000
vt 0.904762 1.000000
vt 0.904762 0.000000
vt 0.911565 1.000000
vt 0.911565 0.000000
vt 0.918367 1.000000
vt 0.918367 0.000000
vt 0.925170 1.000000
vt 0.925170 0.000000
vt 0.931973 1.000000
vt 0.931973 0.000000
vt 0.938776 1.000000
vt 0.938776 0.000000
vt 0.945578 1.000000
vt 0.945578 0.000000
vt 0.952381 1.000000
vt 0.952381 0.000000
vt 0.959184 1.000000
vt 0.959184 0.000000
vt 0.965986 1.000000
vt 0.965986 0.000000
vt 0.972789 1.000000
vt 0.972789 0.000000
vt 0.979592 1.000000
vt 0.979592 0.000000
vt 0.986395 1.000000
vt 0.986395 0.000000
vt 0.993197 1.000000
vt 0.993197 0.000000
s 0
usemtl Table_3_Label_mat.043
f 3913/2871/1008 3912/2872/1008 3914/2873/1008
f 3914/2873/1008 3912/2872/1008 3915/2874/1008
f 3911/2875/1008 3910/2876/1008 3917/2877/1008
f 3912/2872/1008 3911/2875/1008 3917/2877/1008
f 3917/2877/1008 3916/2878/1008 3912/2872/1008
f 3915/2874/1008 3912/2872/1008 3916/2878/1008
f 3987/2879/1008 3986/2880/1008 3985/2881/1008
f 3985/2881/1008 3984/2882/1008 3987/2879/1008
f 3984/2882/1008 3983/2883/1008 3987/2879/1008
f 3841/2884/1008 3987/2879/1008 3983/2883/1008
f 3978/2885/1008 3847/2886/1008 3846/2887/1008
f 3905/2888/1008 3921/2889/1008 3906/2890/1008
f 3921/2889/1008 3920/2891/1008 3906/2890/1008
f 3907/2892/1008 3906/2890/1008 3920/2891/1008
f 3844/2893/1008 3980/2894/1008 3979/2895/1008
f 3845/2896/1008 3844/2893/1008 3979/2895/1008
f 3979/2895/1008 3978/2885/1008 3845/2896/1008
f 3978/2885/1008 3846/2887/1008 3845/2896/1008
f 3907/2892/1008 3920/2891/1008 3908/2897/1008
f 3920/2891/1008 3919/2898/1008 3908/2897/1008
f 3909/2899/1008 3908/2897/1008 3919/2898/1008
f 3919/2898/1008 3918/2900/1008 3909/2899/1008
f 3910/2876/1008 3909/2899/1008 3918/2900/1008
f 3917/2877/1008 3910/2876/1008 3918/2900/1008
f 3841/2884/1008 3983/2883/1008 3982/2901/1008
f 3842/2902/1008 3841/2884/1008 3982/2901/1008
f 3982/2901/1008 3981/2903/1008 3842/2902/1008
f 3843/2904/1008 3842/2902/1008 3981/2903/1008
f 3981/2903/1008 3980/2894/1008 3843/2904/1008
f 3980/2894/1008 3844/2893/1008 3843/2904/1008
f 3900/2905/1008 3924/2906/1008 3901/2907/1008
f 3901/2907/1008 3924/2906/1008 3902/2908/1008
f 3924/2906/1008 3923/2909/1008 3902/2908/1008
f 3903/2910/1008 3902/2908/1008 3923/2909/1008
f 3922/2911/1008 3903/2910/1008 3923/2909/1008
f 3950/2912/1008 3949/2913/1008 3948/2914/1008
f 3948/2914/1008 3951/2915/1008 3950/2912/1008
f 3849/2916/1008 3976/2917/1008 3975/2918/1008
f 3850/2919/1008 3849/2916/1008 3975/2918/1008
f 3975/2918/1008 3974/2920/1008 3850/2919/1008
f 3974/2920/1008 3851/2921/1008 3850/2919/1008
f 3899/2922/1008 3926/2923/1008 3925/2924/1008
f 3947/2925/1008 3953/2926/1008 3952/2927/1008
f 3898/2928/1008 3928/2929/1008 3927/2930/1008
f 3926/2923/1008 3899/2922/1008 3898/2928/1008
f 3898/2928/1008 3927/2930/1008 3926/2923/1008
f 3953/2926/1008 3947/2925/1008 3946/2931/1008
f 3946/2931/1008 3954/2932/1008 3953/2926/1008
f 3973/2933/1008 3972/2934/1008 3853/2935/1008
f 3852/2936/1008 3973/2933/1008 3853/2935/1008
f 3899/2922/1008 3925/2924/1008 3900/2905/1008
f 3924/2906/1008 3900/2905/1008 3925/2924/1008
f 3947/2925/1008 3952/2927/1008 3948/2914/1008
f 3951/2915/1008 3948/2914/1008 3952/2927/1008
f 3973/2933/1008 3852/2936/1008 3974/2920/1008
f 3851/2921/1008 3974/2920/1008 3852/2936/1008
f 3903/2910/1008 3922/2911/1008 3904/2937/1008
f 3905/2888/1008 3904/2937/1008 3922/2911/1008
f 3921/2889/1008 3905/2888/1008 3922/2911/1008
f 3847/2886/1008 3978/2885/1008 3977/2938/1008
f 3848/2939/1008 3847/2886/1008 3977/2938/1008
f 3977/2938/1008 3976/2917/1008 3848/2939/1008
f 3976/2917/1008 3849/2916/1008 3848/2939/1008
f 3929/2940/1008 3897/2941/1008 3896/2942/1008
f 3930/2943/1008 3929/2940/1008 3896/2942/1008
f 3944/2944/1008 3943/2945/1008 3876/2946/1008
f 3957/2947/1008 3956/2948/1008 3876/2946/1008
f 3969/2949/1008 3968/2950/1008 3857/2951/1008
f 3857/2951/1008 3856/2952/1008 3969/2949/1008
f 3930/2943/1008 3896/2942/1008 3895/2953/1008
f 3931/2954/1008 3930/2943/1008 3895/2953/1008
f 3895/2953/1008 3894/2955/1008 3931/2954/1008
f 3932/2956/1008 3931/2954/1008 3894/2955/1008
f 3894/2955/1008 3893/2957/1008 3932/2956/1008
f 3933/2958/1008 3932/2956/1008 3893/2957/1008
f 3893/2957/1008 3892/2959/1008 3933/2958/1008
f 3934/2960/1008 3933/2958/1008 3892/2959/1008
f 3892/2959/1008 3891/2961/1008 3934/2960/1008
f 3935/2962/1008 3934/2960/1008 3891/2961/1008
f 3891/2961/1008 3890/2963/1008 3935/2962/1008
f 3936/2964/1008 3935/2962/1008 3890/2963/1008
f 3890/2963/1008 3889/2965/1008 3936/2964/1008
f 3937/2966/1008 3936/2964/1008 3889/2965/1008
f 3889/2965/1008 3888/2967/1008 3937/2966/1008
f 3938/2968/1008 3937/2966/1008 3888/2967/1008
f 3888/2967/1008 3887/2969/1008 3938/2968/1008
f 3887/2969/1008 3886/2970/1008 3938/2968/1008
f 3939/2971/1008 3938/2968/1008 3886/2970/1008
f 3886/2970/1008 3885/2972/1008 3939/2971/1008
f 3885/2972/1008 3884/2973/1008 3939/2971/1008
f 3940/2974/1008 3939/2971/1008 3884/2973/1008
f 3884/2973/1008 3883/2975/1008 3940/2974/1008
f 3883/2975/1008 3882/2976/1008 3940/2974/1008
f 3941/2977/1008 3940/2974/1008 3882/2976/1008
f 3882/2976/1008 3881/2978/1008 3941/2977/1008
f 3881/2978/1008 3880/2979/1008 3941/2977/1008
f 3942/2980/1008 3941/2977/1008 3880/2979/1008
f 3880/2979/1008 3879/2981/1008 3942/2980/1008
f 3879/2981/1008 3878/2982/1008 3942/2980/1008
f 3943/2945/1008 3942/2980/1008 3878/2982/1008
f 3878/2982/1008 3877/2983/1008 3943/2945/1008
f 3876/2946/1008 3943/2945/1008 3877/2983/1008
f 3957/2947/1008 3876/2946/1008 3875/2984/1008
f 3875/2984/1008 3874/2985/1008 3957/2947/1008
f 3958/2986/1008 3957/2947/1008 3874/2985/1008
f 3874/2985/1008 3873/2987/1008 3958/2986/1008
f 3873/2987/1008 3872/2988/1008 3958/2986/1008
f 3959/2989/1008 3958/2986/1008 3872/2988/1008
f 3872/2988/1008 3871/2990/1008 3959/2989/1008
f 3871/2990/1008 3870/2991/1008 3959/2989/1008
f 3960/2992/1008 3959/2989/1008 3870/2991/1008
f 3870/2991/1008 3869/2993/1008 3960/2992/1008
f 3869/2993/1008 3868/2994/1008 3960/2992/1008
f 3961/2995/1008 3960/2992/1008 3868/2994/1008
f 3868/2994/1008 3867/2996/1008 3961/2995/1008
f 3867/2996/1008 3866/2997/1008 3961/2995/1008
f 3962/2998/1008 3961/2995/1008 3866/2997/1008
f 3866/2997/1008 3865/2999/1008 3962/2998/1008
f 3865/2999/1008 3864/3000/1008 3962/2998/1008
f 3963/3001/1008 3962/2998/1008 3864/3000/1008
f 3864/3000/1008 3863/3002/1008 3963/3001/1008
f 3964/3003/1008 3963/3001/1008 3863/3002/1008
f 3863/3002/1008 3862/3004/1008 3964/3003/1008
f 3965/3005/1008 3964/3003/1008 3862/3004/1008
f 3862/3004/1008 3861/3006/1008 3965/3005/1008
f 3966/3007/1008 3965/3005/1008 3861/3006/1008
f 3861/3006/1008 3860/3008/1008 3966/3007/1008
f 3860/3008/1008 3859/3009/1008 3966/3007/1008
f 3967/3010/1008 3966/3007/1008 3859/3009/1008
f 3859/3009/1008 3858/3011/1008 3967/3010/1008
f 3968/2950/1008 3967/3010/1008 3858/3011/1008
f 3857/2951/1008 3968/2950/1008 3858/3011/1008
f 3928/2929/1008 3898/2928/1008 3897/2941/1008
f 3897/2941/1008 3929/2940/1008 3928/2929/1008
f 3944/2944/1008 3876/2946/1008 3945/3012/1008
f 3946/2931/1008 3945/3012/1008 3876/2946/1008
f 3954/2932/1008 3946/2931/1008 3876/2946/1008
f 3955/3013/1008 3954/2932/1008 3876/2946/1008
f 3876/2946/1008 3956/2948/1008 3955/3013/1008
f 3969/2949/1008 3856/2952/1008 3970/3014/1008
f 3856/2952/1008 3855/3015/1008 3970/3014/1008
f 3971/3016/1008 3970/3014/1008 3855/3015/1008
f 3855/3015/1008 3854/3017/1008 3971/3016/1008
f 3972/2934/1008 3971/3016/1008 3854/3017/1008
f 3853/2935/1008 3972/2934/1008 3854/3017/1008
f 3993/3018/1008 3992/3019/1008 3991/3020/1008
f 3995/2879/1008 3994/3021/1008 3988/2884/1008
f 3991/3020/1008 3990/3022/1008 3989/3023/1008
f 3989/3023/1008 3988/2884/1008 3991/3020/1008
f 3988/2884/1008 3994/3021/1008 3991/3020/1008
f 3993/3018/1008 3991/3020/1008 3994/3021/1008
f 4068/2871/1009 4069/2873/1009 4067/2872/1009
f 4069/2873/1009 4070/2874/1009 4067/2872/1009
f 4066/2875/1009 4072/2877/1009 4065/2876/1009
f 4067/2872/1009 4072/2877/1009 4066/2875/1009
f 4072/2877/1009 4067/2872/1009 4071/2878/1009
f 4070/2874/1009 4071/2878/1009 4067/2872/1009
f 4142/2879/1009 4140/2881/1009 4141/2880/1009
f 4140/2881/1009 4142/2879/1009 4139/2882/1009
f 4139/2882/1009 4142/2879/1009 4138/2883/1009
f 3996/2884/1009 4138/2883/1009 4142/2879/1009
f 4133/2885/1009 4001/2887/1009 4002/2886/1009
f 4060/2888/1009 4061/2890/1009 4076/2889/1009
f 4076/2889/1009 4061/2890/1009 4075/2891/1009
f 4062/2892/1009 4075/2891/1009 4061/2890/1009
f 3999/2893/1009 4134/2895/1009 4135/2894/1009
f 4000/2896/1009 4134/2895/1009 3999/2893/1009
f 4134/2895/1009 4000/2896/1009 4133/2885/1009
f 4133/2885/1009 4000/2896/1009 4001/2887/1009
f 4062/2892/1009 4063/2897/1009 4075/2891/1009
f 4075/2891/1009 4063/2897/1009 4074/2898/1009
f 4064/2899/1009 4074/2898/1009 4063/2897/1009
f 4074/2898/1009 4064/2899/1009 4073/2900/1009
f 4065/2876/1009 4073/2900/1009 4064/2899/1009
f 4072/2877/1009 4073/2900/1009 4065/2876/1009
f 3996/2884/1009 4137/2901/1009 4138/2883/1009
f 3997/2902/1009 4137/2901/1009 3996/2884/1009
f 4137/2901/1009 3997/2902/1009 4136/2903/1009
f 3998/2904/1009 4136/2903/1009 3997/2902/1009
f 4136/2903/1009 3998/2904/1009 4135/2894/1009
f 4135/2894/1009 3998/2904/1009 3999/2893/1009
f 4055/2905/1009 4056/2907/1009 4079/2906/1009
f 4056/2907/1009 4057/2908/1009 4079/2906/1009
f 4079/2906/1009 4057/2908/1009 4078/2909/1009
f 4058/2910/1009 4078/2909/1009 4057/2908/1009
f 4077/2911/1009 4078/2909/1009 4058/2910/1009
f 4105/2912/1009 4103/2914/1009 4104/2913/1009
f 4103/2914/1009 4105/2912/1009 4106/2915/1009
f 4004/2916/1009 4130/2918/1009 4131/2917/1009
f 4005/2919/1009 4130/2918/1009 4004/2916/1009
f 4130/2918/1009 4005/2919/1009 4129/2920/1009
f 4129/2920/1009 4005/2919/1009 4006/2921/1009
f 4054/2922/1009 4080/2924/1009 4081/2923/1009
f 4102/2925/1009 4107/2927/1009 4108/2926/1009
f 4053/2928/1009 4082/2930/1009 4083/2929/1009
f 4081/2923/1009 4053/2928/1009 4054/2922/1009
f 4053/2928/1009 4081/2923/1009 4082/2930/1009
f 4108/2926/1009 4101/2931/1009 4102/2925/1009
f 4101/2931/1009 4108/2926/1009 4109/2932/1009
f 4128/2933/1009 4008/2935/1009 4127/2934/1009
f 4007/2936/1009 4008/2935/1009 4128/2933/1009
f 4054/2922/1009 4055/2905/1009 4080/2924/1009
f 4079/2906/1009 4080/2924/1009 4055/2905/1009
f 4102/2925/1009 4103/2914/1009 4107/2927/1009
f 4106/2915/1009 4107/2927/1009 4103/2914/1009
f 4128/2933/1009 4129/2920/1009 4007/2936/1009
f 4006/2921/1009 4007/2936/1009 4129/2920/1009
f 4058/2910/1009 4059/2937/1009 4077/2911/1009
f 4060/2888/1009 4077/2911/1009 4059/2937/1009
f 4076/2889/1009 4077/2911/1009 4060/2888/1009
f 4002/2886/1009 4132/2938/1009 4133/2885/1009
f 4003/2939/1009 4132/2938/1009 4002/2886/1009
f 4132/2938/1009 4003/2939/1009 4131/2917/1009
f 4131/2917/1009 4003/2939/1009 4004/2916/1009
f 4084/2940/1009 4051/2942/1009 4052/2941/1009
f 4085/2943/1009 4051/2942/1009 4084/2940/1009
f 4099/2944/1009 4031/2946/1009 4098/2945/1009
f 4112/2947/1009 4031/2946/1009 4111/2948/1009
f 4124/2949/1009 4012/2951/1009 4123/2950/1009
f 4012/2951/1009 4124/2949/1009 4011/2952/1009
f 4085/2943/1009 4050/2953/1009 4051/2942/1009
f 4086/2954/1009 4050/2953/1009 4085/2943/1009
f 4050/2953/1009 4086/2954/1009 4049/2955/1009
f 4087/2956/1009 4049/2955/1009 4086/2954/1009
f 4049/2955/1009 4087/2956/1009 4048/2957/1009
f 4088/2958/1009 4048/2957/1009 4087/2956/1009
f 4048/2957/1009 4088/2958/1009 4047/2959/1009
f 4089/2960/1009 4047/2959/1009 4088/2958/1009
f 4047/2959/1009 4089/2960/1009 4046/2961/1009
f 4090/2962/1009 4046/2961/1009 4089/2960/1009
f 4046/2961/1009 4090/2962/1009 4045/2963/1009
f 4091/2964/1009 4045/2963/1009 4090/2962/1009
f 4045/2963/1009 4091/2964/1009 4044/2965/1009
f 4092/2966/1009 4044/2965/1009 4091/2964/1009
f 4044/2965/1009 4092/2966/1009 4043/2967/1009
f 4093/2968/1009 4043/2967/1009 4092/2966/1009
f 4043/2967/1009 4093/2968/1009 4042/2969/1009
f 4042/2969/1009 4093/2968/1009 4041/2970/1009
f 4094/2971/1009 4041/2970/1009 4093/2968/1009
f 4041/2970/1009 4094/2971/1009 4040/2972/1009
f 4040/2972/1009 4094/2971/1009 4039/2973/1009
f 4095/2974/1009 4039/2973/1009 4094/2971/1009
f 4039/2973/1009 4095/2974/1009 4038/2975/1009
f 4038/2975/1009 4095/2974/1009 4037/2976/1009
f 4096/2977/1009 4037/2976/1009 4095/2974/1009
f 4037/2976/1009 4096/2977/1009 4036/2978/1009
f 4036/2978/1009 4096/2977/1009 4035/2979/1009
f 4097/2980/1009 4035/2979/1009 4096/2977/1009
f 4035/2979/1009 4097/2980/1009 4034/2981/1009
f 4034/2981/1009 4097/2980/1009 4033/2982/1009
f 4098/2945/1009 4033/2982/1009 4097/2980/1009
f 4033/2982/1009 4098/2945/1009 4032/2983/1009
f 4031/2946/1009 4032/2983/1009 4098/2945/1009
f 4112/2947/1009 4030/2984/1009 4031/2946/1009
f 4030/2984/1009 4112/2947/1009 4029/2985/1009
f 4113/2986/1009 4029/2985/1009 4112/2947/1009
f 4029/2985/1009 4113/2986/1009 4028/2987/1009
f 4028/2987/1009 4113/2986/1009 4027/2988/1009
f 4114/2989/1009 4027/2988/1009 4113/2986/1009
f 4027/2988/1009 4114/2989/1009 4026/2990/1009
f 4026/2990/1009 4114/2989/1009 4025/2991/1009
f 4115/2992/1009 4025/2991/1009 4114/2989/1009
f 4025/2991/1009 4115/2992/1009 4024/2993/1009
f 4024/2993/1009 4115/2992/1009 4023/2994/1009
f 4116/2995/1009 4023/2994/1009 4115/2992/1009
f 4023/2994/1009 4116/2995/1009 4022/2996/1009
f 4022/2996/1009 4116/2995/1009 4021/2997/1009
f 4117/2998/1009 4021/2997/1009 4116/2995/1009
f 4021/2997/1009 4117/2998/1009 4020/2999/1009
f 4020/2999/1009 4117/2998/1009 4019/3000/1009
f 4118/3001/1009 4019/3000/1009 4117/2998/1009
f 4019/3000/1009 4118/3001/1009 4018/3002/1009
f 4119/3003/1009 4018/3002/1009 4118/3001/1009
f 4018/3002/1009 4119/3003/1009 4017/3004/1009
f 4120/3005/1009 4017/3004/1009 4119/3003/1009
f 4017/3004/1009 4120/3005/1009 4016/3006/1009
f 4121/3007/1009 4016/3006/1009 4120/3005/1009
f 4016/3006/1009 4121/3007/1009 4015/3008/1009
f 4015/3008/1009 4121/3007/1009 4014/3009/1009
f 4122/3010/1009 4014/3009/1009 4121/3007/1009
f 4014/3009/1009 4122/3010/1009 4013/3011/1009
f 4123/2950/1009 4013/3011/1009 4122/3010/1009
f 4012/2951/1009 4013/3011/1009 4123/2950/1009
f 4083/2929/1009 4052/2941/1009 4053/2928/1009
f 4052/2941/1009 4083/2929/1009 4084/2940/1009
f 4099/2944/1009 4100/3012/1009 4031/2946/1009
f 4101/2931/1009 4031/2946/1009 4100/3012/1009
f 4109/2932/1009 4031/2946/1009 4101/2931/1009
f 4110/3013/1009 4031/2946/1009 4109/2932/1009
f 4031/2946/1009 4110/3013/1009 4111/2948/1009
f 4124/2949/1009 4125/3014/1009 4011/2952/1009
f 4011/2952/1009 4125/3014/1009 4010/3015/1009
f 4126/3016/1009 4010/3015/1009 4125/3014/1009
f 4010/3015/1009 4126/3016/1009 4009/3017/1009
f 4127/2934/1009 4009/3017/1009 4126/3016/1009
f 4008/2935/1009 4009/3017/1009 4127/2934/1009
f 4148/3018/1009 4146/3020/1009 4147/3019/1009
f 4150/2879/1009 4143/2884/1009 4149/3021/1009
f 4146/3020/1009 4144/3023/1009 4145/3022/1009
f 4144/3023/1009 4146/3020/1009 4143/2884/1009
f 4143/2884/1009 4146/3020/1009 4149/3021/1009
f 4148/3018/1009 4149/3021/1009 4146/3020/1009
s 1
f 4152/3024/1010 4154/3025/1010 4153/3026/1010 4151/2884/1010
f 4154/3025/1010 4156/3027/1011 4155/3028/1011 4153/3026/1010
f 4156/3027/1011 4158/3029/1011 4157/3030/1011 4155/3028/1011
f 4158/3029/1011 4160/3031/1011 4159/2873/1011 4157/3030/1011
f 4160/3031/1011 4162/3032/1012 4161/3033/1012 4159/2873/1011
f 4162/3032/1012 4164/3034/1013 4163/3035/1013 4161/3033/1012
f 4164/3034/1013 4166/3036/1010 4165/3037/1010 4163/3035/1013
f 4166/3036/1010 4152/3038/1010 4151/2879/1010 4165/3037/1010
f 4168/3024/1014 4170/3039/1015 4169/3040/1015 4167/2884/1014
f 4170/3039/1015 4172/3041/1016 4171/3042/1016 4169/3040/1015
f 4172/3041/1016 4174/3043/1017 4173/3044/1017 4171/3042/1016
f 4174/3043/1017 4176/3045/1018 4175/3046/1018 4173/3044/1017
f 4176/3045/1018 4178/3047/1019 4177/3048/1019 4175/3046/1018
f 4178/3047/1019 4180/3049/1020 4179/3050/1020 4177/3048/1019
f 4180/3049/1020 4182/3051/1021 4181/3052/1021 4179/3050/1020
f 4182/3051/1021 4184/3053/1022 4183/3054/1022 4181/3052/1021
f 4184/3053/1022 4186/3055/1023 4185/3056/1023 4183/3054/1022
f 4186/3055/1023 4188/3057/1024 4187/3058/1024 4185/3056/1023
f 4188/3057/1024 4190/3059/1025 4189/3060/1025 4187/3058/1024
f 4190/3059/1025 4192/3061/1026 4191/3062/1026 4189/3060/1025
f 4192/3061/1026 4194/3063/1027 4193/3064/1027 4191/3062/1026
f 4194/3063/1027 4196/3065/1028 4195/3066/1028 4193/3064/1027
f 4196/3065/1028 4198/3067/1029 4197/3068/1029 4195/3066/1028
f 4198/3067/1029 4200/3069/1030 4199/3070/1030 4197/3068/1029
f 4200/3069/1030 4202/3071/1031 4201/3072/1031 4199/3070/1030
f 4202/3071/1031 4204/3073/1032 4203/3074/1032 4201/3072/1031
f 4204/3073/1032 4206/3075/1033 4205/3076/1033 4203/3074/1032
f 4206/3075/1033 4208/3077/1034 4207/3078/1034 4205/3076/1033
f 4208/3077/1034 4210/3079/1035 4209/3023/1035 4207/3078/1034
f 4210/3079/1035 4212/3080/1036 4211/3081/1036 4209/3023/1035
f 4212/3080/1036 4214/3082/1037 4213/3083/1037 4211/3081/1036
f 4214/3082/1037 4216/3084/1038 4215/3085/1038 4213/3083/1037
f 4216/3084/1038 4218/3086/1039 4217/3087/1039 4215/3085/1038
f 4218/3086/1039 4220/3088/1040 4219/3089/1040 4217/3087/1039
f 4220/3088/1040 4222/3090/1041 4221/3091/1041 4219/3089/1040
f 4222/3090/1041 4224/3092/1042 4223/3093/1042 4221/3091/1041
f 4224/3092/1042 4226/3094/1043 4225/3095/1043 4223/3093/1042
f 4226/3094/1043 4228/3096/1044 4227/3097/1044 4225/3095/1043
f 4228/3096/1044 4230/3098/1045 4229/3099/1045 4227/3097/1044
f 4230/3098/1045 4232/3100/1046 4231/3101/1046 4229/3099/1045
f 4232/3100/1046 4234/3102/1047 4233/3103/1047 4231/3101/1046
f 4234/3102/1047 4236/3104/1048 4235/3105/1048 4233/3103/1047
f 4236/3104/1048 4238/3106/1049 4237/3107/1049 4235/3105/1048
f 4238/3106/1049 4240/3108/1050 4239/3109/1050 4237/3107/1049
f 4240/3108/1050 4242/3110/1051 4241/3111/1051 4239/3109/1050
f 4242/3110/1051 4244/3112/1052 4243/3113/1052 4241/3111/1051
f 4244/3112/1052 4246/3114/1053 4245/3115/1053 4243/3113/1052
f 4246/3114/1053 4248/3116/1054 4247/3117/1054 4245/3115/1053
f 4248/3116/1054 4250/3118/1055 4249/3119/1055 4247/3117/1054
f 4250/3118/1055 4252/3120/1056 4251/3022/1056 4249/3119/1055
f 4252/3120/1056 4254/3121/1057 4253/3122/1057 4251/3022/1056
f 4254/3121/1057 4256/3123/1058 4255/3124/1058 4253/3122/1057
f 4256/3123/1058 4258/3125/1059 4257/3126/1059 4255/3124/1058
f 4258/3125/1059 4260/3127/1060 4259/3128/1060 4257/3126/1059
f 4260/3127/1060 4262/3129/1061 4261/3130/1061 4259/3128/1060
f 4262/3129/1061 4264/3131/1062 4263/3132/1062 4261/3130/1061
f 4264/3131/1062 4266/3133/1063 4265/3134/1063 4263/3132/1062
f 4266/3133/1063 4268/3135/1064 4267/3136/1064 4265/3134/1063
f 4268/3135/1064 4270/3137/1065 4269/3138/1065 4267/3136/1064
f 4270/3137/1065 4272/3139/1066 4271/3140/1066 4269/3138/1065
f 4272/3139/1066 4274/3141/1067 4273/3142/1067 4271/3140/1066
f 4274/3141/1067 4276/3143/1068 4275/3144/1068 4273/3142/1067
f 4276/3143/1068 4278/3145/1069 4277/3146/1069 4275/3144/1068
f 4278/3145/1069 4280/3147/1070 4279/3148/1070 4277/3146/1069
f 4280/3147/1070 4282/3149/1071 4281/3150/1071 4279/3148/1070
f 4282/3149/1071 4284/3151/1072 4283/3152/1072 4281/3150/1071
f 4284/3151/1072 4286/3153/1073 4285/3154/1073 4283/3152/1072
f 4286/3153/1073 4288/3155/1074 4287/3156/1074 4285/3154/1073
f 4288/3155/1074 4290/3157/1075 4289/3158/1075 4287/3156/1074
f 4290/3157/1075 4292/3159/1076 4291/3160/1076 4289/3158/1075
f 4292/3159/1076 4294/3161/1077 4293/3020/1077 4291/3160/1076
f 4294/3161/1077 4296/3162/1078 4295/3163/1078 4293/3020/1077
f 4296/3162/1078 4298/3164/1079 4297/3165/1079 4295/3163/1078
f 4298/3164/1079 4300/3166/1080 4299/3167/1080 4297/3165/1079
f 4300/3166/1080 4302/3168/1081 4301/3169/1081 4299/3167/1080
f 4302/3168/1081 4304/3170/1082 4303/3171/1082 4301/3169/1081
f 4304/3170/1082 4306/3172/1083 4305/3173/1083 4303/3171/1082
f 4306/3172/1083 4308/3174/1084 4307/3175/1084 4305/3173/1083
f 4308/3174/1084 4310/3176/1085 4309/3177/1085 4307/3175/1084
f 4310/3176/1085 4312/3178/1086 4311/3179/1086 4309/3177/1085
f 4312/3178/1086 4314/3180/1087 4313/3181/1087 4311/3179/1086
f 4314/3180/1087 4316/3182/1088 4315/3183/1088 4313/3181/1087
f 4316/3182/1088 4318/3184/1089 4317/3185/1089 4315/3183/1088
f 4318/3184/1089 4320/3186/1090 4319/3187/1090 4317/3185/1089
f 4320/3186/1090 4322/3188/1091 4321/3189/1091 4319/3187/1090
f 4322/3188/1091 4324/3190/1092 4323/3191/1092 4321/3189/1091
f 4324/3190/1092 4326/3192/1093 4325/3193/1093 4323/3191/1092
f 4326/3192/1093 4328/3194/1094 4327/3195/1094 4325/3193/1093
f 4328/3194/1094 4330/3196/1095 4329/3197/1095 4327/3195/1094
f 4330/3196/1095 4332/3198/1096 4331/3199/1096 4329/3197/1095
f 4332/3198/1096 4334/3200/1097 4333/3201/1097 4331/3199/1096
f 4334/3200/1097 4336/3202/1098 4335/3019/1098 4333/3201/1097
f 4336/3202/1098 4338/3203/1099 4337/3204/1099 4335/3019/1098
f 4338/3203/1099 4340/3205/1100 4339/3206/1100 4337/3204/1099
f 4340/3205/1100 4342/3207/1101 4341/3208/1101 4339/3206/1100
f 4342/3207/1101 4344/3209/1102 4343/3210/1102 4341/3208/1101
f 4344/3209/1102 4346/3211/1103 4345/3212/1103 4343/3210/1102
f 4346/3211/1103 4348/3213/1104 4347/3214/1104 4345/3212/1103
f 4348/3213/1104 4350/3215/1105 4349/3216/1105 4347/3214/1104
f 4350/3215/1105 4352/3217/1106 4351/3218/1106 4349/3216/1105
f 4352/3217/1106 4354/3219/1107 4353/3220/1107 4351/3218/1106
f 4354/3219/1107 4356/3221/1108 4355/3222/1108 4353/3220/1107
f 4356/3221/1108 4358/3223/1109 4357/3224/1109 4355/3222/1108
f 4358/3223/1109 4360/3225/1110 4359/3226/1110 4357/3224/1109
f 4360/3225/1110 4362/3227/1111 4361/3228/1111 4359/3226/1110
f 4362/3227/1111 4364/3229/1112 4363/3230/1112 4361/3228/1111
f 4364/3229/1112 4366/3231/1113 4365/3232/1113 4363/3230/1112
f 4366/3231/1113 4368/3233/1114 4367/3234/1114 4365/3232/1113
f 4368/3233/1114 4370/3235/1115 4369/3236/1115 4367/3234/1114
f 4370/3235/1115 4372/3237/1116 4371/3238/1116 4369/3236/1115
f 4372/3237/1116 4374/3239/1117 4373/3240/1117 4371/3238/1116
f 4374/3239/1117 4376/3241/1118 4375/3242/1118 4373/3240/1117
f 4376/3241/1118 4378/3243/1119 4377/3018/1119 4375/3242/1118
f 4378/3243/1119 4380/3244/1120 4379/3245/1120 4377/3018/1119
f 4380/3244/1120 4382/3246/1121 4381/3247/1121 4379/3245/1120
f 4382/3246/1121 4384/3248/1122 4383/3249/1122 4381/3247/1121
f 4384/3248/1122 4386/3250/1123 4385/3251/1123 4383/3249/1122
f 4386/3250/1123 4388/3252/1124 4387/3253/1124 4385/3251/1123
f 4388/3252/1124 4390/3254/1125 4389/3255/1125 4387/3253/1124
f 4390/3254/1125 4392/3256/1126 4391/3257/1126 4389/3255/1125
f 4392/3256/1126 4394/3258/1127 4393/3259/1127 4391/3257/1126
f 4394/3258/1127 4396/3260/1128 4395/3261/1128 4393/3259/1127
f 4396/3260/1128 4398/3262/1129 4397/3263/1129 4395/3261/1128
f 4398/3262/1129 4400/3264/1130 4399/3265/1130 4397/3263/1129
f 4400/3264/1130 4402/3266/1131 4401/3267/1131 4399/3265/1130
f 4402/3266/1131 4404/3268/1132 4403/3269/1132 4401/3267/1131
f 4404/3268/1132 4406/3270/1133 4405/3271/1133 4403/3269/1132
f 4406/3270/1133 4408/3272/1134 4407/3273/1134 4405/3271/1133
f 4408/3272/1134 4410/3274/1135 4409/3275/1135 4407/3273/1134
f 4410/3274/1135 4412/3276/1136 4411/3277/1136 4409/3275/1135
f 4412/3276/1136 4414/3278/1137 4413/3279/1137 4411/3277/1136
f 4414/3278/1137 4416/3280/1138 4415/3281/1138 4413/3279/1137
f 4416/3280/1138 4418/3282/1139 4417/3283/1139 4415/3281/1138
f 4418/3282/1139 4420/3284/1140 4419/3021/1140 4417/3283/1139
f 4420/3284/1140 4422/3285/1141 4421/3286/1141 4419/3021/1140
f 4422/3285/1141 4424/3287/1142 4423/3288/1142 4421/3286/1141
f 4424/3287/1142 4426/3289/1143 4425/3290/1143 4423/3288/1142
f 4426/3289/1143 4428/3291/1144 4427/3292/1144 4425/3290/1143
f 4428/3291/1144 4430/3293/1145 4429/3294/1145 4427/3292/1144
f 4430/3293/1145 4432/3295/1146 4431/3296/1146 4429/3294/1145
f 4432/3295/1146 4434/3297/1147 4433/3298/1147 4431/3296/1146
f 4434/3297/1147 4436/3299/1148 4435/3300/1148 4433/3298/1147
f 4436/3299/1148 4438/3301/1149 4437/3302/1149 4435/3300/1148
f 4438/3301/1149 4440/3303/1150 4439/3304/1150 4437/3302/1149
f 4440/3303/1150 4442/3305/1151 4441/3306/1151 4439/3304/1150
f 4442/3305/1151 4444/3307/1152 4443/3308/1152 4441/3306/1151
f 4444/3307/1152 4446/3309/1153 4445/3310/1153 4443/3308/1152
f 4446/3309/1153 4448/3311/1154 4447/3312/1154 4445/3310/1153
f 4448/3311/1154 4450/3313/1155 4449/3314/1155 4447/3312/1154
f 4450/3313/1155 4452/3315/1156 4451/3316/1156 4449/3314/1155
f 4452/3315/1156 4454/3317/1157 4453/3318/1157 4451/3316/1156
f 4454/3317/1157 4456/3319/1158 4455/3320/1158 4453/3318/1157
f 4456/3319/1158 4458/3321/1159 4457/3322/1159 4455/3320/1158
f 4458/3321/1159 4460/3323/1160 4459/3324/1160 4457/3322/1159
f 4460/3323/1160 4168/3038/1014 4167/2879/1014 4459/3324/1160
o Lamp_3
v -0.420000 0.331000 -0.186000
v -0.420000 0.331000 -0.174000
v -0.416293 0.330635 -0.186000
v -0.416293 0.330635 -0.174000
v -0.412729 0.329554 -0.186000
v -0.412729 0.329554 -0.174000
v -0.409444 0.327798 -0.186000
v -0.409444 0.327798 -0.174000
v -0.406565 0.325435 -0.186000
v -0.406565 0.325435 -0.174000
v -0.404202 0.322556 -0.186000
v -0.404202 0.322556 -0.174000
v -0.402446 0.319271 -0.186000
v -0.402446 0.319271 -0.174000
v -0.401365 0.315707 -0.186000
v -0.401365 0.315707 -0.174000
v -0.401000 0.312000 -0.186000
v -0.401000 0.312000 -0.174000
v -0.401365 0.308293 -0.186000
v -0.401365 0.308293 -0.174000
v -0.402446 0.304729 -0.186000
v -0.402446 0.304729 -0.174000
v -0.404202 0.301444 -0.186000
v -0.404202 0.301444 -0.174000
v -0.406565 0.298565 -0.186000
v -0.406565 0.298565 -0.174000
v -0.409444 0.296202 -0.186000
v -0.409444 0.296202 -0.174000
v -0.412729 0.294446 -0.186000
v -0.412729 0.294446 -0.174000
v -0.416293 0.293365 -0.186000
v -0.416293 0.293365 -0.174000
v -0.420000 0.293000 -0.186000
v -0.420000 0.293000 -0.174000
v -0.423707 0.293365 -0.186000
v -0.423707 0.293365 -0.174000
v -0.427271 0.294446 -0.186000
v -0.427271 0.294446 -0.174000
v -0.430556 0.296202 -0.186000
v -0.430556 0.296202 -0.174000
v -0.433435 0.298565 -0.186000
v -0.433435 0.298565 -0.174000
v -0.435798 0.301444 -0.186000
v -0.435798 0.301444 -0.174000
v -0.437554 0.304729 -0.186000
v -0.437554 0.304729 -0.174000
v -0.438635 0.308293 -0.186000
v -0.438635 0.308293 -0.174000
v -0.439000 0.312000 -0.186000
v -0.439000 0.312000 -0.174000
v -0.438635 0.315707 -0.186000
v -0.438635 0.315707 -0.174000
v -0.437554 0.319271 -0.186000
v -0.437554 0.319271 -0.174000
v -0.435798 0.322556 -0.186000
v -0.435798 0.322556 -0.174000
v -0.433435 0.325435 -0.186000
v -0.433435 0.325435 -0.174000
v -0.430556 0.327798 -0.186000
v -0.430556 0.327798 -0.174000
v -0.427271 0.329554 -0.186000
v -0.427271 0.329554 -0.174000
v -0.423707 0.330635 -0.186000
v -0.423707 0.330635 -0.174000
vn 0.0980 0.9952 -0.0000
vn 0.2903 0.9569 -0.0000
vn 0.4714 0.8819 -0.0000
vn 0.6344 0.7730 -0.0000
vn 0.7730 0.6344 -0.0000
vn 0.8819 0.4714 -0.0000
vn 0.9569 0.2903 -0.0000
vn 0.9952 0.0980 -0.0000
vn 0.9952 -0.0980 -0.0000
vn 0.9569 -0.2903 -0.0000
vn 0.8819 -0.4714 -0.0000
vn 0.7730 -0.6344 -0.0000
vn 0.6344 -0.7730 -0.0000
vn 0.4714 -0.8819 -0.0000
vn 0.2903 -0.9569 -0.0000
vn 0.0980 -0.9952 -0.0000
vn -0.0980 -0.9952 -0.0000
vn -0.2903 -0.9569 -0.0000
vn -0.4714 -0.8819 -0.0000
vn -0.6344 -0.7730 -0.0000
vn -0.7730 -0.6344 -0.0000
vn -0.8819 -0.4714 -0.0000
vn -0.9569 -0.2903 -0.0000
vn -0.9952 -0.0980 -0.0000
vn -0.9952 0.0980 -0.0000
vn -0.9569 0.2903 -0.0000
vn -0.8819 0.4714 -0.0000
vn -0.7730 0.6344 -0.0000
vn -0.6344 0.7730 -0.0000
vn -0.4714 0.8819 -0.0000
vn -0.0000 -0.0000 1.0000
vn -0.2903 0.9569 -0.0000
vn -0.0980 0.9952 -0.0000
vn -0.0000 -0.0000 -1.0000
vt 1.000000 0.500000
vt 1.000000 1.000000
vt 0.968750 1.000000
vt 0.968750 0.500000
vt 0.937500 1.000000
vt 0.937500 0.500000
vt 0.906250 1.000000
vt 0.906250 0.500000
vt 0.875000 1.000000
vt 0.875000 0.500000
vt 0.843750 1.000000
vt 0.843750 0.500000
vt 0.812500 1.000000
vt 0.812500 0.500000
vt 0.781250 1.000000
vt 0.781250 0.500000
vt 0.750000 1.000000
vt 0.750000 0.500000
vt 0.718750 1.000000
vt 0.718750 0.500000
vt 0.687500 1.000000
vt 0.687500 0.500000
vt 0.656250 1.000000
vt 0.656250 0.500000
vt 0.625000 1.000000
vt 0.625000 0.500000
vt 0.593750 1.000000
vt 0.593750 0.500000
vt 0.562500 1.000000
vt 0.562500 0.500000
vt 0.531250 1.000000
vt 0.531250 0.500000
vt 0.500000 1.000000
vt 0.500000 0.500000
vt 0.468750 1.000000
vt 0.468750 0.500000
vt 0.437500 1.000000
vt 0.437500 0.500000
vt 0.406250 1.000000
vt 0.406250 0.500000
vt 0.375000 1.000000
vt 0.375000 0.500000
vt 0.343750 1.000000
vt 0.343750 0.500000
vt 0.312500 1.000000
vt 0.312500 0.500000
vt 0.281250 1.000000
vt 0.281250 0.500000
vt 0.250000 1.000000
vt 0.250000 0.500000
vt 0.218750 1.000000
vt 0.218750 0.500000
vt 0.187500 1.000000
vt 0.187500 0.500000
vt 0.156250 1.000000
vt 0.156250 0.500000
vt 0.125000 1.000000
vt 0.125000 0.500000
vt 0.093750 1.000000
vt 0.093750 0.500000
vt 0.062500 1.000000
vt 0.062500 0.500000
vt 0.296822 0.485388
vt 0.250000 0.490000
vt 0.203178 0.485388
vt 0.158156 0.471731
vt 0.116663 0.449553
vt 0.080294 0.419706
vt 0.050447 0.383337
vt 0.028269 0.341844
vt 0.014612 0.296822
vt 0.010000 0.250000
vt 0.014612 0.203178
vt 0.028269 0.158156
vt 0.050447 0.116663
vt 0.080294 0.080294
vt 0.116663 0.050447
vt 0.158156 0.028269
vt 0.203178 0.014612
vt 0.250000 0.010000
vt 0.296822 0.014612
vt 0.341844 0.028269
vt 0.383337 0.050447
vt 0.419706 0.080294
vt 0.449553 0.116663
vt 0.471731 0.158156
vt 0.485388 0.203178
vt 0.490000 0.250000
vt 0.485388 0.296822
vt 0.471731 0.341844
vt 0.449553 0.383337
vt 0.419706 0.419706
vt 0.383337 0.449553
vt 0.341844 0.471731
vt 0.031250 1.000000
vt 0.031250 0.500000
vt 0.000000 1.000000
vt 0.000000 0.500000
vt 0.750000 0.490000
vt 0.796822 0.485388
vt 0.841844 0.471731
vt 0.883337 0.449553
vt 0.919706 0.419706
vt 0.949553 0.383337
vt 0.971731 0.341844
vt 0.985388 0.296822
vt 0.990000 0.250000
vt 0.985388 0.203178
vt 0.971731 0.158156
vt 0.949553 0.116663
vt 0.919706 0.080294
vt 0.883337 0.050447
vt 0.841844 0.028269
vt 0.796822 0.014612
vt 0.750000 0.010000
vt 0.703178 0.014612
vt 0.658156 0.028269
vt 0.616663 0.050447
vt 0.580294 0.080294
vt 0.550447 0.116663
vt 0.528269 0.158156
vt 0.514612 0.203178
vt 0.510000 0.250000
vt 0.514612 0.296822
vt 0.528269 0.341844
vt 0.550447 0.383337
vt 0.580294 0.419706
vt 0.616663 0.449553
vt 0.658156 0.471731
vt 0.703178 0.485388
s 0
usemtl Lamp_3_mat.043
f 4461/3325/1161 4462/3326/1161 4464/3327/1161 4463/3328/1161
f 4463/3328/1162 4464/3327/1162 4466/3329/1162 4465/3330/1162
f 4465/3330/1163 4466/3329/1163 4468/3331/1163 4467/3332/1163
f 4467/3332/1164 4468/3331/1164 4470/3333/1164 4469/3334/1164
f 4469/3334/1165 4470/3333/1165 4472/3335/1165 4471/3336/1165
f 4471/3336/1166 4472/3335/1166 4474/3337/1166 4473/3338/1166
f 4473/3338/1167 4474/3337/1167 4476/3339/1167 4475/3340/1167
f 4475/3340/1168 4476/3339/1168 4478/3341/1168 4477/3342/1168
f 4477/3342/1169 4478/3341/1169 4480/3343/1169 4479/3344/1169
f 4479/3344/1170 4480/3343/1170 4482/3345/1170 4481/3346/1170
f 4481/3346/1171 4482/3345/1171 4484/3347/1171 4483/3348/1171
f 4483/3348/1172 4484/3347/1172 4486/3349/1172 4485/3350/1172
f 4485/3350/1173 4486/3349/1173 4488/3351/1173 4487/3352/1173
f 4487/3352/1174 4488/3351/1174 4490/3353/1174 4489/3354/1174
f 4489/3354/1175 4490/3353/1175 4492/3355/1175 4491/3356/1175
f 4491/3356/1176 4492/3355/1176 4494/3357/1176 4493/3358/1176
f 4493/3358/1177 4494/3357/1177 4496/3359/1177 4495/3360/1177
f 4495/3360/1178 4496/3359/1178 4498/3361/1178 4497/3362/1178
f 4497/3362/1179 4498/3361/1179 4500/3363/1179 4499/3364/1179
f 4499/3364/1180 4500/3363/1180 4502/3365/1180 4501/3366/1180
f 4501/3366/1181 4502/3365/1181 4504/3367/1181 4503/3368/1181
f 4503/3368/1182 4504/3367/1182 4506/3369/1182 4505/3370/1182
f 4505/3370/1183 4506/3369/1183 4508/3371/1183 4507/3372/1183
f 4507/3372/1184 4508/3371/1184 4510/3373/1184 4509/3374/1184
f 4509/3374/1185 4510/3373/1185 4512/3375/1185 4511/3376/1185
f 4511/3376/1186 4512/3375/1186 4514/3377/1186 4513/3378/1186
f 4513/3378/1187 4514/3377/1187 4516/3379/1187 4515/3380/1187
f 4515/3380/1188 4516/3379/1188 4518/3381/1188 4517/3382/1188
f 4517/3382/1189 4518/3381/1189 4520/3383/1189 4519/3384/1189
f 4519/3384/1190 4520/3383/1190 4522/3385/1190 4521/3386/1190
f 4464/3387/1191 4462/3388/1191 4524/3389/1191 4522/3390/1191 4520/3391/1191 4518/3392/1191 4516/3393/1191 4514/3394/1191 4512/3395/1191 4510/3396/1191 4508/3397/1191 4506/3398/1191 4504/3399/1191 4502/3400/1191 4500/3401/1191 4498/3402/1191 4496/3403/1191 4494/3404/1191 4492/3405/1191 4490/3406/1191 4488/3407/1191 4486/3408/1191 4484/3409/1191 4482/3410/1191 4480/3411/1191 4478/3412/1191 4476/3413/1191 4474/3414/1191 4472/3415/1191 4470/3416/1191 4468/3417/1191 4466/3418/1191
f 4521/3386/1192 4522/3385/1192 4524/3419/1192 4523/3420/1192
f 4523/3420/1193 4524/3419/1193 4462/3421/1193 4461/3422/1193
f 4461/3423/1194 4463/3424/1194 4465/3425/1194 4467/3426/1194 4469/3427/1194 4471/3428/1194 4473/3429/1194 4475/3430/1194 4477/3431/1194 4479/3432/1194 4481/3433/1194 4483/3434/1194 4485/3435/1194 4487/3436/1194 4489/3437/1194 4491/3438/1194 4493/3439/1194 4495/3440/1194 4497/3441/1194 4499/3442/1194 4501/3443/1194 4503/3444/1194 4505/3445/1194 4507/3446/1194 4509/3447/1194 4511/3448/1194 4513/3449/1194 4515/3450/1194 4517/3451/1194 4519/3452/1194 4521/3453/1194 4523/3454/1194
o Table_4
v -0.132000 0.276000 -0.045000
v -0.132000 0.396000 -0.045000
v -0.132000 0.276000 -0.057000
v -0.132000 0.396000 -0.057000
v -0.012000 0.276000 -0.045000
v -0.012000 0.396000 -0.045000
v -0.012000 0.276000 -0.057000
v -0.012000 0.396000 -0.057000
vn -1.0000 -0.0000 -0.0000
vn -0.0000 -0.0000 -1.0000
vn 1.0000 -0.0000 -0.0000
vn -0.0000 -0.0000 1.0000
vn -0.0000 -1.0000 -0.0000
vn -0.0000 1.0000 -0.0000
vt 0.375000 0.000000
vt 0.625000 0.000000
vt 0.625000 0.250000
vt 0.375000 0.250000
vt 0.625000 0.500000
vt 0.375000 0.500000
vt 0.625000 0.750000
vt 0.375000 0.750000
vt 0.625000 1.000000
vt 0.375000 1.000000
vt 0.125000 0.500000
vt 0.125000 0.750000
vt 0.875000 0.500000
vt 0.875000 0.750000
s 0
usemtl Table_4_mat.043
f 4525/3455/1195 4526/3456/1195 4528/3457/1195 4527/3458/1195
f 4527/3458/1196 4528/3457/1196 4532/3459/1196 4531/3460/1196
f 4531/3460/1197 4532/3459/1197 4530/3461/1197 4529/3462/1197
f 4529/3462/1198 4530/3461/1198 4526/3463/1198 4525/3464/1198
f 4527/3465/1199 4531/3460/1199 4529/3462/1199 4525/3466/1199
f 4532/3459/1200 4528/3467/1200 4526/3468/1200 4530/3461/1200
o Table_4_Leg
v -0.072000 0.344400 -0.052400
v -0.072000 0.344400 0.000400
v -0.070361 0.344239 -0.052400
v -0.070361 0.344239 0.000400
v -0.068785 0.343761 -0.052400
v -0.068785 0.343761 0.000400
v -0.067333 0.342984 -0.052400
v -0.067333 0.342984 0.000400
v -0.066060 0.341940 -0.052400
v -0.066060 0.341940 0.000400
v -0.065016 0.340667 -0.052400
v -0.065016 0.340667 0.000400
v -0.064239 0.339215 -0.052400
v -0.064239 0.339215 0.000400
v -0.063761 0.337639 -0.052400
v -0.063761 0.337639 0.000400
v -0.063600 0.336000 -0.052400
v -0.063600 0.336000 0.000400
v -0.063761 0.334361 -0.052400
v -0.063761 0.334361 0.000400
v -0.064239 0.332785 -0.052400
v -0.064239 0.332785 0.000400
v -0.065016 0.331333 -0.052400
v -0.065016 0.331333 0.000400
v -0.066060 0.330060 -0.052400
v -0.066060 0.330060 0.000400
v -0.067333 0.329016 -0.052400
v -0.067333 0.329016 0.000400
v -0.068785 0.328239 -0.052400
v -0.068785 0.328239 0.000400
v -0.070361 0.327761 -0.052400
v -0.070361 0.327761 0.000400
v -0.072000 0.327600 -0.052400
v -0.072000 0.327600 0.000400
v -0.073639 0.327761 -0.052400
v -0.073639 0.327761 0.000400
v -0.075215 0.328239 -0.052400
v -0.075215 0.328239 0.000400
v -0.076667 0.329016 -0.052400
v -0.076667 0.329016 0.000400
v -0.077940 0.330060 -0.052400
v -0.077940 0.330060 0.000400
v -0.078984 0.331333 -0.052400
v -0.078984 0.331333 0.000400
v -0.079761 0.332785 -0.052400
v -0.079761 0.332785 0.000400
v -0.080239 0.334361 -0.052400
v -0.080239 0.334361 0.000400
v -0.080400 0.336000 -0.052400
v -0.080400 0.336000 0.000400
v -0.080239 0.337639 -0.052400
v -0.080239 0.337639 0.000400
v -0.079761 0.339215 -0.052400
v -0.079761 0.339215 0.000400
v -0.078984 0.340667 -0.052400
v -0.078984 0.340667 0.000400
v -0.077940 0.341940 -0.052400
v -0.077940 0.341940 0.000400
v -0.076667 0.342984 -0.052400
v -0.076667 0.342984 0.000400
v -0.075215 0.343761 -0.052400
v -0.075215 0.343761 0.000400
v -0.073639 0.344239 -0.052400
v -0.073639 0.344239 0.000400
vn 0.0980 0.9952 -0.0000
vn 0.2903 0.9569 -0.0000
vn 0.4714 0.8819 -0.0000
vn 0.6344 0.7730 -0.0000
vn 0.7730 0.6344 -0.0000
vn 0.8819 0.4714 -0.0000
vn 0.9569 0.2903 -0.0000
vn 0.9952 0.0980 -0.0000
vn 0.9952 -0.0980 -0.0000
vn 0.9569 -0.2903 -0.0000
vn 0.8819 -0.4714 -0.0000
vn 0.7730 -0.6344 -0.0000
vn 0.6344 -0.7730 -0.0000
vn 0.4714 -0.8819 -0.0000
vn 0.2903 -0.9569 -0.0000
vn 0.0980 -0.9952 -0.0000
vn -0.0980 -0.9952 -0.0000
vn -0.2903 -0.9569 -0.0000
vn -0.4714 -0.8819 -0.0000
vn -0.6344 -0.7730 -0.0000
vn -0.7730 -0.6344 -0.0000
vn -0.8819 -0.4714 -0.0000
vn -0.9569 -0.2903 -0.0000
vn -0.9952 -0.0980 -0.0000
vn -0.9952 0.0980 -0.0000
vn -0.9569 0.2903 -0.0000
vn -0.8819 0.4714 -0.0000
vn -0.7730 0.6344 -0.0000
vn -0.6344 0.7730 -0.0000
vn -0.4714 0.8819 -0.0000
vn -0.0000 -0.0000 1.0000
vn -0.2903 0.9569 -0.0000
vn -0.0980 0.9952 -0.0000
vn -0.0000 -0.0000 -1.0000
vt 1.000000 0.500000
vt 1.000000 1.000000
vt 0.968750 1.000000
vt 0.968750 0.500000
vt 0.937500 1.000000
vt 0.937500 0.500000
vt 0.906250 1.000000
vt 0.906250 0.500000
vt 0.875000 1.000000
vt 0.875000 0.500000
vt 0.843750 1.000000
vt 0.843750 0.500000
vt 0.812500 1.000000
vt 0.812500 0.500000
vt 0.781250 1.000000
vt 0.781250 0.500000
vt 0.750000 1.000000
vt 0.750000 0.500000
vt 0.718750 1.000000
vt 0.718750 0.500000
vt 0.687500 1.000000
vt 0.687500 0.500000
vt 0.656250 1.000000
vt 0.656250 0.500000
vt 0.625000 1.000000
vt 0.625000 0.500000
vt 0.593750 1.000000
vt 0.593750 0.500000
vt 0.562500 1.000000
vt 0.562500 0.500000
vt 0.531250 1.000000
vt 0.531250 0.500000
vt 0.500000 1.000000
vt 0.500000 0.500000
vt 0.468750 1.000000
vt 0.468750 0.500000
vt 0.437500 1.000000
vt 0.437500 0.500000
vt 0.406250 1.000000
vt 0.406250 0.500000
vt 0.375000 1.000000
vt 0.375000 0.500000
vt 0.343750 1.000000
vt 0.343750 0.500000
vt 0.312500 1.000000
vt 0.312500 0.500000
vt 0.281250 1.000000
vt 0.281250 0.500000
vt 0.250000 1.000000
vt 0.250000 0.500000
vt 0.218750 1.000000
vt 0.218750 0.500000
vt 0.187500 1.000000
vt 0.187500 0.500000
vt 0.156250 1.000000
vt 0.156250 0.500000
vt 0.125000 1.000000
vt 0.125000 0.500000
vt 0.093750 1.000000
vt 0.093750 0.500000
vt 0.062500 1.000000
vt 0.062500 0.500000
vt 0.296822 0.485388
vt 0.250000 0.490000
vt 0.203178 0.485388
vt 0.158156 0.471731
vt 0.116663 0.449553
vt 0.080294 0.419706
vt 0.050447 0.383337
vt 0.028269 0.341844
vt 0.014612 0.296822
vt 0.010000 0.250000
vt 0.014612 0.203178
vt 0.028269 0.158156
vt 0.050447 0.116663
vt 0.080294 0.080294
vt 0.116663 0.050447
vt 0.158156 0.028269
vt 0.203178 0.014612
vt 0.250000 0.010000
vt 0.296822 0.014612
vt 0.341844 0.028269
vt 0.383337 0.050447
vt 0.419706 0.080294
vt 0.449553 0.116663
vt 0.471731 0.158156
vt 0.485388 0.203178
vt 0.490000 0.250000
vt 0.485388 0.296822
vt 0.471731 0.341844
vt 0.449553 0.383337
vt 0.419706 0.419706
vt 0.383337 0.449553
vt 0.341844 0.471731
vt 0.031250 1.000000
vt 0.031250 0.500000
vt 0.000000 1.000000
vt 0.000000 0.500000
vt 0.750000 0.490000
vt 0.796822 0.485388
vt 0.841844 0.471731
vt 0.883337 0.449553
vt 0.919706 0.419706
vt 0.949553 0.383337
vt 0.971731 0.341844
vt 0.985388 0.296822
vt 0.990000 0.250000
vt 0.985388 0.203178
vt 0.971731 0.158156
vt 0.949553 0.116663
vt 0.919706 0.080294
vt 0.883337 0.050447
vt 0.841844 0.028269
vt 0.796822 0.014612
vt 0.750000 0.010000
vt 0.703178 0.014612
vt 0.658156 0.028269
vt 0.616663 0.050447
vt 0.580294 0.080294
vt 0.550447 0.116663
vt 0.528269 0.158156
vt 0.514612 0.203178
vt 0.510000 0.250000
vt 0.514612 0.296822
vt 0.528269 0.341844
vt 0.550447 0.383337
vt 0.580294 0.419706
vt 0.616663 0.449553
vt 0.658156 0.471731
vt 0.703178 0.485388
s 0
usemtl Table_4_Leg_mat.040
f 4533/3469/1201 4534/3470/1201 4536/3471/1201 4535/3472/1201
f 4535/3472/1202 4536/3471/1202 4538/3473/1202 4537/3474/1202
f 4537/3474/1203 4538/3473/1203 4540/3475/1203 4539/3476/1203
f 4539/3476/1204 4540/3475/1204 4542/3477/1204 4541/3478/1204
f 4541/3478/1205 4542/3477/1205 4544/3479/1205 4543/3480/1205
f 4543/3480/1206 4544/3479/1206 4546/3481/1206 4545/3482/1206
f 4545/3482/1207 4546/3481/1207 4548/3483/1207 4547/3484/1207
f 4547/3484/1208 4548/3483/1208 4550/3485/1208 4549/3486/1208
f 4549/3486/1209 4550/3485/1209 4552/3487/1209 4551/3488/1209
f 4551/3488/1210 4552/3487/1210 4554/3489/1210 4553/3490/1210
f 4553/3490/1211 4554/3489/1211 4556/3491/1211 4555/3492/1211
f 4555/3492/1212 4556/3491/1212 4558/3493/1212 4557/3494/1212
f 4557/3494/1213 4558/3493/1213 4560/3495/1213 4559/3496/1213
f 4559/3496/1214 4560/3495/1214 4562/3497/1214 4561/3498/1214
f 4561/3498/1215 4562/3497/1215 4564/3499/1215 4563/3500/1215
f 4563/3500/1216 4564/3499/1216 4566/3501/1216 4565/3502/1216
f 4565/3502/1217 4566/3501/1217 4568/3503/1217 4567/3504/1217
f 4567/3504/1218 4568/3503/1218 4570/3505/1218 4569/3506/1218
f 4569/3506/1219 4570/3505/1219 4572/3507/1219 4571/3508/1219
f 4571/3508/1220 4572/3507/1220 4574/3509/1220 4573/3510/1220
f 4573/3510/1221 4574/3509/1221 4576/3511/1221 4575/3512/1221
f 4575/3512/1222 4576/3511/1222 4578/3513/1222 4577/3514/1222
f 4577/3514/1223 4578/3513/1223 4580/3515/1223 4579/3516/1223
f 4579/3516/1224 4580/3515/1224 4582/3517/1224 4581/3518/1224
f 4581/3518/1225 4582/3517/1225 4584/3519/1225 4583/3520/1225
f 4583/3520/1226 4584/3519/1226 4586/3521/1226 4585/3522/1226
f 4585/3522/1227 4586/3521/1227 4588/3523/1227 4587/3524/1227
f 4587/3524/1228 4588/3523/1228 4590/3525/1228 4589/3526/1228
f 4589/3526/1229 4590/3525/1229 4592/3527/1229 4591/3528/1229
f 4591/3528/1230 4592/3527/1230 4594/3529/1230 4593/3530/1230
f 4536/3531/1231 4534/3532/1231 4596/3533/1231 4594/3534/1231 4592/3535/1231 4590/3536/1231 4588/3537/1231 4586/3538/1231 4584/3539/1231 4582/3540/1231 4580/3541/1231 4578/3542/1231 4576/3543/1231 4574/3544/1231 4572/3545/1231 4570/3546/1231 4568/3547/1231 4566/3548/1231 4564/3549/1231 4562/3550/1231 4560/3551/1231 4558/3552/1231 4556/3553/1231 4554/3554/1231 4552/3555/1231 4550/3556/1231 4548/3557/1231 4546/3558/1231 4544/3559/1231 4542/3560/1231 4540/3561/1231 4538/3562/1231
f 4593/3530/1232 4594/3529/1232 4596/3563/1232 4595/3564/1232
f 4595/3564/1233 4596/3563/1233 4534/3565/1233 4533/3566/1233
f 4533/3567/1234 4535/3568/1234 4537/3569/1234 4539/3570/1234 4541/3571/1234 4543/3572/1234 4545/3573/1234 4547/3574/1234 4549/3575/1234 4551/3576/1234 4553/3577/1234 4555/3578/1234 4557/3579/1234 4559/3580/1234 4561/3581/1234 4563/3582/1234 4565/3583/1234 4567/3584/1234 4569/3585/1234 4571/3586/1234 4573/3587/1234 4575/3588/1234 4577/3589/1234 4579/3590/1234 4581/3591/1234 4583/3592/1234 4585/3593/1234 4587/3594/1234 4589/3595/1234 4591/3596/1234 4593/3597/1234 4595/3598/1234
o Table_4_Chair_1_Seat
v -0.096000 0.406000 -0.019000
v -0.096000 0.454000 -0.019000
v -0.096000 0.406000 -0.041000
v -0.096000 0.454000 -0.041000
v -0.048000 0.406000 -0.019000
v -0.048000 0.454000 -0.019000
v -0.048000 0.406000 -0.041000
v -0.048000 0.454000 -0.041000
vn -1.0000 -0.0000 -0.0000
vn -0.0000 -0.0000 -1.0000
vn 1.0000 -0.0000 -0.0000
vn -0.0000 -0.0000 1.0000
vn -0.0000 -1.0000 -0.0000
vn -0.0000 1.0000 -0.0000
vt 0.375000 0.000000
vt 0.625000 0.000000
vt 0.625000 0.250000
vt 0.375000 0.250000
vt 0.625000 0.500000
vt 0.375000 0.500000
vt 0.625000 0.750000
vt 0.375000 0.750000
vt 0.625000 1.000000
vt 0.375000 1.000000
vt 0.125000 0.500000
vt 0.125000 0.750000
vt 0.875000 0.500000
vt 0.875000 0.750000
s 0
usemtl Table_4_Chair_1_Seat_mat.043
f 4597/3599/1235 4598/3600/1235 4600/3601/1235 4599/3602/1235
f 4599/3602/1236 4600/3601/1236 4604/3603/1236 4603/3604/1236
f 4603/3604/1237 4604/3603/1237 4602/3605/1237 4601/3606/1237
f 4601/3606/1238 4602/3605/1238 4598/3607/1238 4597/3608/1238
f 4599/3609/1239 4603/3604/1239 4601/3606/1239 4597/3610/1239
f 4604/3603/1240 4600/3611/1240 4598/3612/1240 4602/3605/1240
o Table_4_Chair_1_Back
v -0.096000 0.449000 -0.031000
v -0.096000 0.457000 -0.031000
v -0.096000 0.449000 -0.101000
v -0.096000 0.457000 -0.101000
v -0.048000 0.449000 -0.031000
v -0.048000 0.457000 -0.031000
v -0.048000 0.449000 -0.101000
v -0.048000 0.457000 -0.101000
vn -1.0000 -0.0000 -0.0000
vn -0.0000 -0.0000 -1.0000
vn 1.0000 -0.0000 -0.0000
vn -0.0000 -0.0000 1.0000
vn -0.0000 -1.0000 -0.0000
vn -0.0000 1.0000 -0.0000
vt 0.375000 0.000000
vt 0.625000 0.000000
vt 0.625000 0.250000
vt 0.375000 0.250000
vt 0.625000 0.500000
vt 0.375000 0.500000
vt 0.625000 0.750000
vt 0.375000 0.750000
vt 0.625000 1.000000
vt 0.375000 1.000000
vt 0.125000 0.500000
vt 0.125000 0.750000
vt 0.875000 0.500000
vt 0.875000 0.750000
s 0
usemtl Table_4_Chair_1_Back_mat.043
f 4605/3613/1241 4606/3614/1241 4608/3615/1241 4607/3616/1241
f 4607/3616/1242 4608/3615/1242 4612/3617/1242 4611/3618/1242
f 4611/3618/1243 4612/3617/1243 4610/3619/1243 4609/3620/1243
f 4609/3620/1244 4610/3619/1244 4606/3621/1244 4605/3622/1244
f 4607/3623/1245 4611/3618/1245 4609/3620/1245 4605/3624/1245
f 4612/3617/1246 4608/3625/1246 4606/3626/1246 4610/3619/1246
o Table_4_Chair_2_Seat
v -0.096000 0.218000 -0.019000
v -0.096000 0.266000 -0.019000
v -0.096000 0.218000 -0.041000
v -0.096000 0.266000 -0.041000
v -0.048000 0.218000 -0.019000
v -0.048000 0.266000 -0.019000
v -0.048000 0.218000 -0.041000
v -0.048000 0.266000 -0.041000
vn -1.0000 -0.0000 -0.0000
vn -0.0000 -0.0000 -1.0000
vn 1.0000 -0.0000 -0.0000
vn -0.0000 -0.0000 1.0000
vn -0.0000 -1.0000 -0.0000
vn -0.0000 1.0000 -0.0000
vt 0.375000 0.000000
vt 0.625000 0.000000
vt 0.625000 0.250000
vt 0.375000 0.250000
vt 0.625000 0.500000
vt 0.375000 0.500000
vt 0.625000 0.750000
vt 0.375000 0.750000
vt 0.625000 1.000000
vt 0.375000 1.000000
vt 0.125000 0.500000
vt 0.125000 0.750000
vt 0.875000 0.500000
vt 0.875000 0.750000
s 0
usemtl Table_4_Chair_2_Seat_mat.043
f 4613/3627/1247 4614/3628/1247 4616/3629/1247 4615/3630/1247
f 4615/3630/1248 4616/3629/1248 4620/3631/1248 4619/3632/1248
f 4619/3632/1249 4620/3631/1249 4618/3633/1249 4617/3634/1249
f 4617/3634/1250 4618/3633/1250 4614/3635/1250 4613/3636/1250
f 4615/3637/1251 4619/3632/1251 4617/3634/1251 4613/3638/1251
f 4620/3631/1252 4616/3639/1252 4614/3640/1252 4618/3633/1252
o Table_4_Chair_2_Back
v -0.096000 0.215000 -0.031000
v -0.096000 0.223000 -0.031000
v -0.096000 0.215000 -0.101000
v -0.096000 0.223000 -0.101000
v -0.048000 0.215000 -0.031000
v -0.048000 0.223000 -0.031000
v -0.048000 0.215000 -0.101000
v -0.048000 0.223000 -0.101000
vn -1.0000 -0.0000 -0.0000
vn -0.0000 -0.0000 -1.0000
vn 1.0000 -0.0000 -0.0000
vn -0.0000 -0.0000 1.0000
vn -0.0000 -1.0000 -0.0000
vn -0.0000 1.0000 -0.0000
vt 0.375000 0.000000
vt 0.625000 0.000000
vt 0.625000 0.250000
vt 0.375000 0.250000
vt 0.625000 0.500000
vt 0.375000 0.500000
vt 0.625000 0.750000
vt 0.375000 0.750000
vt 0.625000 1.000000
vt 0.375000 1.000000
vt 0.125000 0.500000
vt 0.125000 0.750000
vt 0.875000 0.500000
vt 0.875000 0.750000
s 0
usemtl Table_4_Chair_2_Back_mat.043
f 4621/3641/1253 4622/3642/1253 4624/3643/1253 4623/3644/1253
f 4623/3644/1254 4624/3643/1254 4628/3645/1254 4627/3646/1254
f 4627/3646/1255 4628/3645/1255 4626/3647/1255 4625/3648/1255
f 4625/3648/1256 4626/3647/1256 4622/3649/1256 4621/3650/1256
f 4623/3651/1257 4627/3646/1257 4625/3648/1257 4621/3652/1257
f 4628/3645/1258 4624/3653/1258 4622/3654/1258 4626/3647/1258
o Table_4_Chair_3_Seat
v -0.002000 0.312000 -0.019000
v -0.002000 0.360000 -0.019000
v -0.002000 0.312000 -0.041000
v -0.002000 0.360000 -0.041000
v 0.046000 0.312000 -0.019000
v 0.046000 0.360000 -0.019000
v 0.046000 0.312000 -0.041000
v 0.046000 0.360000 -0.041000
vn -1.0000 -0.0000 -0.0000
vn -0.0000 -0.0000 -1.0000
vn 1.0000 -0.0000 -0.0000
vn -0.0000 -0.0000 1.0000
vn -0.0000 -1.0000 -0.0000
vn -0.0000 1.0000 -0.0000
vt 0.375000 0.000000
vt 0.625000 0.000000
vt 0.625000 0.250000
vt 0.375000 0.250000
vt 0.625000 0.500000
vt 0.375000 0.500000
vt 0.625000 0.750000
vt 0.375000 0.750000
vt 0.625000 1.000000
vt 0.375000 1.000000
vt 0.125000 0.500000
vt 0.125000 0.750000
vt 0.875000 0.500000
vt 0.875000 0.750000
s 0
usemtl Table_4_Chair_3_Seat_mat.043
f 4629/3655/1259 4630/3656/1259 4632/3657/1259 4631/3658/1259
f 4631/3658/1260 4632/3657/1260 4636/3659/1260 4635/3660/1260
f 4635/3660/1261 4636/3659/1261 4634/3661/1261 4633/3662/1261
f 4633/3662/1262 4634/3661/1262 4630/3663/1262 4629/3664/1262
f 4631/3665/1263 4635/3660/1263 4633/3662/1263 4629/3666/1263
f 4636/3659/1264 4632/3667/1264 4630/3668/1264 4634/3661/1264
o Table_4_Chair_3_Back
v 0.041000 0.312000 -0.031000
v 0.041000 0.360000 -0.031000
v 0.041000 0.312000 -0.101000
v 0.041000 0.360000 -0.101000
v 0.049000 0.312000 -0.031000
v 0.049000 0.360000 -0.031000
v 0.049000 0.312000 -0.101000
v 0.049000 0.360000 -0.101000
vn -1.0000 -0.0000 -0.0000
vn -0.0000 -0.0000 -1.0000
vn 1.0000 -0.0000 -0.0000
vn -0.0000 -0.0000 1.0000
vn -0.0000 -1.0000 -0.0000
vn -0.0000 1.0000 -0.0000
vt 0.375000 0.000000
vt 0.625000 0.000000
vt 0.625000 0.250000
vt 0.375000 0.250000
vt 0.625000 0.500000
vt 0.375000 0.500000
vt 0.625000 0.750000
vt 0.375000 0.750000
vt 0.625000 1.000000
vt 0.375000 1.000000
vt 0.125000 0.500000
vt 0.125000 0.750000
vt 0.875000 0.500000
vt 0.875000 0.750000
s 0
usemtl Table_4_Chair_3_Back_mat.043
f 4637/3669/1265 4638/3670/1265 4640/3671/1265 4639/3672/1265
f 4639/3672/1266 4640/3671/1266 4644/3673/1266 4643/3674/1266
f 4643/3674/1267 4644/3673/1267 4642/3675/1267 4641/3676/1267
f 4641/3676/1268 4642/3675/1268 4638/3677/1268 4637/3678/1268
f 4639/3679/1269 4643/3674/1269 4641/3676/1269 4637/3680/1269
f 4644/3673/1270 4640/3681/1270 4638/3682/1270 4642/3675/1270
o Table_4_Chair_4_Seat
v -0.190000 0.312000 -0.019000
v -0.190000 0.360000 -0.019000
v -0.190000 0.312000 -0.041000
v -0.190000 0.360000 -0.041000
v -0.142000 0.312000 -0.019000
v -0.142000 0.360000 -0.019000
v -0.142000 0.312000 -0.041000
v -0.142000 0.360000 -0.041000
vn -1.0000 -0.0000 -0.0000
vn -0.0000 -0.0000 -1.0000
vn 1.0000 -0.0000 -0.0000
vn -0.0000 -0.0000 1.0000
vn -0.0000 -1.0000 -0.0000
vn -0.0000 1.0000 -0.0000
vt 0.375000 0.000000
vt 0.625000 0.000000
vt 0.625000 0.250000
vt 0.375000 0.250000
vt 0.625000 0.500000
vt 0.375000 0.500000
vt 0.625000 0.750000
vt 0.375000 0.750000
vt 0.625000 1.000000
vt 0.375000 1.000000
vt 0.125000 0.500000
vt 0.125000 0.750000
vt 0.875000 0.500000
vt 0.875000 0.750000
s 0
usemtl Table_4_Chair_4_Seat_mat.043
f 4645/3683/1271 4646/3684/1271 4648/3685/1271 4647/3686/1271
f 4647/3686/1272 4648/3685/1272 4652/3687/1272 4651/3688/1272
f 4651/3688/1273 4652/3687/1273 4650/3689/1273 4649/3690/1273
f 4649/3690/1274 4650/3689/1274 4646/3691/1274 4645/3692/1274
f 4647/3693/1275 4651/3688/1275 4649/3690/1275 4645/3694/1275
f 4652/3687/1276 4648/3695/1276 4646/3696/1276 4650/3689/1276
o Table_4_Chair_4_Back
v -0.193000 0.312000 -0.031000
v -0.193000 0.360000 -0.031000
v -0.193000 0.312000 -0.101000
v -0.193000 0.360000 -0.101000
v -0.185000 0.312000 -0.031000
v -0.185000 0.360000 -0.031000
v -0.185000 0.312000 -0.101000
v -0.185000 0.360000 -0.101000
vn -1.0000 -0.0000 -0.0000
vn -0.0000 -0.0000 -1.0000
vn 1.0000 -0.0000 -0.0000
vn -0.0000 -0.0000 1.0000
vn -0.0000 -1.0000 -0.0000
vn -0.0000 1.0000 -0.0000
vt 0.375000 0.000000
vt 0.625000 0.000000
vt 0.625000 0.250000
vt 0.375000 0.250000
vt 0.625000 0.500000
vt 0.375000 0.500000
vt 0.625000 0.750000
vt 0.375000 0.750000
vt 0.625000 1.000000
vt 0.375000 1.000000
vt 0.125000 0.500000
vt 0.125000 0.750000
vt 0.875000 0.500000
vt 0.875000 0.750000
s 0
usemtl Table_4_Chair_4_Back_mat.043
f 4653/3697/1277 4654/3698/1277 4656/3699/1277 4655/3700/1277
f 4655/3700/1278 4656/3699/1278 4660/3701/1278 4659/3702/1278
f 4659/3702/1279 4660/3701/1279 4658/3703/1279 4657/3704/1279
f 4657/3704/1280 4658/3703/1280 4654/3705/1280 4653/3706/1280
f 4655/3707/1281 4659/3702/1281 4657/3704/1281 4653/3708/1281
f 4660/3701/1282 4656/3709/1282 4654/3710/1282 4658/3703/1282
o Table_4_Call_Light
v -0.072000 0.349200 -0.067800
v -0.072000 0.349200 -0.058200
v -0.069425 0.348946 -0.067800
v -0.069425 0.348946 -0.058200
v -0.066949 0.348195 -0.067800
v -0.066949 0.348195 -0.058200
v -0.064666 0.346975 -0.067800
v -0.064666 0.346975 -0.058200
v -0.062666 0.345334 -0.067800
v -0.062666 0.345334 -0.058200
v -0.061025 0.343334 -0.067800
v -0.061025 0.343334 -0.058200
v -0.059805 0.341051 -0.067800
v -0.059805 0.341051 -0.058200
v -0.059054 0.338575 -0.067800
v -0.059054 0.338575 -0.058200
v -0.058800 0.336000 -0.067800
v -0.058800 0.336000 -0.058200
v -0.059054 0.333425 -0.067800
v -0.059054 0.333425 -0.058200
v -0.059805 0.330949 -0.067800
v -0.059805 0.330949 -0.058200
v -0.061025 0.328666 -0.067800
v -0.061025 0.328666 -0.058200
v -0.062666 0.326666 -0.067800
v -0.062666 0.326666 -0.058200
v -0.064666 0.325025 -0.067800
v -0.064666 0.325025 -0.058200
v -0.066949 0.323805 -0.067800
v -0.066949 0.323805 -0.058200
v -0.069425 0.323054 -0.067800
v -0.069425 0.323054 -0.058200
v -0.072000 0.322800 -0.067800
v -0.072000 0.322800 -0.058200
v -0.074575 0.323054 -0.067800
v -0.074575 0.323054 -0.058200
v -0.077051 0.323805 -0.067800
v -0.077051 0.323805 -0.058200
v -0.079334 0.325025 -0.067800
v -0.079334 0.325025 -0.058200
v -0.081334 0.326666 -0.067800
v -0.081334 0.326666 -0.058200
v -0.082975 0.328666 -0.067800
v -0.082975 0.328666 -0.058200
v -0.084195 0.330949 -0.067800
v -0.084195 0.330949 -0.058200
v -0.084946 0.333425 -0.067800
v -0.084946 0.333425 -0.058200
v -0.085200 0.336000 -0.067800
v -0.085200 0.336000 -0.058200
v -0.084946 0.338575 -0.067800
v -0.084946 0.338575 -0.058200
v -0.084195 0.341051 -0.067800
v -0.084195 0.341051 -0.058200
v -0.082975 0.343334 -0.067800
v -0.082975 0.343334 -0.058200
v -0.081334 0.345334 -0.067800
v -0.081334 0.345334 -0.058200
v -0.079334 0.346975 -0.067800
v -0.079334 0.346975 -0.058200
v -0.077051 0.348195 -0.067800
v -0.077051 0.348195 -0.058200
v -0.074575 0.348946 -0.067800
v -0.074575 0.348946 -0.058200
vn 0.0980 0.9952 -0.0000
vn 0.2903 0.9569 -0.0000
vn 0.4714 0.8819 -0.0000
vn 0.6344 0.7730 -0.0000
vn 0.7730 0.6344 -0.0000
vn 0.8819 0.4714 -0.0000
vn 0.9569 0.2903 -0.0000
vn 0.9952 0.0980 -0.0000
vn 0.9952 -0.0980 -0.0000
vn 0.9569 -0.2903 -0.0000
vn 0.8819 -0.4714 -0.0000
vn 0.7730 -0.6344 -0.0000
vn 0.6344 -0.7730 -0.0000
vn 0.4714 -0.8819 -0.0000
vn 0.2903 -0.9569 -0.0000
vn 0.0980 -0.9952 -0.0000
vn -0.0980 -0.9952 -0.0000
vn -0.2903 -0.9569 -0.0000
vn -0.4714 -0.8819 -0.0000
vn -0.6344 -0.7730 -0.0000
vn -0.7730 -0.6344 -0.0000
vn -0.8819 -0.4714 -0.0000
vn -0.9569 -0.2903 -0.0000
vn -0.9952 -0.0980 -0.0000
vn -0.9952 0.0980 -0.0000
vn -0.9569 0.2903 -0.0000
vn -0.8819 0.4714 -0.0000
vn -0.7730 0.6344 -0.0000
vn -0.6344 0.7730 -0.0000
vn -0.4714 0.8819 -0.0000
vn -0.0000 -0.0000 1.0000
vn -0.2903 0.9569 -0.0000
vn -0.0980 0.9952 -0.0000
vn -0.0000 -0.0000 -1.0000
vt 1.000000 0.500000
vt 1.000000 1.000000
vt 0.968750 1.000000
vt 0.968750 0.500000
vt 0.937500 1.000000
vt 0.937500 0.500000
vt 0.906250 1.000000
vt 0.906250 0.500000
vt 0.875000 1.000000
vt 0.875000 0.500000
vt 0.843750 1.000000
vt 0.843750 0.500000
vt 0.812500 1.000000
vt 0.812500 0.500000
vt 0.781250 1.000000
vt 0.781250 0.500000
vt 0.750000 1.000000
vt 0.750000 0.500000
vt 0.718750 1.000000
vt 0.718750 0.500000
vt 0.687500 1.000000
vt 0.687500 0.500000
vt 0.656250 1.000000
vt 0.656250 0.500000
vt 0.625000 1.000000
vt 0.625000 0.500000
vt 0.593750 1.000000
vt 0.593750 0.500000
vt 0.562500 1.000000
vt 0.562500 0.500000
vt 0.531250 1.000000
vt 0.531250 0.500000
vt 0.500000 1.000000
vt 0.500000 0.500000
vt 0.468750 1.000000
vt 0.468750 0.500000
vt 0.437500 1.000000
vt 0.437500 0.500000
vt 0.406250 1.000000
vt 0.406250 0.500000
vt 0.375000 1.000000
vt 0.375000 0.500000
vt 0.343750 1.000000
vt 0.343750 0.500000
vt 0.312500 1.000000
vt 0.312500 0.500000
vt 0.281250 1.000000
vt 0.281250 0.500000
vt 0.250000 1.000000
vt 0.250000 0.500000
vt 0.218750 1.000000
vt 0.218750 0.500000
vt 0.187500 1.000000
vt 0.187500 0.500000
vt 0.156250 1.000000
vt 0.156250 0.500000
vt 0.125000 1.000000
vt 0.125000 0.500000
vt 0.093750 1.000000
vt 0.093750 0.500000
vt 0.062500 1.000000
vt 0.062500 0.500000
vt 0.296822 0.485388
vt 0.250000 0.490000
vt 0.203178 0.485388
vt 0.158156 0.471731
vt 0.116663 0.449553
vt 0.080294 0.419706
vt 0.050447 0.383337
vt 0.028269 0.341844
vt 0.014612 0.296822
vt 0.010000 0.250000
vt 0.014612 0.203178
vt 0.028269 0.158156
vt 0.050447 0.116663
vt 0.080294 0.080294
vt 0.116663 0.050447
vt 0.158156 0.028269
vt 0.203178 0.014612
vt 0.250000 0.010000
vt 0.296822 0.014612
vt 0.341844 0.028269
vt 0.383337 0.050447
vt 0.419706 0.080294
vt 0.449553 0.116663
vt 0.471731 0.158156
vt 0.485388 0.203178
vt 0.490000 0.250000
vt 0.485388 0.296822
vt 0.471731 0.341844
vt 0.449553 0.383337
vt 0.419706 0.419706
vt 0.383337 0.449553
vt 0.341844 0.471731
vt 0.031250 1.000000
vt 0.031250 0.500000
vt 0.000000 1.000000
vt 0.000000 0.500000
vt 0.750000 0.490000
vt 0.796822 0.485388
vt 0.841844 0.471731
vt 0.883337 0.449553
vt 0.919706 0.419706
vt 0.949553 0.383337
vt 0.971731 0.341844
vt 0.985388 0.296822
vt 0.990000 0.250000
vt 0.985388 0.203178
vt 0.971731 0.158156
vt 0.949553 0.116663
vt 0.919706 0.080294
vt 0.883337 0.050447
vt 0.841844 0.028269
vt 0.796822 0.014612
vt 0.750000 0.010000
vt 0.703178 0.014612
vt 0.658156 0.028269
vt 0.616663 0.050447
vt 0.580294 0.080294
vt 0.550447 0.116663
vt 0.528269 0.158156
vt 0.514612 0.203178
vt 0.510000 0.250000
vt 0.514612 0.296822
vt 0.528269 0.341844
vt 0.550447 0.383337
vt 0.580294 0.419706
vt 0.616663 0.449553
vt 0.658156 0.471731
vt 0.703178 0.485388
s 0
usemtl Table_4_Call_Light_mat.043
f 4661/3711/1283 4662/3712/1283 4664/3713/1283 4663/3714/1283
f 4663/3714/1284 4664/3713/1284 4666/3715/1284 4665/3716/1284
f 4665/3716/1285 4666/3715/1285 4668/3717/1285 4667/3718/1285
f 4667/3718/1286 4668/3717/1286 4670/3719/1286 4669/3720/1286
f 4669/3720/1287 4670/3719/1287 4672/3721/1287 4671/3722/1287
f 4671/3722/1288 4672/3721/1288 4674/3723/1288 4673/3724/1288
f 4673/3724/1289 4674/3723/1289 4676/3725/1289 4675/3726/1289
f 4675/3726/1290 4676/3725/1290 4678/3727/1290 4677/3728/1290
f 4677/3728/1291 4678/3727/1291 4680/3729/1291 4679/3730/1291
f 4679/3730/1292 4680/3729/1292 4682/3731/1292 4681/3732/1292
f 4681/3732/1293 4682/3731/1293 4684/3733/1293 4683/3734/1293
f 4683/3734/1294 4684/3733/1294 4686/3735/1294 4685/3736/1294
f 4685/3736/1295 4686/3735/1295 4688/3737/1295 4687/3738/1295
f 4687/3738/1296 4688/3737/1296 4690/3739/1296 4689/3740/1296
f 4689/3740/1297 4690/3739/1297 4692/3741/1297 4691/3742/1297
f 4691/3742/1298 4692/3741/1298 4694/3743/1298 4693/3744/1298
f 4693/3744/1299 4694/3743/1299 4696/3745/1299 4695/3746/1299
f 4695/3746/1300 4696/3745/1300 4698/3747/1300 4697/3748/1300
f 4697/3748/1301 4698/3747/1301 4700/3749/1301 4699/3750/1301
f 4699/3750/1302 4700/3749/1302 4702/3751/1302 4701/3752/1302
f 4701/3752/1303 4702/3751/1303 4704/3753/1303 4703/3754/1303
f 4703/3754/1304 4704/3753/1304 4706/3755/1304 4705/3756/1304
f 4705/3756/1305 4706/3755/1305 4708/3757/1305 4707/3758/1305
f 4707/3758/1306 4708/3757/1306 4710/3759/1306 4709/3760/1306
f 4709/3760/1307 4710/3759/1307 4712/3761/1307 4711/3762/1307
f 4711/3762/1308 4712/3761/1308 4714/3763/1308 4713/3764/1308
f 4713/3764/1309 4714/3763/1309 4716/3765/1309 4715/3766/1309
f 4715/3766/1310 4716/3765/1310 4718/3767/1310 4717/3768/1310
f 4717/3768/1311 4718/3767/1311 4720/3769/1311 4719/3770/1311
f 4719/3770/1312 4720/3769/1312 4722/3771/1312 4721/3772/1312
f 4664/3773/1313 4662/3774/1313 4724/3775/1313 4722/3776/1313 4720/3777/1313 4718/3778/1313 4716/3779/1313 4714/3780/1313 4712/3781/1313 4710/3782/1313 4708/3783/1313 4706/3784/1313 4704/3785/1313 4702/3786/1313 4700/3787/1313 4698/3788/1313 4696/3789/1313 4694/3790/1313 4692/3791/1313 4690/3792/1313 4688/3793/1313 4686/3794/1313 4684/3795/1313 4682/3796/1313 4680/3797/1313 4678/3798/1313 4676/3799/1313 4674/3800/1313 4672/3801/1313 4670/3802/1313 4668/3803/1313 4666/3804/1313
f 4721/3772/1314 4722/3771/1314 4724/3805/1314 4723/3806/1314
f 4723/3806/1315 4724/3805/1315 4662/3807/1315 4661/3808/1315
f 4661/3809/1316 4663/3810/1316 4665/3811/1316 4667/3812/1316 4669/3813/1316 4671/3814/1316 4673/3815/1316 4675/3816/1316 4677/3817/1316 4679/3818/1316 4681/3819/1316 4683/3820/1316 4685/3821/1316 4687/3822/1316 4689/3823/1316 4691/3824/1316 4693/3825/1316 4695/3826/1316 4697/3827/1316 4699/3828/1316 4701/3829/1316 4703/3830/1316 4705/3831/1316 4707/3832/1316 4709/3833/1316 4711/3834/1316 4713/3835/1316 4715/3836/1316 4717/3837/1316 4719/3838/1316 4721/3839/1316 4723/3840/1316
o Table_4_Label
v -0.062586 0.336300 -0.078216
v -0.062586 0.336300 -0.076632
v -0.063900 0.336300 -0.076632
v -0.063900 0.336300 -0.072600
v -0.065664 0.336300 -0.072600
v -0.065664 0.336300 -0.076632
v -0.070866 0.336300 -0.076632
v -0.070866 0.336300 -0.077442
v -0.064656 0.336300 -0.085038
v -0.063900 0.336300 -0.085038
v -0.063900 0.336300 -0.078216
v -0.065664 0.336300 -0.078216
v -0.065664 0.336300 -0.081708
v -0.065700 0.336300 -0.081708
v -0.068508 0.336300 -0.078216
v -0.075618 0.336300 -0.083292
v -0.075618 0.336300 -0.072600
v -0.077382 0.336300 -0.072600
v -0.077382 0.336300 -0.083292
v -0.081630 0.336300 -0.083292
v -0.081630 0.336300 -0.084876
v -0.071370 0.336300 -0.084876
v -0.071370 0.336300 -0.083292
v -0.062586 0.335700 -0.078216
v -0.062586 0.335700 -0.076632
v -0.063900 0.335700 -0.076632
v -0.063900 0.335700 -0.072600
v -0.065664 0.335700 -0.072600
v -0.065664 0.335700 -0.076632
v -0.070866 0.335700 -0.076632
v -0.070866 0.335700 -0.077442
v -0.064656 0.335700 -0.085038
v -0.063900 0.335700 -0.085038
v -0.063900 0.335700 -0.078216
v -0.065664 0.335700 -0.078216
v -0.065664 0.335700 -0.081708
v -0.065700 0.335700 -0.081708
v -0.068508 0.335700 -0.078216
v -0.075618 0.335700 -0.083292
v -0.075618 0.335700 -0.072600
v -0.077382 0.335700 -0.072600
v -0.077382 0.335700 -0.083292
v -0.081630 0.335700 -0.083292
v -0.081630 0.335700 -0.084876
v -0.071370 0.335700 -0.084876
v -0.071370 0.335700 -0.083292
v -0.075618 0.335700 -0.083292
v -0.075618 0.336300 -0.083292
v -0.075618 0.335700 -0.072600
v -0.075618 0.336300 -0.072600
v -0.077382 0.335700 -0.072600
v -0.077382 0.336300 -0.072600
v -0.077382 0.335700 -0.083292
v -0.077382 0.336300 -0.083292
v -0.081630 0.335700 -0.083292
v -0.081630 0.336300 -0.083292
v -0.081630 0.335700 -0.084876
v -0.081630 0.336300 -0.084876
v -0.071370 0.335700 -0.084876
v -0.071370 0.336300 -0.084876
v -0.071370 0.335700 -0.083292
v -0.071370 0.336300 -0.083292
v -0.062586 0.335700 -0.078216
v -0.062586 0.336300 -0.078216
v -0.062586 0.335700 -0.076632
v -0.062586 0.336300 -0.076632
v -0.063900 0.335700 -0.076632
v -0.063900 0.336300 -0.076632
v -0.063900 0.335700 -0.072600
v -0.063900 0.336300 -0.072600
v -0.065664 0.335700 -0.072600
v -0.065664 0.336300 -0.072600
v -0.065664 0.335700 -0.076632
v -0.065664 0.336300 -0.076632
v -0.070866 0.335700 -0.076632
v -0.070866 0.336300 -0.076632
v -0.070866 0.335700 -0.077442
v -0.070866 0.336300 -0.077442
v -0.064656 0.335700 -0.085038
v -0.064656 0.336300 -0.085038
v -0.063900 0.335700 -0.085038
v -0.063900 0.336300 -0.085038
v -0.063900 0.335700 -0.078216
v -0.063900 0.336300 -0.078216
v -0.065664 0.335700 -0.078216
v -0.065664 0.336300 -0.078216
v -0.065664 0.335700 -0.081708
v -0.065664 0.336300 -0.081708
v -0.065700 0.335700 -0.081708
v -0.065700 0.336300 -0.081708
v -0.068508 0.335700 -0.078216
v -0.068508 0.336300 -0.078216
vn -0.0000 1.0000 -0.0000
vn -0.0000 -1.0000 -0.0000
vn 0.7071 -0.0000 0.7071
vn -0.7071 -0.0000 0.7071
vn -0.7071 -0.0000 -0.7071
vn 0.7071 -0.0000 -0.7071
vn -0.9419 -0.0000 -0.3360
vn -0.4284 -0.0000 -0.9036
vn 0.4321 -0.0000 0.9018
vn 0.9018 -0.0000 -0.4321
vt 0.500000 0.000000
vt 0.428571 0.000000
vt 1.000000 0.000000
vt 0.357143 0.000000
vt 0.785714 0.000000
vt 0.928571 0.000000
vt 0.071429 0.000000
vt 0.000000 0.000000
vt 0.714286 0.000000
vt 0.142857 0.000000
vt 0.857143 0.000000
vt 0.642857 0.000000
vt 0.571429 0.000000
vt 0.285714 0.000000
vt 0.214286 0.000000
vt 0.000000 1.000000
vt 0.125000 1.000000
vt 0.125000 0.000000
vt 0.250000 1.000000
vt 0.250000 0.000000
vt 0.375000 1.000000
vt 0.375000 0.000000
vt 0.500000 1.000000
vt 0.625000 1.000000
vt 0.625000 0.000000
vt 0.750000 1.000000
vt 0.750000 0.000000
vt 0.875000 1.000000
vt 0.875000 0.000000
vt 1.000000 1.000000
vt 0.090909 1.000000
vt 0.090909 0.000000
vt 0.181818 1.000000
vt 0.181818 0.000000
vt 0.272727 1.000000
vt 0.272727 0.000000
vt 0.363636 1.000000
vt 0.363636 0.000000
vt 0.454545 1.000000
vt 0.454545 0.000000
vt 0.545455 1.000000
vt 0.545455 0.000000
vt 0.636364 1.000000
vt 0.636364 0.000000
vt 0.727273 1.000000
vt 0.727273 0.000000
vt 0.818182 1.000000
vt 0.818182 0.000000
vt 0.909091 1.000000
vt 0.909091 0.000000
s 0
usemtl Table_4_Label_mat.043
f 4732/3841/1317 4731/3842/1317 4739/3843/1317
f 4739/3843/1317 4731/3842/1317 4730/3844/1317
f 4730/3844/1317 4736/3845/1317 4739/3843/1317
f 4732/3841/1317 4739/3843/1317 4738/3846/1317
f 4726/3847/1317 4725/3848/1317 4735/3849/1317
f 4726/3847/1317 4735/3849/1317 4727/3850/1317
f 4737/3851/1317 4735/3849/1317 4734/3852/1317
f 4733/3853/1317 4737/3851/1317 4734/3852/1317
f 4730/3844/1317 4729/3854/1317 4728/3855/1317
f 4728/3855/1317 4727/3850/1317 4730/3844/1317
f 4736/3845/1317 4730/3844/1317 4727/3850/1317
f 4727/3850/1317 4735/3849/1317 4736/3845/1317
f 4735/3849/1317 4737/3851/1317 4736/3845/1317
f 4737/3851/1317 4733/3853/1317 4738/3846/1317
f 4732/3841/1317 4738/3846/1317 4733/3853/1317
f 4745/3849/1317 4744/3853/1317 4743/3842/1317
f 4747/3843/1317 4746/3851/1317 4740/3848/1317
f 4743/3842/1317 4742/3854/1317 4741/3850/1317
f 4741/3850/1317 4740/3848/1317 4743/3842/1317
f 4740/3848/1317 4746/3851/1317 4743/3842/1317
f 4745/3849/1317 4743/3842/1317 4746/3851/1317
f 4755/3841/1318 4762/3843/1318 4754/3842/1318
f 4762/3843/1318 4753/3844/1318 4754/3842/1318
f 4753/3844/1318 4762/3843/1318 4759/3845/1318
f 4755/3841/1318 4761/3846/1318 4762/3843/1318
f 4749/3847/1318 4758/3849/1318 4748/3848/1318
f 4749/3847/1318 4750/3850/1318 4758/3849/1318
f 4760/3851/1318 4757/3852/1318 4758/3849/1318
f 4756/3853/1318 4757/3852/1318 4760/3851/1318
f 4753/3844/1318 4751/3855/1318 4752/3854/1318
f 4751/3855/1318 4753/3844/1318 4750/3850/1318
f 4759/3845/1318 4750/3850/1318 4753/3844/1318
f 4750/3850/1318 4759/3845/1318 4758/3849/1318
f 4758/3849/1318 4759/3845/1318 4760/3851/1318
f 4760/3851/1318 4761/3846/1318 4756/3853/1318
f 4755/3841/1318 4756/3853/1318 4761/3846/1318
f 4768/3849/1318 4766/3842/1318 4767/3853/1318
f 4770/3843/1318 4763/3848/1318 4769/3851/1318
f 4766/3842/1318 4764/3850/1318 4765/3854/1318
f 4764/3850/1318 4766/3842/1318 4763/3848/1318
f 4763/3848/1318 4766/3842/1318 4769/3851/1318
f 4768/3849/1318 4769/3851/1318 4766/3842/1318
s 1
f 4772/3856/1319 4774/3857/1319 4773/3858/1319 4771/3848/1319
f 4774/3857/1319 4776/3859/1320 4775/3860/1320 4773/3858/1319
f 4776/3859/1320 4778/3861/1320 4777/3862/1320 4775/3860/1320
f 4778/3861/1320 4780/3863/1320 4779/3841/1320 4777/3862/1320
f 4780/3863/1320 4782/3864/1321 4781/3865/1321 4779/3841/1320
f 4782/3864/1321 4784/3866/1322 4783/3867/1322 4781/3865/1321
f 4784/3866/1322 4786/3868/1319 4785/3869/1319 4783/3867/1322
f 4786/3868/1319 4772/3870/1319 4771/3843/1319 4785/3869/1319
f 4788/3856/1322 4790/3871/1319 4789/3872/1319 4787/3848/1322
f 4790/3871/1319 4792/3873/1319 4791/3874/1319 4789/3872/1319
f 4792/3873/1319 4794/3875/1319 4793/3876/1319 4791/3874/1319
f 4794/3875/1319 4796/3877/1320 4795/3878/1320 4793/3876/1319
f 4796/3877/1320 4798/3879/1320 4797/3880/1320 4795/3878/1320
f 4798/3879/1320 4800/3881/1320 4799/3882/1320 4797/3880/1320
f 4800/3881/1320 4802/3883/1323 4801/3884/1323 4799/3882/1320
f 4802/3883/1323 4804/3885/1324 4803/3886/1324 4801/3884/1323
f 4804/3885/1324 4806/3887/1322 4805/3888/1322 4803/3886/1324
f 4806/3887/1322 4808/3889/1322 4807/3890/1322 4805/3888/1322
f 4808/3889/1322 4788/3870/1322 4787/3843/1322 4807/3890/1322
f 4810/3856/1321 4812/3859/1320 4811/3860/1320 4809/3848/1321
f 4812/3859/1320 4814/3863/1325 4813/3841/1325 4811/3860/1320
f 4814/3863/1325 4816/3866/1326 4815/3867/1326 4813/3841/1325
f 4816/3866/1326 4810/3870/1321 4809/3843/1321 4815/3867/1326
o Lamp_4
v -0.072000 0.355000 -0.186000
v -0.072000 0.355000 -0.174000
v -0.068293 0.354635 -0.186000
v -0.068293 0.354635 -0.174000
v -0.064729 0.353554 -0.186000
v -0.064729 0.353554 -0.174000
v -0.061444 0.351798 -0.186000
v -0.061444 0.351798 -0.174000
v -0.058565 0.349435 -0.186000
v -0.058565 0.349435 -0.174000
v -0.056202 0.346556 -0.186000
v -0.056202 0.346556 -0.174000
v -0.054446 0.343271 -0.186000
v -0.054446 0.343271 -0.174000
v -0.053365 0.339707 -0.186000
v -0.053365 0.339707 -0.174000
v -0.053000 0.336000 -0.186000
v -0.053000 0.336000 -0.174000
v -0.053365 0.332293 -0.186000
v -0.053365 0.332293 -0.174000
v -0.054446 0.328729 -0.186000
v -0.054446 0.328729 -0.174000
v -0.056202 0.325444 -0.186000
v -0.056202 0.325444 -0.174000
v -0.058565 0.322565 -0.186000
v -0.058565 0.322565 -0.174000
v -0.061444 0.320202 -0.186000
v -0.061444 0.320202 -0.174000
v -0.064729 0.318446 -0.186000
v -0.064729 0.318446 -0.174000
v -0.068293 0.317365 -0.186000
v -0.068293 0.317365 -0.174000
v -0.072000 0.317000 -0.186000
v -0.072000 0.317000 -0.174000
v -0.075707 0.317365 -0.186000
v -0.075707 0.317365 -0.174000
v -0.079271 0.318446 -0.186000
v -0.079271 0.318446 -0.174000
v -0.082556 0.320202 -0.186000
v -0.082556 0.320202 -0.174000
v -0.085435 0.322565 -0.186000
v -0.085435 0.322565 -0.174000
v -0.087798 0.325444 -0.186000
v -0.087798 0.325444 -0.174000
v -0.089554 0.328729 -0.186000
v -0.089554 0.328729 -0.174000
v -0.090635 0.332293 -0.186000
v -0.090635 0.332293 -0.174000
v -0.091000 0.336000 -0.186000
v -0.091000 0.336000 -0.174000
v -0.090635 0.339707 -0.186000
v -0.090635 0.339707 -0.174000
v -0.089554 0.343271 -0.186000
v -0.089554 0.343271 -0.174000
v -0.087798 0.346556 -0.186000
v -0.087798 0.346556 -0.174000
v -0.085435 0.349435 -0.186000
v -0.085435 0.349435 -0.174000
v -0.082556 0.351798 -0.186000
v -0.082556 0.351798 -0.174000
v -0.079271 0.353554 -0.186000
v -0.079271 0.353554 -0.174000
v -0.075707 0.354635 -0.186000
v -0.075707 0.354635 -0.174000
vn 0.0980 0.9952 -0.0000
vn 0.2903 0.9569 -0.0000
vn 0.4714 0.8819 -0.0000
vn 0.6344 0.7730 -0.0000
vn 0.7730 0.6344 -0.0000
vn 0.8819 0.4714 -0.0000
vn 0.9569 0.2903 -0.0000
vn 0.9952 0.0980 -0.0000
vn 0.9952 -0.0980 -0.0000
vn 0.9569 -0.2903 -0.0000
vn 0.8819 -0.4714 -0.0000
vn 0.7730 -0.6344 -0.0000
vn 0.6344 -0.7730 -0.0000
vn 0.4714 -0.8819 -0.0000
vn 0.2903 -0.9569 -0.0000
vn 0.0980 -0.9952 -0.0000
vn -0.0980 -0.9952 -0.0000
vn -0.2903 -0.9569 -0.0000
vn -0.4714 -0.8819 -0.0000
vn -0.6344 -0.7730 -0.0000
vn -0.7730 -0.6344 -0.0000
vn -0.8819 -0.4714 -0.0000
vn -0.9569 -0.2903 -0.0000
vn -0.9952 -0.0980 -0.0000
vn -0.9952 0.0980 -0.0000
vn -0.9569 0.2903 -0.0000
vn -0.8819 0.4714 -0.0000
vn -0.7730 0.6344 -0.0000
vn -0.6344 0.7730 -0.0000
vn -0.4714 0.8819 -0.0000
vn -0.0000 -0.0000 1.0000
vn -0.2903 0.9569 -0.0000
vn -0.0980 0.9952 -0.0000
vn -0.0000 -0.0000 -1.0000
vt 1.000000 0.500000
vt 1.000000 1.000000
vt 0.968750 1.000000
vt 0.968750 0.500000
vt 0.937500 1.000000
vt 0.937500 0.500000
vt 0.906250 1.000000
vt 0.906250 0.500000
vt 0.875000 1.000000
vt 0.875000 0.500000
vt 0.843750 1.000000
vt 0.843750 0.500000
vt 0.812500 1.000000
vt 0.812500 0.500000
vt 0.781250 1.000000
vt 0.781250 0.500000
vt 0.750000 1.000000
vt 0.750000 0.500000
vt 0.718750 1.000000
vt 0.718750 0.500000
vt 0.687500 1.000000
vt 0.687500 0.500000
vt 0.656250 1.000000
vt 0.656250 0.500000
vt 0.625000 1.000000
vt 0.625000 0.500000
vt 0.593750 1.000000
vt 0.593750 0.500000
vt 0.562500 1.000000
vt 0.562500 0.500000
vt 0.531250 1.000000
vt 0.531250 0.500000
vt 0.500000 1.000000
vt 0.500000 0.500000
vt 0.468750 1.000000
vt 0.468750 0.500000
vt 0.437500 1.000000
vt 0.437500 0.500000
vt 0.406250 1.000000
vt 0.406250 0.500000
vt 0.375000 1.000000
vt 0.375000 0.500000
vt 0.343750 1.000000
vt 0.343750 0.500000
vt 0.312500 1.000000
vt 0.312500 0.500000
vt 0.281250 1.000000
vt 0.281250 0.500000
vt 0.250000 1.000000
vt 0.250000 0.500000
vt 0.218750 1.000000
vt 0.218750 0.500000
vt 0.187500 1.000000
vt 0.187500 0.500000
vt 0.156250 1.000000
vt 0.156250 0.500000
vt 0.125000 1.000000
vt 0.125000 0.500000
vt 0.093750 1.000000
vt 0.093750 0.500000
vt 0.062500 1.000000
vt 0.062500 0.500000
vt 0.296822 0.485388
vt 0.250000 0.490000
vt 0.203178 0.485388
vt 0.158156 0.471731
vt 0.116663 0.449553
vt 0.080294 0.419706
vt 0.050447 0.383337
vt 0.028269 0.341844
vt 0.014612 0.296822
vt 0.010000 0.250000
vt 0.014612 0.203178
vt 0.028269 0.158156
vt 0.050447 0.116663
vt 0.080294 0.080294
vt 0.116663 0.050447
vt 0.158156 0.028269
vt 0.203178 0.014612
vt 0.250000 0.010000
vt 0.296822 0.014612
vt 0.341844 0.028269
vt 0.383337 0.050447
vt 0.419706 0.080294
vt 0.449553 0.116663
vt 0.471731 0.158156
vt 0.485388 0.203178
vt 0.490000 0.250000
vt 0.485388 0.296822
vt 0.471731 0.341844
vt 0.449553 0.383337
vt 0.419706 0.419706
vt 0.383337 0.449553
vt 0.341844 0.471731
vt 0.031250 1.000000
vt 0.031250 0.500000
vt 0.000000 1.000000
vt 0.000000 0.500000
vt 0.750000 0.490000
vt 0.796822 0.485388
vt 0.841844 0.471731
vt 0.883337 0.449553
vt 0.919706 0.419706
vt 0.949553 0.383337
vt 0.971731 0.341844
vt 0.985388 0.296822
vt 0.990000 0.250000
vt 0.985388 0.203178
vt 0.971731 0.158156
vt 0.949553 0.116663
vt 0.919706 0.080294
vt 0.883337 0.050447
vt 0.841844 0.028269
vt 0.796822 0.014612
vt 0.750000 0.010000
vt 0.703178 0.014612
vt 0.658156 0.028269
vt 0.616663 0.050447
vt 0.580294 0.080294
vt 0.550447 0.116663
vt 0.528269 0.158156
vt 0.514612 0.203178
vt 0.510000 0.250000
vt 0.514612 0.296822
vt 0.528269 0.341844
vt 0.550447 0.383337
vt 0.580294 0.419706
vt 0.616663 0.449553
vt 0.658156 0.471731
vt 0.703178 0.485388
s 0
usemtl Lamp_4_mat.043
f 4817/3891/1327 4818/3892/1327 4820/3893/1327 4819/3894/1327
f 4819/3894/1328 4820/3893/1328 4822/3895/1328 4821/3896/1328
f 4821/3896/1329 4822/3895/1329 4824/3897/1329 4823/3898/1329
f 4823/3898/1330 4824/3897/1330 4826/3899/1330 4825/3900/1330
f 4825/3900/1331 4826/3899/1331 4828/3901/1331 4827/3902/1331
f 4827/3902/1332 4828/3901/1332 4830/3903/1332 4829/3904/1332
f 4829/3904/1333 4830/3903/1333 4832/3905/1333 4831/3906/1333
f 4831/3906/1334 4832/3905/1334 4834/3907/1334 4833/3908/1334
f 4833/3908/1335 4834/3907/1335 4836/3909/1335 4835/3910/1335
f 4835/3910/1336 4836/3909/1336 4838/3911/1336 4837/3912/1336
f 4837/3912/1337 4838/3911/1337 4840/3913/1337 4839/3914/1337
f 4839/3914/1338 4840/3913/1338 4842/3915/1338 4841/3916/1338
f 4841/3916/1339 4842/3915/1339 4844/3917/1339 4843/3918/1339
f 4843/3918/1340 4844/3917/1340 4846/3919/1340 4845/3920/1340
f 4845/3920/1341 4846/3919/1341 4848/3921/1341 4847/3922/1341
f 4847/3922/1342 4848/3921/1342 4850/3923/1342 4849/3924/1342
f 4849/3924/1343 4850/3923/1343 4852/3925/1343 4851/3926/1343
f 4851/3926/1344 4852/3925/1344 4854/3927/1344 4853/3928/1344
f 4853/3928/1345 4854/3927/1345 4856/3929/1345 4855/3930/1345
f 4855/3930/1346 4856/3929/1346 4858/3931/1346 4857/3932/1346
f 4857/3932/1347 4858/3931/1347 4860/3933/1347 4859/3934/1347
f 4859/3934/1348 4860/3933/1348 4862/3935/1348 4861/3936/1348
f 4861/3936/1349 4862/3935/1349 4864/3937/1349 4863/3938/1349
f 4863/3938/1350 4864/3937/1350 4866/3939/1350 4865/3940/1350
f 4865/3940/1351 4866/3939/1351 4868/3941/1351 4867/3942/1351
f 4867/3942/1352 4868/3941/1352 4870/3943/1352 4869/3944/1352
f 4869/3944/1353 4870/3943/1353 4872/3945/1353 4871/3946/1353
f 4871/3946/1354 4872/3945/1354 4874/3947/1354 4873/3948/1354
f 4873/3948/1355 4874/3947/1355 4876/3949/1355 4875/3950/1355
f 4875/3950/1356 4876/3949/1356 4878/3951/1356 4877/3952/1356
f 4820/3953/1357 4818/3954/1357 4880/3955/1357 4878/3956/1357 4876/3957/1357 4874/3958/1357 4872/3959/1357 4870/3960/1357 4868/3961/1357 4866/3962/1357 4864/3963/1357 4862/3964/1357 4860/3965/1357 4858/3966/1357 4856/3967/1357 4854/3968/1357 4852/3969/1357 4850/3970/1357 4848/3971/1357 4846/3972/1357 4844/3973/1357 4842/3974/1357 4840/3975/1357 4838/3976/1357 4836/3977/1357 4834/3978/1357 4832/3979/1357 4830/3980/1357 4828/3981/1357 4826/3982/1357 4824/3983/1357 4822/3984/1357
f 4877/3952/1358 4878/3951/1358 4880/3985/1358 4879/3986/1358
f 4879/3986/1359 4880/3985/1359 4818/3987/1359 4817/3988/1359
f 4817/3989/1360 4819/3990/1360 4821/3991/1360 4823/3992/1360 4825/3993/1360 4827/3994/1360 4829/3995/1360 4831/3996/1360 4833/3997/1360 4835/3998/1360 4837/3999/1360 4839/4000/1360 4841/4001/1360 4843/4002/1360 4845/4003/1360 4847/4004/1360 4849/4005/1360 4851/4006/1360 4853/4007/1360 4855/4008/1360 4857/4009/1360 4859/4010/1360 4861/4011/1360 4863/4012/1360 4865/4013/1360 4867/4014/1360 4869/4015/1360 4871/4016/1360 4873/4017/1360 4875/4018/1360 4877/4019/1360 4879/4020/1360
o Table_5
v 0.241000 0.462000 -0.045000
v 0.241000 0.582000 -0.045000
v 0.241000 0.462000 -0.057000
v 0.241000 0.582000 -0.057000
v 0.361000 0.462000 -0.045000
v 0.361000 0.582000 -0.045000
v 0.361000 0.462000 -0.057000
v 0.361000 0.582000 -0.057000
vn -1.0000 -0.0000 -0.0000
vn -0.0000 -0.0000 -1.0000
vn 1.0000 -0.0000 -0.0000
vn -0.0000 -0.0000 1.0000
vn -0.0000 -1.0000 -0.0000
vn -0.0000 1.0000 -0.0000
vt 0.375000 0.000000
vt 0.625000 0.000000
vt 0.625000 0.250000
vt 0.375000 0.250000
vt 0.625000 0.500000
vt 0.375000 0.500000
vt 0.625000 0.750000
vt 0.375000 0.750000
vt 0.625000 1.000000
vt 0.375000 1.000000
vt 0.125000 0.500000
vt 0.125000 0.750000
vt 0.875000 0.500000
vt 0.875000 0.750000
s 0
usemtl Table_5_mat.043
f 4881/4021/1361 4882/4022/1361 4884/4023/1361 4883/4024/1361
f 4883/4024/1362 4884/4023/1362 4888/4025/1362 4887/4026/1362
f 4887/4026/1363 4888/4025/1363 4886/4027/1363 4885/4028/1363
f 4885/4028/1364 4886/4027/1364 4882/4029/1364 4881/4030/1364
f 4883/4031/1365 4887/4026/1365 4885/4028/1365 4881/4032/1365
f 4888/4025/1366 4884/4033/1366 4882/4034/1366 4886/4027/1366
o Table_5_Leg
v 0.301000 0.530400 -0.052400
v 0.301000 0.530400 0.000400
v 0.302639 0.530239 -0.052400
v 0.302639 0.530239 0.000400
v 0.304215 0.529761 -0.052400
v 0.304215 0.529761 0.000400
v 0.305667 0.528984 -0.052400
v 0.305667 0.528984 0.000400
v 0.306940 0.527940 -0.052400
v 0.306940 0.527940 0.000400
v 0.307984 0.526667 -0.052400
v 0.307984 0.526667 0.000400
v 0.308761 0.525215 -0.052400
v 0.308761 0.525215 0.000400
v 0.309239 0.523639 -0.052400
v 0.309239 0.523639 0.000400
v 0.309400 0.522000 -0.052400
v 0.309400 0.522000 0.000400
v 0.309239 0.520361 -0.052400
v 0.309239 0.520361 0.000400
v 0.308761 0.518785 -0.052400
v 0.308761 0.518785 0.000400
v 0.307984 0.517333 -0.052400
v 0.307984 0.517333 0.000400
v 0.306940 0.516060 -0.052400
v 0.306940 0.516060 0.000400
v 0.305667 0.515016 -0.052400
v 0.305667 0.515016 0.000400
v 0.304215 0.514239 -0.052400
v 0.304215 0.514239 0.000400
v 0.302639 0.513761 -0.052400
v 0.302639 0.513761 0.000400
v 0.301000 0.513600 -0.052400
v 0.301000 0.513600 0.000400
v 0.299361 0.513761 -0.052400
v 0.299361 0.513761 0.000400
v 0.297785 0.514239 -0.052400
v 0.297785 0.514239 0.000400
v 0.296333 0.515016 -0.052400
v 0.296333 0.515016 0.000400
v 0.295060 0.516060 -0.052400
v 0.295060 0.516060 0.000400
v 0.294016 0.517333 -0.052400
v 0.294016 0.517333 0.000400
v 0.293239 0.518785 -0.052400
v 0.293239 0.518785 0.000400
v 0.292761 0.520361 -0.052400
v 0.292761 0.520361 0.000400
v 0.292600 0.522000 -0.052400
v 0.292600 0.522000 0.000400
v 0.292761 0.523639 -0.052400
v 0.292761 0.523639 0.000400
v 0.293239 0.525215 -0.052400
v 0.293239 0.525215 0.000400
v 0.294016 0.526667 -0.052400
v 0.294016 0.526667 0.000400
v 0.295060 0.527940 -0.052400
v 0.295060 0.527940 0.000400
v 0.296333 0.528984 -0.052400
v 0.296333 0.528984 0.000400
v 0.297785 0.529761 -0.052400
v 0.297785 0.529761 0.000400
v 0.299361 0.530239 -0.052400
v 0.299361 0.530239 0.000400
vn 0.0980 0.9952 -0.0000
vn 0.2903 0.9569 -0.0000
vn 0.4714 0.8819 -0.0000
vn 0.6344 0.7730 -0.0000
vn 0.7730 0.6344 -0.0000
vn 0.8819 0.4714 -0.0000
vn 0.9569 0.2903 -0.0000
vn 0.9952 0.0980 -0.0000
vn 0.9952 -0.0980 -0.0000
vn 0.9569 -0.2903 -0.0000
vn 0.8819 -0.4714 -0.0000
vn 0.7730 -0.6344 -0.0000
vn 0.6344 -0.7730 -0.0000
vn 0.4714 -0.8819 -0.0000
vn 0.2903 -0.9569 -0.0000
vn 0.0980 -0.9952 -0.0000
vn -0.0980 -0.9952 -0.0000
vn -0.2903 -0.9569 -0.0000
vn -0.4714 -0.8819 -0.0000
vn -0.6344 -0.7730 -0.0000
vn -0.7730 -0.6344 -0.0000
vn -0.8819 -0.4714 -0.0000
vn -0.9569 -0.2903 -0.0000
vn -0.9952 -0.0980 -0.0000
vn -0.9952 0.0980 -0.0000
vn -0.9569 0.2903 -0.0000
vn -0.8819 0.4714 -0.0000
vn -0.7730 0.6344 -0.0000
vn -0.6344 0.7730 -0.0000
vn -0.4714 0.8819 -0.0000
vn -0.0000 -0.0000 1.0000
vn -0.2903 0.9569 -0.0000
vn -0.0980 0.9952 -0.0000
vn -0.0000 -0.0000 -1.0000
vt 1.000000 0.500000
vt 1.000000 1.000000
vt 0.968750 1.000000
vt 0.968750 0.500000
vt 0.937500 1.000000
vt 0.937500 0.500000
vt 0.906250 1.000000
vt 0.906250 0.500000
vt 0.875000 1.000000
vt 0.875000 0.500000
vt 0.843750 1.000000
vt 0.843750 0.500000
vt 0.812500 1.000000
vt 0.812500 0.500000
vt 0.781250 1.000000
vt 0.781250 0.500000
vt 0.750000 1.000000
vt 0.750000 0.500000
vt 0.718750 1.000000
vt 0.718750 0.500000
vt 0.687500 1.000000
vt 0.687500 0.500000
vt 0.656250 1.000000
vt 0.656250 0.500000
vt 0.625000 1.000000
vt 0.625000 0.500000
vt 0.593750 1.000000
vt 0.593750 0.500000
vt 0.562500 1.000000
vt 0.562500 0.500000
vt 0.531250 1.000000
vt 0.531250 0.500000
vt 0.500000 1.000000
vt 0.500000 0.500000
vt 0.468750 1.000000
vt 0.468750 0.500000
vt 0.437500 1.000000
vt 0.437500 0.500000
vt 0.406250 1.000000
vt 0.406250 0.500000
vt 0.375000 1.000000
vt 0.375000 0.500000
vt 0.343750 1.000000
vt 0.343750 0.500000
vt 0.312500 1.000000
vt 0.312500 0.500000
vt 0.281250 1.000000
vt 0.281250 0.500000
vt 0.250000 1.000000
vt 0.250000 0.500000
vt 0.218750 1.000000
vt 0.218750 0.500000
vt 0.187500 1.000000
vt 0.187500 0.500000
vt 0.156250 1.000000
vt 0.156250 0.500000
vt 0.125000 1.000000
vt 0.125000 0.500000
vt 0.093750 1.000000
vt 0.093750 0.500000
vt 0.062500 1.000000
vt 0.062500 0.500000
vt 0.296822 0.485388
vt 0.250000 0.490000
vt 0.203178 0.485388
vt 0.158156 0.471731
vt 0.116663 0.449553
vt 0.080294 0.419706
vt 0.050447 0.383337
vt 0.028269 0.341844
vt 0.014612 0.296822
vt 0.010000 0.250000
vt 0.014612 0.203178
vt 0.028269 0.158156
vt 0.050447 0.116663
vt 0.080294 0.080294
vt 0.116663 0.050447
vt 0.158156 0.028269
vt 0.203178 0.014612
vt 0.250000 0.010000
vt 0.296822 0.014612
vt 0.341844 0.028269
vt 0.383337 0.050447
vt 0.419706 0.080294
vt 0.449553 0.116663
vt 0.471731 0.158156
vt 0.485388 0.203178
vt 0.490000 0.250000
vt 0.485388 0.296822
vt 0.471731 0.341844
vt 0.449553 0.383337
vt 0.419706 0.419706
vt 0.383337 0.449553
vt 0.341844 0.471731
vt 0.031250 1.000000
vt 0.031250 0.500000
vt 0.000000 1.000000
vt 0.000000 0.500000
vt 0.750000 0.490000
vt 0.796822 0.485388
vt 0.841844 0.471731
vt 0.883337 0.449553
vt 0.919706 0.419706
vt 0.949553 0.383337
vt 0.971731 0.341844
vt 0.985388 0.296822
vt 0.990000 0.250000
vt 0.985388 0.203178
vt 0.971731 0.158156
vt 0.949553 0.116663
vt 0.919706 0.080294
vt 0.883337 0.050447
vt 0.841844 0.028269
vt 0.796822 0.014612
vt 0.750000 0.010000
vt 0.703178 0.014612
vt 0.658156 0.028269
vt 0.616663 0.050447
vt 0.580294 0.080294
vt 0.550447 0.116663
vt 0.528269 0.158156
vt 0.514612 0.203178
vt 0.510000 0.250000
vt 0.514612 0.296822
vt 0.528269 0.341844
vt 0.550447 0.383337
vt 0.580294 0.419706
vt 0.616663 0.449553
vt 0.658156 0.471731
vt 0.703178 0.485388
s 0
usemtl Table_5_Leg_mat.040
f 4889/4035/1367 4890/4036/1367 4892/4037/1367 4891/4038/1367
f 4891/4038/1368 4892/4037/1368 4894/4039/1368 4893/4040/1368
f 4893/4040/1369 4894/4039/1369 4896/4041/1369 4895/4042/1369
f 4895/4042/1370 4896/4041/1370 4898/4043/1370 4897/4044/1370
f 4897/4044/1371 4898/4043/1371 4900/4045/1371 4899/4046/1371
f 4899/4046/1372 4900/4045/1372 4902/4047/1372 4901/4048/1372
f 4901/4048/1373 4902/4047/1373 4904/4049/1373 4903/4050/1373
f 4903/4050/1374 4904/4049/1374 4906/4051/1374 4905/4052/1374
f 4905/4052/1375 4906/4051/1375 4908/4053/1375 4907/4054/1375
f 4907/4054/1376 4908/4053/1376 4910/4055/1376 4909/4056/1376
f 4909/4056/1377 4910/4055/1377 4912/4057/1377 4911/4058/1377
f 4911/4058/1378 4912/4057/1378 4914/4059/1378 4913/4060/1378
f 4913/4060/1379 4914/4059/1379 4916/4061/1379 4915/4062/1379
f 4915/4062/1380 4916/4061/1380 4918/4063/1380 4917/4064/1380
f 4917/4064/1381 4918/4063/1381 4920/4065/1381 4919/4066/1381
f 4919/4066/1382 4920/4065/1382 4922/4067/1382 4921/4068/1382
f 4921/4068/1383 4922/4067/1383 4924/4069/1383 4923/4070/1383
f 4923/4070/1384 4924/4069/1384 4926/4071/1384 4925/4072/1384
f 4925/4072/1385 4926/4071/1385 4928/4073/1385 4927/4074/1385
f 4927/4074/1386 4928/4073/1386 4930/4075/1386 4929/4076/1386
f 4929/4076/1387 4930/4075/1387 4932/4077/1387 4931/4078/1387
f 4931/4078/1388 4932/4077/1388 4934/4079/1388 4933/4080/1388
f 4933/4080/1389 4934/4079/1389 4936/4081/1389 4935/4082/1389
f 4935/4082/1390 4936/4081/1390 4938/4083/1390 4937/4084/1390
f 4937/4084/1391 4938/4083/1391 4940/4085/1391 4939/4086/1391
f 4939/4086/1392 4940/4085/1392 4942/4087/1392 4941/4088/1392
f 4941/4088/1393 4942/4087/1393 4944/4089/1393 4943/4090/1393
f 4943/4090/1394 4944/4089/1394 4946/4091/1394 4945/4092/1394
f 4945/4092/1395 4946/4091/1395 4948/4093/1395 4947/4094/1395
f 4947/4094/1396 4948/4093/1396 4950/4095/1396 4949/4096/1396
f 4892/4097/1397 4890/4098/1397 4952/4099/1397 4950/4100/1397 4948/4101/1397 4946/4102/1397 4944/4103/1397 4942/4104/1397 4940/4105/1397 4938/4106/1397 4936/4107/1397 4934/4108/1397 4932/4109/1397 4930/4110/1397 4928/4111/1397 4926/4112/1397 4924/4113/1397 4922/4114/1397 4920/4115/1397 4918/4116/1397 4916/4117/1397 4914/4118/1397 4912/4119/1397 4910/4120/1397 4908/4121/1397 4906/4122/1397 4904/4123/1397 4902/4124/1397 4900/4125/1397 4898/4126/1397 4896/4127/1397 4894/4128/1397
f 4949/4096/1398 4950/4095/1398 4952/4129/1398 4951/4130/1398
f 4951/4130/1399 4952/4129/1399 4890/4131/1399 4889/4132/1399
f 4889/4133/1400 4891/4134/1400 4893/4135/1400 4895/4136/1400 4897/4137/1400 4899/4138/1400 4901/4139/1400 4903/4140/1400 4905/4141/1400 4907/4142/1400 4909/4143/1400 4911/4144/1400 4913/4145/1400 4915/4146/1400 4917/4147/1400 4919/4148/1400 4921/4149/1400 4923/4150/1400 4925/4151/1400 4927/4152/1400 4929/4153/1400 4931/4154/1400 4933/4155/1400 4935/4156/1400 4937/4157/1400 4939/4158/1400 4941/4159/1400 4943/4160/1400 4945/4161/1400 4947/4162/1400 4949/4163/1400 4951/4164/1400
o Table_5_Chair_1_Seat
v 0.277000 0.592000 -0.019000
v 0.277000 0.640000 -0.019000
v 0.277000 0.592000 -0.041000
v 0.277000 0.640000 -0.041000
v 0.325000 0.592000 -0.019000
v 0.325000 0.640000 -0.019000
v 0.325000 0.592000 -0.041000
v 0.325000 0.640000 -0.041000
vn -1.0000 -0.0000 -0.0000
vn -0.0000 -0.0000 -1.0000
vn 1.0000 -0.0000 -0.0000
vn -0.0000 -0.0000 1.0000
vn -0.0000 -1.0000 -0.0000
vn -0.0000 1.0000 -0.0000
vt 0.375000 0.000000
vt 0.625000 0.000000
vt 0.625000 0.250000
vt 0.375000 0.250000
vt 0.625000 0.500000
vt 0.375000 0.500000
vt 0.625000 0.750000
vt 0.375000 0.750000
vt 0.625000 1.000000
vt 0.375000 1.000000
vt 0.125000 0.500000
vt 0.125000 0.750000
vt 0.875000 0.500000
vt 0.875000 0.750000
s 0
usemtl Table_5_Chair_1_Seat_mat.043
f 4953/4165/1401 4954/4166/1401 4956/4167/1401 4955/4168/1401
f 4955/4168/1402 4956/4167/1402 4960/4169/1402 4959/4170/1402
f 4959/4170/1403 4960/4169/1403 4958/4171/1403 4957/4172/1403
f 4957/4172/1404 4958/4171/1404 4954/4173/1404 4953/4174/1404
f 4955/4175/1405 4959/4170/1405 4957/4172/1405 4953/4176/1405
f 4960/4169/1406 4956/4177/1406 4954/4178/1406 4958/4171/1406
o Table_5_Chair_1_Back
v 0.277000 0.635000 -0.031000
v 0.277000 0.643000 -0.031000
v 0.277000 0.635000 -0.101000
v 0.277000 0.643000 -0.101000
v 0.325000 0.635000 -0.031000
v 0.325000 0.643000 -0.031000
v 0.325000 0.635000 -0.101000
v 0.325000 0.643000 -0.101000
vn -1.0000 -0.0000 -0.0000
vn -0.0000 -0.0000 -1.0000
vn 1.0000 -0.0000 -0.0000
vn -0.0000 -0.0000 1.0000
vn -0.0000 -1.0000 -0.0000
vn -0.0000 1.0000 -0.0000
vt 0.375000 0.000000
vt 0.625000 0.000000
vt 0.625000 0.250000
vt 0.375000 0.250000
vt 0.625000 0.500000
vt 0.375000 0.500000
vt 0.625000 0.750000
vt 0.375000 0.750000
vt 0.625000 1.000000
vt 0.375000 1.000000
vt 0.125000 0.500000
vt 0.125000 0.750000
vt 0.875000 0.500000
vt 0.875000 0.750000
s 0
usemtl Table_5_Chair_1_Back_mat.043
f 4961/4179/1407 4962/4180/1407 4964/4181/1407 4963/4182/1407
f 4963/4182/1408 4964/4181/1408 4968/4183/1408 4967/4184/1408
f 4967/4184/1409 4968/4183/1409 4966/4185/1409 4965/4186/1409
f 4965/4186/1410 4966/4185/1410 4962/4187/1410 4961/4188/1410
f 4963/4189/1411 4967/4184/1411 4965/4186/1411 4961/4190/1411
f 4968/4183/1412 4964/4191/1412 4962/4192/1412 4966/4185/1412
o Table_5_Chair_2_Seat
v 0.277000 0.404000 -0.019000
v 0.277000 0.452000 -0.019000
v 0.277000 0.404000 -0.041000
v 0.277000 0.452000 -0.041000
v 0.325000 0.404000 -0.019000
v 0.325000 0.452000 -0.019000
v 0.325000 0.404000 -0.041000
v 0.325000 0.452000 -0.041000
vn -1.0000 -0.0000 -0.0000
vn -0.0000 -0.0000 -1.0000
vn 1.0000 -0.0000 -0.0000
vn -0.0000 -0.0000 1.0000
vn -0.0000 -1.0000 -0.0000
vn -0.0000 1.0000 -0.0000
vt 0.375000 0.000000
vt 0.625000 0.000000
vt 0.625000 0.250000
vt 0.375000 0.250000
vt 0.625000 0.500000
vt 0.375000 0.500000
vt 0.625000 0.750000
vt 0.375000 0.750000
vt 0.625000 1.000000
vt 0.375000 1.000000
vt 0.125000 0.500000
vt 0.125000 0.750000
vt 0.875000 0.500000
vt 0.875000 0.750000
s 0
usemtl Table_5_Chair_2_Seat_mat.043
f 4969/4193/1413 4970/4194/1413 4972/4195/1413 4971/4196/1413
f 4971/4196/1414 4972/4195/1414 4976/4197/1414 4975/4198/1414
f 4975/4198/1415 4976/4197/1415 4974/4199/1415 4973/4200/1415
f 4973/4200/1416 4974/4199/1416 4970/4201/1416 4969/4202/1416
f 4971/4203/1417 4975/4198/1417 4973/4200/1417 4969/4204/1417
f 4976/4197/1418 4972/4205/1418 4970/4206/1418 4974/4199/1418
o Table_5_Chair_2_Back
v 0.277000 0.401000 -0.031000
v 0.277000 0.409000 -0.031000
v 0.277000 0.401000 -0.101000
v 0.277000 0.409000 -0.101000
v 0.325000 0.401000 -0.031000
v 0.325000 0.409000 -0.031000
v 0.325000 0.401000 -0.101000
v 0.325000 0.409000 -0.101000
vn -1.0000 -0.0000 -0.0000
vn -0.0000 -0.0000 -1.0000
vn 1.0000 -0.0000 -0.0000
vn -0.0000 -0.0000 1.0000
vn -0.0000 -1.0000 -0.0000
vn -0.0000 1.0000 -0.0000
vt 0.375000 0.000000
vt 0.625000 0.000000
vt 0.625000 0.250000
vt 0.375000 0.250000
vt 0.625000 0.500000
vt 0.375000 0.500000
vt 0.625000 0.750000
vt 0.375000 0.750000
vt 0.625000 1.000000
vt 0.375000 1.000000
vt 0.125000 0.500000
vt 0.125000 0.750000
vt 0.875000 0.500000
vt 0.875000 0.750000
s 0
usemtl Table_5_Chair_2_Back_mat.043
f 4977/4207/1419 4978/4208/1419 4980/4209/1419 4979/4210/1419
f 4979/4210/1420 4980/4209/1420 4984/4211/1420 4983/4212/1420
f 4983/4212/1421 4984/4211/1421 4982/4213/1421 4981/4214/1421
f 4981/4214/1422 4982/4213/1422 4978/4215/1422 4977/4216/1422
f 4979/4217/1423 4983/4212/1423 4981/4214/1423 4977/4218/1423
f 4984/4211/1424 4980/4219/1424 4978/4220/1424 4982/4213/1424
o Table_5_Chair_3_Seat
v 0.371000 0.498000 -0.019000
v 0.371000 0.546000 -0.019000
v 0.371000 0.498000 -0.041000
v 0.371000 0.546000 -0.041000
v 0.419000 0.498000 -0.019000
v 0.419000 0.546000 -0.019000
v 0.419000 0.498000 -0.041000
v 0.419000 0.546000 -0.041000
vn -1.0000 -0.0000 -0.0000
vn -0.0000 -0.0000 -1.0000
vn 1.0000 -0.0000 -0.0000
vn -0.0000 -0.0000 1.0000
vn -0.0000 -1.0000 -0.0000
vn -0.0000 1.0000 -0.0000
vt 0.375000 0.000000
vt 0.625000 0.000000
vt 0.625000 0.250000
vt 0.375000 0.250000
vt 0.625000 0.500000
vt 0.375000 0.500000
vt 0.625000 0.750000
vt 0.375000 0.750000
vt 0.625000 1.000000
vt 0.375000 1.000000
vt 0.125000 0.500000
vt 0.125000 0.750000
vt 0.875000 0.500000
vt 0.875000 0.750000
s 0
usemtl Table_5_Chair_3_Seat_mat.043
f 4985/4221/1425 4986/4222/1425 4988/4223/1425 4987/4224/1425
f 4987/4224/1426 4988/4223/1426 4992/4225/1426 4991/4226/1426
f 4991/4226/1427 4992/4225/1427 4990/4227/1427 4989/4228/1427
f 4989/4228/1428 4990/4227/1428 4986/4229/1428 4985/4230/1428
f 4987/4231/1429 4991/4226/1429 4989/4228/1429 4985/4232/1429
f 4992/4225/1430 4988/4233/1430 4986/4234/1430 4990/4227/1430
o Table_5_Chair_3_Back
v 0.414000 0.498000 -0.031000
v 0.414000 0.546000 -0.031000
v 0.414000 0.498000 -0.101000
v 0.414000 0.546000 -0.101000
v 0.422000 0.498000 -0.031000
v 0.422000 0.546000 -0.031000
v 0.422000 0.498000 -0.101000
v 0.422000 0.546000 -0.101000
vn -1.0000 -0.0000 -0.0000
vn -0.0000 -0.0000 -1.0000
vn 1.0000 -0.0000 -0.0000
vn -0.0000 -0.0000 1.0000
vn -0.0000 -1.0000 -0.0000
vn -0.0000 1.0000 -0.0000
vt 0.375000 0.000000
vt 0.625000 0.000000
vt 0.625000 0.250000
vt 0.375000 0.250000
vt 0.625000 0.500000
vt 0.375000 0.500000
vt 0.625000 0.750000
vt 0.375000 0.750000
vt 0.625000 1.000000
vt 0.375000 1.000000
vt 0.125000 0.500000
vt 0.125000 0.750000
vt 0.875000 0.500000
vt 0.875000 0.750000
s 0
usemtl Table_5_Chair_3_Back_mat.043
f 4993/4235/1431 4994/4236/1431 4996/4237/1431 4995/4238/1431
f 4995/4238/1432 4996/4237/1432 5000/4239/1432 4999/4240/1432
f 4999/4240/1433 5000/4239/1433 4998/4241/1433 4997/4242/1433
f 4997/4242/1434 4998/4241/1434 4994/4243/1434 4993/4244/1434
f 4995/4245/1435 4999/4240/1435 4997/4242/1435 4993/4246/1435
f 5000/4239/1436 4996/4247/1436 4994/4248/1436 4998/4241/1436
o Table_5_Chair_4_Seat
v 0.183000 0.498000 -0.019000
v 0.183000 0.546000 -0.019000
v 0.183000 0.498000 -0.041000
v 0.183000 0.546000 -0.041000
v 0.231000 0.498000 -0.019000
v 0.231000 0.546000 -0.019000
v 0.231000 0.498000 -0.041000
v 0.231000 0.546000 -0.041000
vn -1.0000 -0.0000 -0.0000
vn -0.0000 -0.0000 -1.0000
vn 1.0000 -0.0000 -0.0000
vn -0.0000 -0.0000 1.0000
vn -0.0000 -1.0000 -0.0000
vn -0.0000 1.0000 -0.0000
vt 0.375000 0.000000
vt 0.625000 0.000000
vt 0.625000 0.250000
vt 0.375000 0.250000
vt 0.625000 0.500000
vt 0.375000 0.500000
vt 0.625000 0.750000
vt 0.375000 0.750000
vt 0.625000 1.000000
vt 0.375000 1.000000
vt 0.125000 0.500000
vt 0.125000 0.750000
vt 0.875000 0.500000
vt 0.875000 0.750000
s 0
usemtl Table_5_Chair_4_Seat_mat.043
f 5001/4249/1437 5002/4250/1437 5004/4251/1437 5003/4252/1437
f 5003/4252/1438 5004/4251/1438 5008/4253/1438 5007/4254/1438
f 5007/4254/1439 5008/4253/1439 5006/4255/1439 5005/4256/1439
f 5005/4256/1440 5006/4255/1440 5002/4257/1440 5001/4258/1440
f 5003/4259/1441 5007/4254/1441 5005/4256/1441 5001/4260/1441
f 5008/4253/1442 5004/4261/1442 5002/4262/1442 5006/4255/1442
o Table_5_Chair_4_Back
v 0.180000 0.498000 -0.031000
v 0.180000 0.546000 -0.031000
v 0.180000 0.498000 -0.101000
v 0.180000 0.546000 -0.101000
v 0.188000 0.498000 -0.031000
v 0.188000 0.546000 -0.031000
v 0.188000 0.498000 -0.101000
v 0.188000 0.546000 -0.101000
vn -1.0000 -0.0000 -0.0000
vn -0.0000 -0.0000 -1.0000
vn 1.0000 -0.0000 -0.0000
vn -0.0000 -0.0000 1.0000
vn -0.0000 -1.0000 -0.0000
vn -0.0000 1.0000 -0.0000
vt 0.375000 0.000000
vt 0.625000 0.000000
vt 0.625000 0.250000
vt 0.375000 0.250000
vt 0.625000 0.500000
vt 0.375000 0.500000
vt 0.625000 0.750000
vt 0.375000 0.750000
vt 0.625000 1.000000
vt 0.375000 1.000000
vt 0.125000 0.500000
vt 0.125000 0.750000
vt 0.875000 0.500000
vt 0.875000 0.750000
s 0
usemtl Table_5_Chair_4_Back_mat.043
f 5009/4263/1443 5010/4264/1443 5012/4265/1443 5011/4266/1443
f 5011/4266/1444 5012/4265/1444 5016/4267/1444 5015/4268/1444
f 5015/4268/1445 5016/4267/1445 5014/4269/1445 5013/4270/1445
f 5013/4270/1446 5014/4269/1446 5010/4271/1446 5009/4272/1446
f 5011/4273/1447 5015/4268/1447 5013/4270/1447 5009/4274/1447
f 5016/4267/1448 5012/4275/1448 5010/4276/1448 5014/4269/1448
o Table_5_Call_Light
v 0.301000 0.535200 -0.067800
v 0.301000 0.535200 -0.058200
v 0.303575 0.534946 -0.067800
v 0.303575 0.534946 -0.058200
v 0.306051 0.534195 -0.067800
v 0.306051 0.534195 -0.058200
v 0.308334 0.532975 -0.067800
v 0.308334 0.532975 -0.058200
v 0.310334 0.531334 -0.067800
v 0.310334 0.531334 -0.058200
v 0.311975 0.529334 -0.067800
v 0.311975 0.529334 -0.058200
v 0.313195 0.527051 -0.067800
v 0.313195 0.527051 -0.058200
v 0.313946 0.524575 -0.067800
v 0.313946 0.524575 -0.058200
v 0.314200 0.522000 -0.067800
v 0.314200 0.522000 -0.058200
v 0.313946 0.519425 -0.067800
v 0.313946 0.519425 -0.058200
v 0.313195 0.516949 -0.067800
v 0.313195 0.516949 -0.058200
v 0.311975 0.514666 -0.067800
v 0.311975 0.514666 -0.058200
v 0.310334 0.512666 -0.067800
v 0.310334 0.512666 -0.058200
v 0.308334 0.511025 -0.067800
v 0.308334 0.511025 -0.058200
v 0.306051 0.509805 -0.067800
v 0.306051 0.509805 -0.058200
v 0.303575 0.509054 -0.067800
v 0.303575 0.509054 -0.058200
v 0.301000 0.508800 -0.067800
v 0.301000 0.508800 -0.058200
v 0.298425 0.509054 -0.067800
v 0.298425 0.509054 -0.058200
v 0.295949 0.509805 -0.067800
v 0.295949 0.509805 -0.058200
v 0.293666 0.511025 -0.067800
v 0.293666 0.511025 -0.058200
v 0.291666 0.512666 -0.067800
v 0.291666 0.512666 -0.058200
v 0.290025 0.514666 -0.067800
v 0.290025 0.514666 -0.058200
v 0.288805 0.516949 -0.067800
v 0.288805 0.516949 -0.058200
v 0.288054 0.519425 -0.067800
v 0.288054 0.519425 -0.058200
v 0.287800 0.522000 -0.067800
v 0.287800 0.522000 -0.058200
v 0.288054 0.524575 -0.067800
v 0.288054 0.524575 -0.058200
v 0.288805 0.527051 -0.067800
v 0.288805 0.527051 -0.058200
v 0.290025 0.529334 -0.067800
v 0.290025 0.529334 -0.058200
v 0.291666 0.531334 -0.067800
v 0.291666 0.531334 -0.058200
v 0.293666 0.532975 -0.067800
v 0.293666 0.532975 -0.058200
v 0.295949 0.534195 -0.067800
v 0.295949 0.534195 -0.058200
v 0.298425 0.534946 -0.067800
v 0.298425 0.534946 -0.058200
vn 0.0980 0.9952 -0.0000
vn 0.2903 0.9569 -0.0000
vn 0.4714 0.8819 -0.0000
vn 0.6344 0.7730 -0.0000
vn 0.7730 0.6344 -0.0000
vn 0.8819 0.4714 -0.0000
vn 0.9569 0.2903 -0.0000
vn 0.9952 0.0980 -0.0000
vn 0.9952 -0.0980 -0.0000
vn 0.9569 -0.2903 -0.0000
vn 0.8819 -0.4714 -0.0000
vn 0.7730 -0.6344 -0.0000
vn 0.6344 -0.7730 -0.0000
vn 0.4714 -0.8819 -0.0000
vn 0.2903 -0.9569 -0.0000
vn 0.0980 -0.9952 -0.0000
vn -0.0980 -0.9952 -0.0000
vn -0.2903 -0.9569 -0.0000
vn -0.4714 -0.8819 -0.0000
vn -0.6344 -0.7730 -0.0000
vn -0.7730 -0.6344 -0.0000
vn -0.8819 -0.4714 -0.0000
vn -0.9569 -0.2903 -0.0000
vn -0.9952 -0.0980 -0.0000
vn -0.9952 0.0980 -0.0000
vn -0.9569 0.2903 -0.0000
vn -0.8819 0.4714 -0.0000
vn -0.7730 0.6344 -0.0000
vn -0.6344 0.7730 -0.0000
vn -0.4714 0.8819 -0.0000
vn -0.0000 -0.0000 1.0000
vn -0.2903 0.9569 -0.0000
vn -0.0980 0.9952 -0.0000
vn -0.0000 -0.0000 -1.0000
vt 1.000000 0.500000
vt 1.000000 1.000000
vt 0.968750 1.000000
vt 0.968750 0.500000
vt 0.937500 1.000000
vt 0.937500 0.500000
vt 0.906250 1.000000
vt 0.906250 0.500000
vt 0.875000 1.000000
vt 0.875000 0.500000
vt 0.843750 1.000000
vt 0.843750 0.500000
vt 0.812500 1.000000
vt 0.812500 0.500000
vt 0.781250 1.000000
vt 0.781250 0.500000
vt 0.750000 1.000000
vt 0.750000 0.500000
vt 0.718750 1.000000
vt 0.718750 0.500000
vt 0.687500 1.000000
vt 0.687500 0.500000
vt 0.656250 1.000000
vt 0.656250 0.500000
vt 0.625000 1.000000
vt 0.625000 0.500000
vt 0.593750 1.000000
vt 0.593750 0.500000
vt 0.562500 1.000000
vt 0.562500 0.500000
vt 0.531250 1.000000
vt 0.531250 0.500000
vt 0.500000 1.000000
vt 0.500000 0.500000
vt 0.468750 1.000000
vt 0.468750 0.500000
vt 0.437500 1.000000
vt 0.437500 0.500000
vt 0.406250 1.000000
vt 0.406250 0.500000
vt 0.375000 1.000000
vt 0.375000 0.500000
vt 0.343750 1.000000
vt 0.343750 0.500000
vt 0.312500 1.000000
vt 0.312500 0.500000
vt 0.281250 1.000000
vt 0.281250 0.500000
vt 0.250000 1.000000
vt 0.250000 0.500000
vt 0.218750 1.000000
vt 0.218750 0.500000
vt 0.187500 1.000000
vt 0.187500 0.500000
vt 0.156250 1.000000
vt 0.156250 0.500000
vt 0.125000 1.000000
vt 0.125000 0.500000
vt 0.093750 1.000000
vt 0.093750 0.500000
vt 0.062500 1.000000
vt 0.062500 0.500000
vt 0.296822 0.485388
vt 0.250000 0.490000
vt 0.203178 0.485388
vt 0.158156 0.471731
vt 0.116663 0.449553
vt 0.080294 0.419706
vt 0.050447 0.383337
vt 0.028269 0.341844
vt 0.014612 0.296822
vt 0.010000 0.250000
vt 0.014612 0.203178
vt 0.028269 0.158156
vt 0.050447 0.116663
vt 0.080294 0.080294
vt 0.116663 0.050447
vt 0.158156 0.028269
vt 0.203178 0.014612
vt 0.250000 0.010000
vt 0.296822 0.014612
vt 0.341844 0.028269
vt 0.383337 0.050447
vt 0.419706 0.080294
vt 0.449553 0.116663
vt 0.471731 0.158156
vt 0.485388 0.203178
vt 0.490000 0.250000
vt 0.485388 0.296822
vt 0.471731 0.341844
vt 0.449553 0.383337
vt 0.419706 0.419706
vt 0.383337 0.449553
vt 0.341844 0.471731
vt 0.031250 1.000000
vt 0.031250 0.500000
vt 0.000000 1.000000
vt 0.000000 0.500000
vt 0.750000 0.490000
vt 0.796822 0.485388
vt 0.841844 0.471731
vt 0.883337 0.449553
vt 0.919706 0.419706
vt 0.949553 0.383337
vt 0.971731 0.341844
vt 0.985388 0.296822
vt 0.990000 0.250000
vt 0.985388 0.203178
vt 0.971731 0.158156
vt 0.949553 0.116663
vt 0.919706 0.080294
vt 0.883337 0.050447
vt 0.841844 0.028269
vt 0.796822 0.014612
vt 0.750000 0.010000
vt 0.703178 0.014612
vt 0.658156 0.028269
vt 0.616663 0.050447
vt 0.580294 0.080294
vt 0.550447 0.116663
vt 0.528269 0.158156
vt 0.514612 0.203178
vt 0.510000 0.250000
vt 0.514612 0.296822
vt 0.528269 0.341844
vt 0.550447 0.383337
vt 0.580294 0.419706
vt 0.616663 0.449553
vt 0.658156 0.471731
vt 0.703178 0.485388
s 0
usemtl Table_5_Call_Light_mat.043
f 5017/4277/1449 5018/4278/1449 5020/4279/1449 5019/4280/1449
f 5019/4280/1450 5020/4279/1450 5022/4281/1450 5021/4282/1450
f 5021/4282/1451 5022/4281/1451 5024/4283/1451 5023/4284/1451
f 5023/4284/1452 5024/4283/1452 5026/4285/1452 5025/4286/1452
f 5025/4286/1453 5026/4285/1453 5028/4287/1453 5027/4288/1453
f 5027/4288/1454 5028/4287/1454 5030/4289/1454 5029/4290/1454
f 5029/4290/1455 5030/4289/1455 5032/4291/1455 5031/4292/1455
f 5031/4292/1456 5032/4291/1456 5034/4293/1456 5033/4294/1456
f 5033/4294/1457 5034/4293/1457 5036/4295/1457 5035/4296/1457
f 5035/4296/1458 5036/4295/1458 5038/4297/1458 5037/4298/1458
f 5037/4298/1459 5038/4297/1459 5040/4299/1459 5039/4300/1459
f 5039/4300/1460 5040/4299/1460 5042/4301/1460 5041/4302/1460
f 5041/4302/1461 5042/4301/1461 5044/4303/1461 5043/4304/1461
f 5043/4304/1462 5044/4303/1462 5046/4305/1462 5045/4306/1462
f 5045/4306/1463 5046/4305/1463 5048/4307/1463 5047/4308/1463
f 5047/4308/1464 5048/4307/1464 5050/4309/1464 5049/4310/1464
f 5049/4310/1465 5050/4309/1465 5052/4311/1465 5051/4312/1465
f 5051/4312/1466 5052/4311/1466 5054/4313/1466 5053/4314/1466
f 5053/4314/1467 5054/4313/1467 5056/4315/1467 5055/4316/1467
f 5055/4316/1468 5056/4315/1468 5058/4317/1468 5057/4318/1468
f 5057/4318/1469 5058/4317/1469 5060/4319/1469 5059/4320/1469
f 5059/4320/1470 5060/4319/1470 5062/4321/1470 5061/4322/1470
f 5061/4322/1471 5062/4321/1471 5064/4323/1471 5063/4324/1471
f 5063/4324/1472 5064/4323/1472 5066/4325/1472 5065/4326/1472
f 5065/4326/1473 5066/4325/1473 5068/4327/1473 5067/4328/1473
f 5067/4328/1474 5068/4327/1474 5070/4329/1474 5069/4330/1474
f 5069/4330/1475 5070/4329/1475 5072/4331/1475 5071/4332/1475
f 5071/4332/1476 5072/4331/1476 5074/4333/1476 5073/4334/1476
f 5073/4334/1477 5074/4333/1477 5076/4335/1477 5075/4336/1477
f 5075/4336/1478 5076/4335/1478 5078/4337/1478 5077/4338/1478
f 5020/4339/1479 5018/4340/1479 5080/4341/1479 5078/4342/1479 5076/4343/1479 5074/4344/1479 5072/4345/1479 5070/4346/1479 5068/4347/1479 5066/4348/1479 5064/4349/1479 5062/4350/1479 5060/4351/1479 5058/4352/1479 5056/4353/1479 5054/4354/1479 5052/4355/1479 5050/4356/1479 5048/4357/1479 5046/4358/1479 5044/4359/1479 5042/4360/1479 5040/4361/1479 5038/4362/1479 5036/4363/1479 5034/4364/1479 5032/4365/1479 5030/4366/1479 5028/4367/1479 5026/4368/1479 5024/4369/1479 5022/4370/1479
f 5077/4338/1480 5078/4337/1480 5080/4371/1480 5079/4372/1480
f 5079/4372/1481 5080/4371/1481 5018/4373/1481 5017/4374/1481
f 5017/4375/1482 5019/4376/1482 5021/4377/1482 5023/4378/1482 5025/4379/1482 5027/4380/1482 5029/4381/1482 5031/4382/1482 5033/4383/1482 5035/4384/1482 5037/4385/1482 5039/4386/1482 5041/4387/1482 5043/4388/1482 5045/4389/1482 5047/4390/1482 5049/4391/1482 5051/4392/1482 5053/4393/1482 5055/4394/1482 5057/4395/1482 5059/4396/1482 5061/4397/1482 5063/4398/1482 5065/4399/1482 5067/4400/1482 5069/4401/1482 5071/4402/1482 5073/4403/1482 5075/4404/1482 5077/4405/1482 5079/4406/1482
o Table_5_Label
v 0.305356 0.522300 -0.083292
v 0.305356 0.522300 -0.080214
v 0.306026 0.522300 -0.080216
v 0.306649 0.522300 -0.080142
v 0.307223 0.522300 -0.079999
v 0.307745 0.522300 -0.079791
v 0.308214 0.522300 -0.079523
v 0.308627 0.522300 -0.079199
v 0.308983 0.522300 -0.078825
v 0.309279 0.522300 -0.078405
v 0.309512 0.522300 -0.077943
v 0.309682 0.522300 -0.077446
v 0.309785 0.522300 -0.076917
v 0.309820 0.522300 -0.076362
v 0.309785 0.522300 -0.075808
v 0.309684 0.522300 -0.075284
v 0.309519 0.522300 -0.074792
v 0.309295 0.522300 -0.074337
v 0.309016 0.522300 -0.073921
v 0.308684 0.522300 -0.073550
v 0.308304 0.522300 -0.073225
v 0.307879 0.522300 -0.072951
v 0.307413 0.522300 -0.072732
v 0.306910 0.522300 -0.072571
v 0.306373 0.522300 -0.072472
v 0.305806 0.522300 -0.072438
v 0.305545 0.522300 -0.072443
v 0.305291 0.522300 -0.072457
v 0.305043 0.522300 -0.072480
v 0.304800 0.522300 -0.072514
v 0.304560 0.522300 -0.072558
v 0.304321 0.522300 -0.072614
v 0.304082 0.522300 -0.072680
v 0.303842 0.522300 -0.072758
v 0.303599 0.522300 -0.072848
v 0.303351 0.522300 -0.072951
v 0.303097 0.522300 -0.073066
v 0.302836 0.522300 -0.073194
v 0.302836 0.522300 -0.075012
v 0.303057 0.522300 -0.074870
v 0.303278 0.522300 -0.074739
v 0.303501 0.522300 -0.074621
v 0.303723 0.522300 -0.074515
v 0.303947 0.522300 -0.074421
v 0.304170 0.522300 -0.074339
v 0.304394 0.522300 -0.074270
v 0.304619 0.522300 -0.074213
v 0.304843 0.522300 -0.074169
v 0.305068 0.522300 -0.074137
v 0.305293 0.522300 -0.074118
v 0.305518 0.522300 -0.074112
v 0.305859 0.522300 -0.074133
v 0.306187 0.522300 -0.074192
v 0.306499 0.522300 -0.074288
v 0.306792 0.522300 -0.074418
v 0.307062 0.522300 -0.074578
v 0.307307 0.522300 -0.074767
v 0.307522 0.522300 -0.074980
v 0.307706 0.522300 -0.075216
v 0.307854 0.522300 -0.075471
v 0.307964 0.522300 -0.075743
v 0.308033 0.522300 -0.076029
v 0.308056 0.522300 -0.076326
v 0.308023 0.522300 -0.076710
v 0.307925 0.522300 -0.077075
v 0.307763 0.522300 -0.077415
v 0.307541 0.522300 -0.077726
v 0.307258 0.522300 -0.078001
v 0.306917 0.522300 -0.078236
v 0.306521 0.522300 -0.078425
v 0.306069 0.522300 -0.078562
v 0.305565 0.522300 -0.078642
v 0.305010 0.522300 -0.078660
v 0.304406 0.522300 -0.078610
v 0.303754 0.522300 -0.078486
v 0.303754 0.522300 -0.084876
v 0.309208 0.522300 -0.084876
v 0.309208 0.522300 -0.083292
v 0.297382 0.522300 -0.083292
v 0.297382 0.522300 -0.072600
v 0.295618 0.522300 -0.072600
v 0.295618 0.522300 -0.083292
v 0.291370 0.522300 -0.083292
v 0.291370 0.522300 -0.084876
v 0.301630 0.522300 -0.084876
v 0.301630 0.522300 -0.083292
v 0.305356 0.521700 -0.083292
v 0.305356 0.521700 -0.080214
v 0.306026 0.521700 -0.080216
v 0.306649 0.521700 -0.080142
v 0.307223 0.521700 -0.079999
v 0.307745 0.521700 -0.079791
v 0.308214 0.521700 -0.079523
v 0.308627 0.521700 -0.079199
v 0.308983 0.521700 -0.078825
v 0.309279 0.521700 -0.078405
v 0.309512 0.521700 -0.077943
v 0.309682 0.521700 -0.077446
v 0.309785 0.521700 -0.076917
v 0.309820 0.521700 -0.076362
v 0.309785 0.521700 -0.075808
v 0.309684 0.521700 -0.075284
v 0.309519 0.521700 -0.074792
v 0.309295 0.521700 -0.074337
v 0.309016 0.521700 -0.073921
v 0.308684 0.521700 -0.073550
v 0.308304 0.521700 -0.073225
v 0.307879 0.521700 -0.072951
v 0.307413 0.521700 -0.072732
v 0.306910 0.521700 -0.072571
v 0.306373 0.521700 -0.072472
v 0.305806 0.521700 -0.072438
v 0.305545 0.521700 -0.072443
v 0.305291 0.521700 -0.072457
v 0.305043 0.521700 -0.072480
v 0.304800 0.521700 -0.072514
v 0.304560 0.521700 -0.072558
v 0.304321 0.521700 -0.072614
v 0.304082 0.521700 -0.072680
v 0.303842 0.521700 -0.072758
v 0.303599 0.521700 -0.072848
v 0.303351 0.521700 -0.072951
v 0.303097 0.521700 -0.073066
v 0.302836 0.521700 -0.073194
v 0.302836 0.521700 -0.075012
v 0.303057 0.521700 -0.074870
v 0.303278 0.521700 -0.074739
v 0.303501 0.521700 -0.074621
v 0.303723 0.521700 -0.074515
v 0.303947 0.521700 -0.074421
v 0.304170 0.521700 -0.074339
v 0.304394 0.521700 -0.074270
v 0.304619 0.521700 -0.074213
v 0.304843 0.521700 -0.074169
v 0.305068 0.521700 -0.074137
v 0.305293 0.521700 -0.074118
v 0.305518 0.521700 -0.074112
v 0.305859 0.521700 -0.074133
v 0.306187 0.521700 -0.074192
v 0.306499 0.521700 -0.074288
v 0.306792 0.521700 -0.074418
v 0.307062 0.521700 -0.074578
v 0.307307 0.521700 -0.074767
v 0.307522 0.521700 -0.074980
v 0.307706 0.521700 -0.075216
v 0.307854 0.521700 -0.075471
v 0.307964 0.521700 -0.075743
v 0.308033 0.521700 -0.076029
v 0.308056 0.521700 -0.076326
v 0.308023 0.521700 -0.076710
v 0.307925 0.521700 -0.077075
v 0.307763 0.521700 -0.077415
v 0.307541 0.521700 -0.077726
v 0.307258 0.521700 -0.078001
v 0.306917 0.521700 -0.078236
v 0.306521 0.521700 -0.078425
v 0.306069 0.521700 -0.078562
v 0.305565 0.521700 -0.078642
v 0.305010 0.521700 -0.078660
v 0.304406 0.521700 -0.078610
v 0.303754 0.521700 -0.078486
v 0.303754 0.521700 -0.084876
v 0.309208 0.521700 -0.084876
v 0.309208 0.521700 -0.083292
v 0.297382 0.521700 -0.083292
v 0.297382 0.521700 -0.072600
v 0.295618 0.521700 -0.072600
v 0.295618 0.521700 -0.083292
v 0.291370 0.521700 -0.083292
v 0.291370 0.521700 -0.084876
v 0.301630 0.521700 -0.084876
v 0.301630 0.521700 -0.083292
v 0.297382 0.521700 -0.083292
v 0.297382 0.522300 -0.083292
v 0.297382 0.521700 -0.072600
v 0.297382 0.522300 -0.072600
v 0.295618 0.521700 -0.072600
v 0.295618 0.522300 -0.072600
v 0.295618 0.521700 -0.083292
v 0.295618 0.522300 -0.083292
v 0.291370 0.521700 -0.083292
v 0.291370 0.522300 -0.083292
v 0.291370 0.521700 -0.084876
v 0.291370 0.522300 -0.084876
v 0.301630 0.521700 -0.084876
v 0.301630 0.522300 -0.084876
v 0.301630 0.521700 -0.083292
v 0.301630 0.522300 -0.083292
v 0.305356 0.521700 -0.083292
v 0.305356 0.522300 -0.083292
v 0.305356 0.521700 -0.080214
v 0.305356 0.522300 -0.080214
v 0.306026 0.521700 -0.080216
v 0.306026 0.522300 -0.080216
v 0.306649 0.521700 -0.080142
v 0.306649 0.522300 -0.080142
v 0.307223 0.521700 -0.079999
v 0.307223 0.522300 -0.079999
v 0.307745 0.521700 -0.079791
v 0.307745 0.522300 -0.079791
v 0.308214 0.521700 -0.079523
v 0.308214 0.522300 -0.079523
v 0.308627 0.521700 -0.079199
v 0.308627 0.522300 -0.079199
v 0.308983 0.521700 -0.078825
v 0.308983 0.522300 -0.078825
v 0.309279 0.521700 -0.078405
v 0.309279 0.522300 -0.078405
v 0.309512 0.521700 -0.077943
v 0.309512 0.522300 -0.077943
v 0.309682 0.521700 -0.077446
v 0.309682 0.522300 -0.077446
v 0.309785 0.521700 -0.076917
v 0.309785 0.522300 -0.076917
v 0.309820 0.521700 -0.076362
v 0.309820 0.522300 -0.076362
v 0.309785 0.521700 -0.075808
v 0.309785 0.522300 -0.075808
v 0.309684 0.521700 -0.075284
v 0.309684 0.522300 -0.075284
v 0.309519 0.521700 -0.074792
v 0.309519 0.522300 -0.074792
v 0.309295 0.521700 -0.074337
v 0.309295 0.522300 -0.074337
v 0.309016 0.521700 -0.073921
v 0.309016 0.522300 -0.073921
v 0.308684 0.521700 -0.073550
v 0.308684 0.522300 -0.073550
v 0.308304 0.521700 -0.073225
v 0.308304 0.522300 -0.073225
v 0.307879 0.521700 -0.072951
v 0.307879 0.522300 -0.072951
v 0.307413 0.521700 -0.072732
v 0.307413 0.522300 -0.072732
v 0.306910 0.521700 -0.072571
v 0.306910 0.522300 -0.072571
v 0.306373 0.521700 -0.072472
v 0.306373 0.522300 -0.072472
v 0.305806 0.521700 -0.072438
v 0.305806 0.522300 -0.072438
v 0.305545 0.521700 -0.072443
v 0.305545 0.522300 -0.072443
v 0.305291 0.521700 -0.072457
v 0.305291 0.522300 -0.072457
v 0.305043 0.521700 -0.072480
v 0.305043 0.522300 -0.072480
v 0.304800 0.521700 -0.072514
v 0.304800 0.522300 -0.072514
v 0.304560 0.521700 -0.072558
v 0.304560 0.522300 -0.072558
v 0.304321 0.521700 -0.072614
v 0.304321 0.522300 -0.072614
v 0.304082 0.521700 -0.072680
v 0.304082 0.522300 -0.072680
v 0.303842 0.521700 -0.072758
v 0.303842 0.522300 -0.072758
v 0.303599 0.521700 -0.072848
v 0.303599 0.522300 -0.072848
v 0.303351 0.521700 -0.072951
v 0.303351 0.522300 -0.072951
v 0.303097 0.521700 -0.073066
v 0.303097 0.522300 -0.073066
v 0.302836 0.521700 -0.073194
v 0.302836 0.522300 -0.073194
v 0.302836 0.521700 -0.075012
v 0.302836 0.522300 -0.075012
v 0.303057 0.521700 -0.074870
v 0.303057 0.522300 -0.074870
v 0.303278 0.521700 -0.074739
v 0.303278 0.522300 -0.074739
v 0.303501 0.521700 -0.074621
v 0.303501 0.522300 -0.074621
v 0.303723 0.521700 -0.074515
v 0.303723 0.522300 -0.074515
v 0.303947 0.521700 -0.074421
v 0.303947 0.522300 -0.074421
v 0.304170 0.521700 -0.074339
v 0.304170 0.522300 -0.074339
v 0.304394 0.521700 -0.074270
v 0.304394 0.522300 -0.074270
v 0.304619 0.521700 -0.074213
v 0.304619 0.522300 -0.074213
v 0.304843 0.521700 -0.074169
v 0.304843 0.522300 -0.074169
v 0.305068 0.521700 -0.074137
v 0.305068 0.522300 -0.074137
v 0.305293 0.521700 -0.074118
v 0.305293 0.522300 -0.074118
v 0.305518 0.521700 -0.074112
v 0.305518 0.522300 -0.074112
v 0.305859 0.521700 -0.074133
v 0.305859 0.522300 -0.074133
v 0.306187 0.521700 -0.074192
v 0.306187 0.522300 -0.074192
v 0.306499 0.521700 -0.074288
v 0.306499 0.522300 -0.074288
v 0.306792 0.521700 -0.074418
v 0.306792 0.522300 -0.074418
v 0.307062 0.521700 -0.074578
v 0.307062 0.522300 -0.074578
v 0.307307 0.521700 -0.074767
v 0.307307 0.522300 -0.074767
v 0.307522 0.521700 -0.074980
v 0.307522 0.522300 -0.074980
v 0.307706 0.521700 -0.075216
v 0.307706 0.522300 -0.075216
v 0.307854 0.521700 -0.075471
v 0.307854 0.522300 -0.075471
v 0.307964 0.521700 -0.075743
v 0.307964 0.522300 -0.075743
v 0.308033 0.521700 -0.076029
v 0.308033 0.522300 -0.076029
v 0.308056 0.521700 -0.076326
v 0.308056 0.522300 -0.076326
v 0.308023 0.521700 -0.076710
v 0.308023 0.522300 -0.076710
v 0.307925 0.521700 -0.077075
v 0.307925 0.522300 -0.077075
v 0.307763 0.521700 -0.077415
v 0.307763 0.522300 -0.077415
v 0.307541 0.521700 -0.077726
v 0.307541 0.522300 -0.077726
v 0.307258 0.521700 -0.078001
v 0.307258 0.522300 -0.078001
v 0.306917 0.521700 -0.078236
v 0.306917 0.522300 -0.078236
v 0.306521 0.521700 -0.078425
v 0.306521 0.522300 -0.078425
v 0.306069 0.521700 -0.078562
v 0.306069 0.522300 -0.078562
v 0.305565 0.521700 -0.078642
v 0.305565 0.522300 -0.078642
v 0.305010 0.521700 -0.078660
v 0.305010 0.522300 -0.078660
v 0.304406 0.521700 -0.078610
v 0.304406 0.522300 -0.078610
v 0.303754 0.521700 -0.078486
v 0.303754 0.522300 -0.078486
v 0.303754 0.521700 -0.084876
v 0.303754 0.522300 -0.084876
v 0.309208 0.521700 -0.084876
v 0.309208 0.522300 -0.084876
v 0.309208 0.521700 -0.083292
v 0.309208 0.522300 -0.083292
vn -0.0000 1.0000 -0.0000
vn -0.0000 -1.0000 -0.0000
vn 0.7071 -0.0000 0.7071
vn -0.7071 -0.0000 0.7071
vn -0.7071 -0.0000 -0.7071
vn 0.7071 -0.0000 -0.7071
vn 0.7063 -0.0000 -0.7079
vn 0.0572 -0.0000 -0.9984
vn 0.1796 -0.0000 -0.9837
vn 0.3066 -0.0000 -0.9518
vn 0.4344 -0.0000 -0.9007
vn 0.5581 -0.0000 -0.8297
vn 0.6727 -0.0000 -0.7399
vn 0.7736 -0.0000 -0.6337
vn 0.8572 -0.0000 -0.5150
vn 0.9216 -0.0000 -0.3882
vn 0.9662 -0.0000 -0.2577
vn 0.9918 -0.0000 -0.1275
vn 1.0000 -0.0000 -0.0001
vn 0.9920 -0.0000 0.1264
vn 0.9672 -0.0000 0.2542
vn 0.9249 -0.0000 0.3802
vn 0.8654 -0.0000 0.5011
vn 0.7896 -0.0000 0.6137
vn 0.6992 -0.0000 0.7149
vn 0.5967 -0.0000 0.8025
vn 0.4846 -0.0000 0.8747
vn 0.3660 -0.0000 0.9306
vn 0.2438 -0.0000 0.9698
vn 0.1210 -0.0000 0.9927
vn 0.0211 -0.0000 0.9998
vn -0.0362 -0.0000 0.9993
vn -0.0750 -0.0000 0.9972
vn -0.1165 -0.0000 0.9932
vn -0.1596 -0.0000 0.9872
vn -0.2033 -0.0000 0.9791
vn -0.2467 -0.0000 0.9691
vn -0.2886 -0.0000 0.9574
vn -0.3282 -0.0000 0.9446
vn -0.3647 -0.0000 0.9311
vn -0.3978 -0.0000 0.9175
vn -0.4271 -0.0000 0.9042
vn -0.8488 -0.0000 0.5288
vn -0.4785 -0.0000 -0.8781
vn 0.5248 -0.0000 -0.8512
vn 0.4888 -0.0000 -0.8724
vn 0.4502 -0.0000 -0.8930
vn 0.4090 -0.0000 -0.9126
vn 0.3652 -0.0000 -0.9309
vn 0.3189 -0.0000 -0.9478
vn 0.2702 -0.0000 -0.9628
vn 0.2193 -0.0000 -0.9757
vn 0.1665 -0.0000 -0.9860
vn 0.1120 -0.0000 -0.9937
vn 0.0564 -0.0000 -0.9984
vn -0.0159 -0.0000 -0.9999
vn -0.1198 -0.0000 -0.9928
vn -0.2371 -0.0000 -0.9715
vn -0.3503 -0.0000 -0.9367
vn -0.4585 -0.0000 -0.8887
vn -0.5613 -0.0000 -0.8276
vn -0.6581 -0.0000 -0.7529
vn -0.7478 -0.0000 -0.6639
vn -0.8287 -0.0000 -0.5597
vn -0.8982 -0.0000 -0.4397
vn -0.9526 -0.0000 -0.3044
vn -0.9878 -0.0000 -0.1560
vn -1.0000 -0.0000 0.0035
vn -0.9849 -0.0000 0.1734
vn -0.9385 -0.0000 0.3453
vn -0.8616 -0.0000 0.5075
vn -0.7583 -0.0000 0.6519
vn -0.6351 -0.0000 0.7725
vn -0.5001 -0.0000 0.8660
vn -0.3610 -0.0000 0.9326
vn -0.2243 -0.0000 0.9745
vn -0.0945 -0.0000 0.9955
vn 0.0256 -0.0000 0.9997
vn 0.1347 -0.0000 0.9909
vn -0.6379 -0.0000 0.7701
vt 0.493506 0.000000
vt 0.480519 0.000000
vt 0.506494 0.000000
vt 0.467532 0.000000
vt 0.545455 0.000000
vt 0.532468 0.000000
vt 0.519481 0.000000
vt 0.428571 0.000000
vt 0.415584 0.000000
vt 0.584416 0.000000
vt 0.571429 0.000000
vt 0.441558 0.000000
vt 0.558442 0.000000
vt 0.454545 0.000000
vt 0.350649 0.000000
vt 0.636364 0.000000
vt 0.363636 0.000000
vt 0.623377 0.000000
vt 0.376623 0.000000
vt 0.610390 0.000000
vt 0.649351 0.000000
vt 0.337662 0.000000
vt 0.324675 0.000000
vt 0.662338 0.000000
vt 0.311688 0.000000
vt 0.675325 0.000000
vt 0.909091 0.000000
vt 0.025974 0.000000
vt 0.922078 0.000000
vt 0.012987 0.000000
vt 0.935065 0.000000
vt 0.389610 0.000000
vt 0.402597 0.000000
vt 0.597403 0.000000
vt 0.948052 0.000000
vt 0.961039 0.000000
vt 0.974026 0.000000
vt 0.000000 0.000000
vt 0.883117 0.000000
vt 0.051948 0.000000
vt 0.896104 0.000000
vt 0.038961 0.000000
vt 0.285714 0.000000
vt 0.272727 0.000000
vt 0.701299 0.000000
vt 0.714286 0.000000
vt 0.064935 0.000000
vt 0.194805 0.000000
vt 0.181818 0.000000
vt 0.792208 0.000000
vt 0.805195 0.000000
vt 0.168831 0.000000
vt 0.155844 0.000000
vt 0.818182 0.000000
vt 0.142857 0.000000
vt 0.259740 0.000000
vt 0.727273 0.000000
vt 0.246753 0.000000
vt 0.740260 0.000000
vt 0.233766 0.000000
vt 0.753247 0.000000
vt 0.220779 0.000000
vt 0.766234 0.000000
vt 0.207792 0.000000
vt 0.779221 0.000000
vt 0.831169 0.000000
vt 0.129870 0.000000
vt 0.844156 0.000000
vt 0.116883 0.000000
vt 0.103896 0.000000
vt 0.857143 0.000000
vt 0.090909 0.000000
vt 0.870130 0.000000
vt 0.077922 0.000000
vt 0.298701 0.000000
vt 0.688312 0.000000
vt 1.000000 0.000000
vt 0.987013 0.000000
vt 0.000000 1.000000
vt 0.125000 1.000000
vt 0.125000 0.000000
vt 0.250000 1.000000
vt 0.250000 0.000000
vt 0.375000 1.000000
vt 0.375000 0.000000
vt 0.500000 1.000000
vt 0.500000 0.000000
vt 0.625000 1.000000
vt 0.625000 0.000000
vt 0.750000 1.000000
vt 0.750000 0.000000
vt 0.875000 1.000000
vt 0.875000 0.000000
vt 1.000000 1.000000
vt 0.012821 1.000000
vt 0.012821 0.000000
vt 0.025641 1.000000
vt 0.025641 0.000000
vt 0.038462 1.000000
vt 0.038462 0.000000
vt 0.051282 1.000000
vt 0.051282 0.000000
vt 0.064103 1.000000
vt 0.064103 0.000000
vt 0.076923 1.000000
vt 0.076923 0.000000
vt 0.089744 1.000000
vt 0.089744 0.000000
vt 0.102564 1.000000
vt 0.102564 0.000000
vt 0.115385 1.000000
vt 0.115385 0.000000
vt 0.128205 1.000000
vt 0.128205 0.000000
vt 0.141026 1.000000
vt 0.141026 0.000000
vt 0.153846 1.000000
vt 0.153846 0.000000
vt 0.166667 1.000000
vt 0.166667 0.000000
vt 0.179487 1.000000
vt 0.179487 0.000000
vt 0.192308 1.000000
vt 0.192308 0.000000
vt 0.205128 1.000000
vt 0.205128 0.000000
vt 0.217949 1.000000
vt 0.217949 0.000000
vt 0.230769 1.000000
vt 0.230769 0.000000
vt 0.243590 1.000000
vt 0.243590 0.000000
vt 0.256410 1.000000
vt 0.256410 0.000000
vt 0.269231 1.000000
vt 0.269231 0.000000
vt 0.282051 1.000000
vt 0.282051 0.000000
vt 0.294872 1.000000
vt 0.294872 0.000000
vt 0.307692 1.000000
vt 0.307692 0.000000
vt 0.320513 1.000000
vt 0.320513 0.000000
vt 0.333333 1.000000
vt 0.333333 0.000000
vt 0.346154 1.000000
vt 0.346154 0.000000
vt 0.358974 1.000000
vt 0.358974 0.000000
vt 0.371795 1.000000
vt 0.371795 0.000000
vt 0.384615 1.000000
vt 0.384615 0.000000
vt 0.397436 1.000000
vt 0.397436 0.000000
vt 0.410256 1.000000
vt 0.410256 0.000000
vt 0.423077 1.000000
vt 0.423077 0.000000
vt 0.435897 1.000000
vt 0.435897 0.000000
vt 0.448718 1.000000
vt 0.448718 0.000000
vt 0.461538 1.000000
vt 0.461538 0.000000
vt 0.474359 1.000000
vt 0.474359 0.000000
vt 0.487179 1.000000
vt 0.487179 0.000000
vt 0.512821 1.000000
vt 0.512821 0.000000
vt 0.525641 1.000000
vt 0.525641 0.000000
vt 0.538462 1.000000
vt 0.538462 0.000000
vt 0.551282 1.000000
vt 0.551282 0.000000
vt 0.564103 1.000000
vt 0.564103 0.000000
vt 0.576923 1.000000
vt 0.576923 0.000000
vt 0.589744 1.000000
vt 0.589744 0.000000
vt 0.602564 1.000000
vt 0.602564 0.000000
vt 0.615385 1.000000
vt 0.615385 0.000000
vt 0.628205 1.000000
vt 0.628205 0.000000
vt 0.641026 1.000000
vt 0.641026 0.000000
vt 0.653846 1.000000
vt 0.653846 0.000000
vt 0.666667 1.000000
vt 0.666667 0.000000
vt 0.679487 1.000000
vt 0.679487 0.000000
vt 0.692308 1.000000
vt 0.692308 0.000000
vt 0.705128 1.000000
vt 0.705128 0.000000
vt 0.717949 1.000000
vt 0.717949 0.000000
vt 0.730769 1.000000
vt 0.730769 0.000000
vt 0.743590 1.000000
vt 0.743590 0.000000
vt 0.756410 1.000000
vt 0.756410 0.000000
vt 0.769231 1.000000
vt 0.769231 0.000000
vt 0.782051 1.000000
vt 0.782051 0.000000
vt 0.794872 1.000000
vt 0.794872 0.000000
vt 0.807692 1.000000
vt 0.807692 0.000000
vt 0.820513 1.000000
vt 0.820513 0.000000
vt 0.833333 1.000000
vt 0.833333 0.000000
vt 0.846154 1.000000
vt 0.846154 0.000000
vt 0.858974 1.000000
vt 0.858974 0.000000
vt 0.871795 1.000000
vt 0.871795 0.000000
vt 0.884615 1.000000
vt 0.884615 0.000000
vt 0.897436 1.000000
vt 0.897436 0.000000
vt 0.910256 1.000000
vt 0.910256 0.000000
vt 0.923077 1.000000
vt 0.923077 0.000000
vt 0.935897 1.000000
vt 0.935897 0.000000
vt 0.948718 1.000000
vt 0.948718 0.000000
vt 0.961538 1.000000
vt 0.961538 0.000000
vt 0.974359 1.000000
vt 0.974359 0.000000
vt 0.987179 1.000000
vt 0.987179 0.000000
s 0
usemtl Table_5_Label_mat.043
f 5119/4407/1483 5118/4408/1483 5120/4409/1483
f 5118/4408/1483 5117/4410/1483 5123/4411/1483
f 5123/4411/1483 5122/4412/1483 5118/4408/1483
f 5122/4412/1483 5121/4413/1483 5118/4408/1483
f 5120/4409/1483 5118/4408/1483 5121/4413/1483
f 5114/4414/1483 5113/4415/1483 5126/4416/1483
f 5126/4416/1483 5125/4417/1483 5114/4414/1483
f 5114/4414/1483 5125/4417/1483 5115/4418/1483
f 5125/4417/1483 5124/4419/1483 5115/4418/1483
f 5116/4420/1483 5115/4418/1483 5124/4419/1483
f 5117/4410/1483 5116/4420/1483 5124/4419/1483
f 5123/4411/1483 5117/4410/1483 5124/4419/1483
f 5108/4421/1483 5130/4422/1483 5109/4423/1483
f 5130/4422/1483 5129/4424/1483 5109/4423/1483
f 5110/4425/1483 5109/4423/1483 5129/4424/1483
f 5128/4426/1483 5110/4425/1483 5129/4424/1483
f 5131/4427/1483 5107/4428/1483 5106/4429/1483
f 5106/4429/1483 5132/4430/1483 5131/4427/1483
f 5132/4430/1483 5106/4429/1483 5105/4431/1483
f 5105/4431/1483 5133/4432/1483 5132/4430/1483
f 5151/4433/1483 5083/4434/1483 5152/4435/1483
f 5107/4428/1483 5131/4427/1483 5108/4421/1483
f 5130/4422/1483 5108/4421/1483 5131/4427/1483
f 5082/4436/1483 5153/4437/1483 5152/4435/1483
f 5152/4435/1483 5083/4434/1483 5082/4436/1483
f 5110/4425/1483 5128/4426/1483 5111/4438/1483
f 5112/4439/1483 5111/4438/1483 5128/4426/1483
f 5128/4426/1483 5127/4440/1483 5112/4439/1483
f 5113/4415/1483 5112/4439/1483 5127/4440/1483
f 5126/4416/1483 5113/4415/1483 5127/4440/1483
f 5153/4437/1483 5082/4436/1483 5154/4441/1483
f 5155/4442/1483 5154/4441/1483 5082/4436/1483
f 5156/4443/1483 5155/4442/1483 5082/4436/1483
f 5082/4436/1483 5081/4444/1483 5156/4443/1483
f 5149/4445/1483 5085/4446/1483 5150/4447/1483
f 5084/4448/1483 5150/4447/1483 5085/4446/1483
f 5103/4449/1483 5102/4450/1483 5135/4451/1483
f 5136/4452/1483 5135/4451/1483 5102/4450/1483
f 5085/4446/1483 5149/4445/1483 5086/4453/1483
f 5096/4454/1483 5095/4455/1483 5142/4456/1483
f 5143/4457/1483 5142/4456/1483 5095/4455/1483
f 5095/4455/1483 5094/4458/1483 5143/4457/1483
f 5094/4458/1483 5093/4459/1483 5143/4457/1483
f 5144/4460/1483 5143/4457/1483 5093/4459/1483
f 5093/4459/1483 5092/4461/1483 5144/4460/1483
f 5136/4452/1483 5102/4450/1483 5101/4462/1483
f 5137/4463/1483 5136/4452/1483 5101/4462/1483
f 5101/4462/1483 5100/4464/1483 5137/4463/1483
f 5138/4465/1483 5137/4463/1483 5100/4464/1483
f 5100/4464/1483 5099/4466/1483 5138/4465/1483
f 5139/4467/1483 5138/4465/1483 5099/4466/1483
f 5099/4466/1483 5098/4468/1483 5139/4467/1483
f 5140/4469/1483 5139/4467/1483 5098/4468/1483
f 5098/4468/1483 5097/4470/1483 5140/4469/1483
f 5141/4471/1483 5140/4469/1483 5097/4470/1483
f 5097/4470/1483 5096/4454/1483 5141/4471/1483
f 5096/4454/1483 5142/4456/1483 5141/4471/1483
f 5144/4460/1483 5092/4461/1483 5145/4472/1483
f 5092/4461/1483 5091/4473/1483 5145/4472/1483
f 5146/4474/1483 5145/4472/1483 5091/4473/1483
f 5091/4473/1483 5090/4475/1483 5146/4474/1483
f 5090/4475/1483 5089/4476/1483 5146/4474/1483
f 5147/4477/1483 5146/4474/1483 5089/4476/1483
f 5089/4476/1483 5088/4478/1483 5147/4477/1483
f 5148/4479/1483 5147/4477/1483 5088/4478/1483
f 5088/4478/1483 5087/4480/1483 5148/4479/1483
f 5149/4445/1483 5148/4479/1483 5087/4480/1483
f 5086/4453/1483 5149/4445/1483 5087/4480/1483
f 5133/4432/1483 5105/4431/1483 5104/4481/1483
f 5134/4482/1483 5133/4432/1483 5104/4481/1483
f 5104/4481/1483 5103/4449/1483 5134/4482/1483
f 5103/4449/1483 5135/4451/1483 5134/4482/1483
f 5150/4447/1483 5084/4448/1483 5151/4433/1483
f 5083/4434/1483 5151/4433/1483 5084/4448/1483
f 5158/4483/1483 5157/4484/1483 5081/4444/1483
f 5156/4443/1483 5081/4444/1483 5157/4484/1483
f 5164/4452/1483 5163/4417/1483 5162/4414/1483
f 5166/4483/1483 5165/4477/1483 5159/4444/1483
f 5162/4414/1483 5161/4449/1483 5160/4461/1483
f 5160/4461/1483 5159/4444/1483 5162/4414/1483
f 5159/4444/1483 5165/4477/1483 5162/4414/1483
f 5164/4452/1483 5162/4414/1483 5165/4477/1483
f 5205/4407/1484 5206/4409/1484 5204/4408/1484
f 5204/4408/1484 5209/4411/1484 5203/4410/1484
f 5209/4411/1484 5204/4408/1484 5208/4412/1484
f 5208/4412/1484 5204/4408/1484 5207/4413/1484
f 5206/4409/1484 5207/4413/1484 5204/4408/1484
f 5200/4414/1484 5212/4416/1484 5199/4415/1484
f 5212/4416/1484 5200/4414/1484 5211/4417/1484
f 5200/4414/1484 5201/4418/1484 5211/4417/1484
f 5211/4417/1484 5201/4418/1484 5210/4419/1484
f 5202/4420/1484 5210/4419/1484 5201/4418/1484
f 5203/4410/1484 5210/4419/1484 5202/4420/1484
f 5209/4411/1484 5210/4419/1484 5203/4410/1484
f 5194/4421/1484 5195/4423/1484 5216/4422/1484
f 5216/4422/1484 5195/4423/1484 5215/4424/1484
f 5196/4425/1484 5215/4424/1484 5195/4423/1484
f 5214/4426/1484 5215/4424/1484 5196/4425/1484
f 5217/4427/1484 5192/4429/1484 5193/4428/1484
f 5192/4429/1484 5217/4427/1484 5218/4430/1484
f 5218/4430/1484 5191/4431/1484 5192/4429/1484
f 5191/4431/1484 5218/4430/1484 5219/4432/1484
f 5237/4433/1484 5238/4435/1484 5169/4434/1484
f 5193/4428/1484 5194/4421/1484 5217/4427/1484
f 5216/4422/1484 5217/4427/1484 5194/4421/1484
f 5168/4436/1484 5238/4435/1484 5239/4437/1484
f 5238/4435/1484 5168/4436/1484 5169/4434/1484
f 5196/4425/1484 5197/4438/1484 5214/4426/1484
f 5198/4439/1484 5214/4426/1484 5197/4438/1484
f 5214/4426/1484 5198/4439/1484 5213/4440/1484
f 5199/4415/1484 5213/4440/1484 5198/4439/1484
f 5212/4416/1484 5213/4440/1484 5199/4415/1484
f 5239/4437/1484 5240/4441/1484 5168/4436/1484
f 5241/4442/1484 5168/4436/1484 5240/4441/1484
f 5242/4443/1484 5168/4436/1484 5241/4442/1484
f 5168/4436/1484 5242/4443/1484 5167/4444/1484
f 5235/4445/1484 5236/4447/1484 5171/4446/1484
f 5170/4448/1484 5171/4446/1484 5236/4447/1484
f 5189/4449/1484 5221/4451/1484 5188/4450/1484
f 5222/4452/1484 5188/4450/1484 5221/4451/1484
f 5171/4446/1484 5172/4453/1484 5235/4445/1484
f 5182/4454/1484 5228/4456/1484 5181/4455/1484
f 5229/4457/1484 5181/4455/1484 5228/4456/1484
f 5181/4455/1484 5229/4457/1484 5180/4458/1484
f 5180/4458/1484 5229/4457/1484 5179/4459/1484
f 5230/4460/1484 5179/4459/1484 5229/4457/1484
f 5179/4459/1484 5230/4460/1484 5178/4461/1484
f 5222/4452/1484 5187/4462/1484 5188/4450/1484
f 5223/4463/1484 5187/4462/1484 5222/4452/1484
f 5187/4462/1484 5223/4463/1484 5186/4464/1484
f 5224/4465/1484 5186/4464/1484 5223/4463/1484
f 5186/4464/1484 5224/4465/1484 5185/4466/1484
f 5225/4467/1484 5185/4466/1484 5224/4465/1484
f 5185/4466/1484 5225/4467/1484 5184/4468/1484
f 5226/4469/1484 5184/4468/1484 5225/4467/1484
f 5184/4468/1484 5226/4469/1484 5183/4470/1484
f 5227/4471/1484 5183/4470/1484 5226/4469/1484
f 5183/4470/1484 5227/4471/1484 5182/4454/1484
f 5182/4454/1484 5227/4471/1484 5228/4456/1484
f 5230/4460/1484 5231/4472/1484 5178/4461/1484
f 5178/4461/1484 5231/4472/1484 5177/4473/1484
f 5232/4474/1484 5177/4473/1484 5231/4472/1484
f 5177/4473/1484 5232/4474/1484 5176/4475/1484
f 5176/4475/1484 5232/4474/1484 5175/4476/1484
f 5233/4477/1484 5175/4476/1484 5232/4474/1484
f 5175/4476/1484 5233/4477/1484 5174/4478/1484
f 5234/4479/1484 5174/4478/1484 5233/4477/1484
f 5174/4478/1484 5234/4479/1484 5173/4480/1484
f 5235/4445/1484 5173/4480/1484 5234/4479/1484
f 5172/4453/1484 5173/4480/1484 5235/4445/1484
f 5219/4432/1484 5190/4481/1484 5191/4431/1484
f 5220/4482/1484 5190/4481/1484 5219/4432/1484
f 5190/4481/1484 5220/4482/1484 5189/4449/1484
f 5189/4449/1484 5220/4482/1484 5221/4451/1484
f 5236/4447/1484 5237/4433/1484 5170/4448/1484
f 5169/4434/1484 5170/4448/1484 5237/4433/1484
f 5244/4483/1484 5167/4444/1484 5243/4484/1484
f 5242/4443/1484 5243/4484/1484 5167/4444/1484
f 5250/4452/1484 5248/4414/1484 5249/4417/1484
f 5252/4483/1484 5245/4444/1484 5251/4477/1484
f 5248/4414/1484 5246/4461/1484 5247/4449/1484
f 5246/4461/1484 5248/4414/1484 5245/4444/1484
f 5245/4444/1484 5248/4414/1484 5251/4477/1484
f 5250/4452/1484 5251/4477/1484 5248/4414/1484
s 1
f 5254/4485/1485 5256/4486/1485 5255/4487/1485 5253/4444/1485
f 5256/4486/1485 5258/4488/1486 5257/4489/1486 5255/4487/1485
f 5258/4488/1486 5260/4490/1486 5259/4491/1486 5257/4489/1486
f 5260/4490/1486 5262/4492/1486 5261/4493/1486 5259/4491/1486
f 5262/4492/1486 5264/4494/1487 5263/4495/1487 5261/4493/1486
f 5264/4494/1487 5266/4496/1488 5265/4497/1488 5263/4495/1487
f 5266/4496/1488 5268/4498/1485 5267/4499/1485 5265/4497/1488
f 5268/4498/1485 5254/4500/1485 5253/4483/1485 5267/4499/1485
f 5270/4485/1485 5272/4501/1489 5271/4502/1489 5269/4444/1485
f 5272/4501/1489 5274/4503/1490 5273/4504/1490 5271/4502/1489
f 5274/4503/1490 5276/4505/1491 5275/4506/1491 5273/4504/1490
f 5276/4505/1491 5278/4507/1492 5277/4508/1492 5275/4506/1491
f 5278/4507/1492 5280/4509/1493 5279/4510/1493 5277/4508/1492
f 5280/4509/1493 5282/4511/1494 5281/4512/1494 5279/4510/1493
f 5282/4511/1494 5284/4513/1495 5283/4514/1495 5281/4512/1494
f 5284/4513/1495 5286/4515/1496 5285/4516/1496 5283/4514/1495
f 5286/4515/1496 5288/4517/1497 5287/4518/1497 5285/4516/1496
f 5288/4517/1497 5290/4519/1498 5289/4520/1498 5287/4518/1497
f 5290/4519/1498 5292/4521/1499 5291/4522/1499 5289/4520/1498
f 5292/4521/1499 5294/4523/1500 5293/4524/1500 5291/4522/1499
f 5294/4523/1500 5296/4525/1501 5295/4526/1501 5293/4524/1500
f 5296/4525/1501 5298/4527/1502 5297/4528/1502 5295/4526/1501
f 5298/4527/1502 5300/4529/1503 5299/4530/1503 5297/4528/1502
f 5300/4529/1503 5302/4531/1504 5301/4532/1504 5299/4530/1503
f 5302/4531/1504 5304/4533/1505 5303/4534/1505 5301/4532/1504
f 5304/4533/1505 5306/4535/1506 5305/4536/1506 5303/4534/1505
f 5306/4535/1506 5308/4537/1507 5307/4538/1507 5305/4536/1506
f 5308/4537/1507 5310/4539/1508 5309/4540/1508 5307/4538/1507
f 5310/4539/1508 5312/4541/1509 5311/4542/1509 5309/4540/1508
f 5312/4541/1509 5314/4543/1510 5313/4544/1510 5311/4542/1509
f 5314/4543/1510 5316/4545/1511 5315/4546/1511 5313/4544/1510
f 5316/4545/1511 5318/4547/1512 5317/4548/1512 5315/4546/1511
f 5318/4547/1512 5320/4549/1513 5319/4550/1513 5317/4548/1512
f 5320/4549/1513 5322/4551/1514 5321/4552/1514 5319/4550/1513
f 5322/4551/1514 5324/4553/1515 5323/4554/1515 5321/4552/1514
f 5324/4553/1515 5326/4555/1516 5325/4556/1516 5323/4554/1515
f 5326/4555/1516 5328/4557/1517 5327/4558/1517 5325/4556/1516
f 5328/4557/1517 5330/4559/1518 5329/4560/1518 5327/4558/1517
f 5330/4559/1518 5332/4561/1519 5331/4562/1519 5329/4560/1518
f 5332/4561/1519 5334/4563/1520 5333/4564/1520 5331/4562/1519
f 5334/4563/1520 5336/4565/1521 5335/4566/1521 5333/4564/1520
f 5336/4565/1521 5338/4567/1522 5337/4568/1522 5335/4566/1521
f 5338/4567/1522 5340/4569/1523 5339/4570/1523 5337/4568/1522
f 5340/4569/1523 5342/4571/1524 5341/4572/1524 5339/4570/1523
f 5342/4571/1524 5344/4573/1525 5343/4574/1525 5341/4572/1524
f 5344/4573/1525 5346/4575/1526 5345/4576/1526 5343/4574/1525
f 5346/4575/1526 5348/4492/1527 5347/4493/1527 5345/4576/1526
f 5348/4492/1527 5350/4577/1528 5349/4578/1528 5347/4493/1527
f 5350/4577/1528 5352/4579/1529 5351/4580/1529 5349/4578/1528
f 5352/4579/1529 5354/4581/1530 5353/4582/1530 5351/4580/1529
f 5354/4581/1530 5356/4583/1531 5355/4584/1531 5353/4582/1530
f 5356/4583/1531 5358/4585/1532 5357/4586/1532 5355/4584/1531
f 5358/4585/1532 5360/4587/1533 5359/4588/1533 5357/4586/1532
f 5360/4587/1533 5362/4589/1534 5361/4590/1534 5359/4588/1533
f 5362/4589/1534 5364/4591/1535 5363/4592/1535 5361/4590/1534
f 5364/4591/1535 5366/4593/1536 5365/4594/1536 5363/4592/1535
f 5366/4593/1536 5368/4595/1537 5367/4596/1537 5365/4594/1536
f 5368/4595/1537 5370/4597/1538 5369/4598/1538 5367/4596/1537
f 5370/4597/1538 5372/4599/1539 5371/4600/1539 5369/4598/1538
f 5372/4599/1539 5374/4601/1540 5373/4602/1540 5371/4600/1539
f 5374/4601/1540 5376/4603/1541 5375/4604/1541 5373/4602/1540
f 5376/4603/1541 5378/4605/1542 5377/4606/1542 5375/4604/1541
f 5378/4605/1542 5380/4607/1543 5379/4608/1543 5377/4606/1542
f 5380/4607/1543 5382/4609/1544 5381/4610/1544 5379/4608/1543
f 5382/4609/1544 5384/4611/1545 5383/4612/1545 5381/4610/1544
f 5384/4611/1545 5386/4613/1546 5385/4614/1546 5383/4612/1545
f 5386/4613/1546 5388/4615/1547 5387/4616/1547 5385/4614/1546
f 5388/4615/1547 5390/4617/1548 5389/4618/1548 5387/4616/1547
f 5390/4617/1548 5392/4619/1549 5391/4620/1549 5389/4618/1548
f 5392/4619/1549 5394/4621/1550 5393/4622/1550 5391/4620/1549
f 5394/4621/1550 5396/4623/1551 5395/4624/1551 5393/4622/1550
f 5396/4623/1551 5398/4625/1552 5397/4626/1552 5395/4624/1551
f 5398/4625/1552 5400/4627/1553 5399/4628/1553 5397/4626/1552
f 5400/4627/1553 5402/4629/1554 5401/4630/1554 5399/4628/1553
f 5402/4629/1554 5404/4631/1555 5403/4632/1555 5401/4630/1554
f 5404/4631/1555 5406/4633/1556 5405/4634/1556 5403/4632/1555
f 5406/4633/1556 5408/4635/1557 5407/4636/1557 5405/4634/1556
f 5408/4635/1557 5410/4637/1558 5409/4638/1558 5407/4636/1557
f 5410/4637/1558 5412/4639/1559 5411/4640/1559 5409/4638/1558
f 5412/4639/1559 5414/4641/1560 5413/4642/1560 5411/4640/1559
f 5414/4641/1560 5416/4643/1561 5415/4644/1561 5413/4642/1560
f 5416/4643/1561 5418/4645/1562 5417/4646/1562 5415/4644/1561
f 5418/4645/1562 5420/4647/1487 5419/4648/1487 5417/4646/1562
f 5420/4647/1487 5422/4649/1488 5421/4650/1488 5419/4648/1487
f 5422/4649/1488 5424/4651/1485 5423/4652/1485 5421/4650/1488
f 5424/4651/1485 5270/4500/1485 5269/4483/1485 5423/4652/1485
o Lamp_5
v 0.301000 0.541000 -0.186000
v 0.301000 0.541000 -0.174000
v 0.304707 0.540635 -0.186000
v 0.304707 0.540635 -0.174000
v 0.308271 0.539554 -0.186000
v 0.308271 0.539554 -0.174000
v 0.311556 0.537798 -0.186000
v 0.311556 0.537798 -0.174000
v 0.314435 0.535435 -0.186000
v 0.314435 0.535435 -0.174000
v 0.316798 0.532556 -0.186000
v 0.316798 0.532556 -0.174000
v 0.318554 0.529271 -0.186000
v 0.318554 0.529271 -0.174000
v 0.319635 0.525707 -0.186000
v 0.319635 0.525707 -0.174000
v 0.320000 0.522000 -0.186000
v 0.320000 0.522000 -0.174000
v 0.319635 0.518293 -0.186000
v 0.319635 0.518293 -0.174000
v 0.318554 0.514729 -0.186000
v 0.318554 0.514729 -0.174000
v 0.316798 0.511444 -0.186000
v 0.316798 0.511444 -0.174000
v 0.314435 0.508565 -0.186000
v 0.314435 0.508565 -0.174000
v 0.311556 0.506202 -0.186000
v 0.311556 0.506202 -0.174000
v 0.308271 0.504446 -0.186000
v 0.308271 0.504446 -0.174000
v 0.304707 0.503365 -0.186000
v 0.304707 0.503365 -0.174000
v 0.301000 0.503000 -0.186000
v 0.301000 0.503000 -0.174000
v 0.297293 0.503365 -0.186000
v 0.297293 0.503365 -0.174000
v 0.293729 0.504446 -0.186000
v 0.293729 0.504446 -0.174000
v 0.290444 0.506202 -0.186000
v 0.290444 0.506202 -0.174000
v 0.287565 0.508565 -0.186000
v 0.287565 0.508565 -0.174000
v 0.285202 0.511444 -0.186000
v 0.285202 0.511444 -0.174000
v 0.283446 0.514729 -0.186000
v 0.283446 0.514729 -0.174000
v 0.282365 0.518293 -0.186000
v 0.282365 0.518293 -0.174000
v 0.282000 0.522000 -0.186000
v 0.282000 0.522000 -0.174000
v 0.282365 0.525707 -0.186000
v 0.282365 0.525707 -0.174000
v 0.283446 0.529271 -0.186000
v 0.283446 0.529271 -0.174000
v 0.285202 0.532556 -0.186000
v 0.285202 0.532556 -0.174000
v 0.287565 0.535435 -0.186000
v 0.287565 0.535435 -0.174000
v 0.290444 0.537798 -0.186000
v 0.290444 0.537798 -0.174000
v 0.293729 0.539554 -0.186000
v 0.293729 0.539554 -0.174000
v 0.297293 0.540635 -0.186000
v 0.297293 0.540635 -0.174000
vn 0.0980 0.9952 -0.0000
vn 0.2903 0.9569 -0.0000
vn 0.4714 0.8819 -0.0000
vn 0.6344 0.7730 -0.0000
vn 0.7730 0.6344 -0.0000
vn 0.8819 0.4714 -0.0000
vn 0.9569 0.2903 -0.0000
vn 0.9952 0.0980 -0.0000
vn 0.9952 -0.0980 -0.0000
vn 0.9569 -0.2903 -0.0000
vn 0.8819 -0.4714 -0.0000
vn 0.7730 -0.6344 -0.0000
vn 0.6344 -0.7730 -0.0000
vn 0.4714 -0.8819 -0.0000
vn 0.2903 -0.9569 -0.0000
vn 0.0980 -0.9952 -0.0000
vn -0.0980 -0.9952 -0.0000
vn -0.2903 -0.9569 -0.0000
vn -0.4714 -0.8819 -0.0000
vn -0.6344 -0.7730 -0.0000
vn -0.7730 -0.6344 -0.0000
vn -0.8819 -0.4714 -0.0000
vn -0.9569 -0.2903 -0.0000
vn -0.9952 -0.0980 -0.0000
vn -0.9952 0.0980 -0.0000
vn -0.9569 0.2903 -0.0000
vn -0.8819 0.4714 -0.0000
vn -0.7730 0.6344 -0.0000
vn -0.6344 0.7730 -0.0000
vn -0.4714 0.8819 -0.0000
vn -0.0000 -0.0000 1.0000
vn -0.2903 0.9569 -0.0000
vn -0.0980 0.9952 -0.0000
vn -0.0000 -0.0000 -1.0000
vt 1.000000 0.500000
vt 1.000000 1.000000
vt 0.968750 1.000000
vt 0.968750 0.500000
vt 0.937500 1.000000
vt 0.937500 0.500000
vt 0.906250 1.000000
vt 0.906250 0.500000
vt 0.875000 1.000000
vt 0.875000 0.500000
vt 0.843750 1.000000
vt 0.843750 0.500000
vt 0.812500 1.000000
vt 0.812500 0.500000
vt 0.781250 1.000000
vt 0.781250 0.500000
vt 0.750000 1.000000
vt 0.750000 0.500000
vt 0.718750 1.000000
vt 0.718750 0.500000
vt 0.687500 1.000000
vt 0.687500 0.500000
vt 0.656250 1.000000
vt 0.656250 0.500000
vt 0.625000 1.000000
vt 0.625000 0.500000
vt 0.593750 1.000000
vt 0.593750 0.500000
vt 0.562500 1.000000
vt 0.562500 0.500000
vt 0.531250 1.000000
vt 0.531250 0.500000
vt 0.500000 1.000000
vt 0.500000 0.500000
vt 0.468750 1.000000
vt 0.468750 0.500000
vt 0.437500 1.000000
vt 0.437500 0.500000
vt 0.406250 1.000000
vt 0.406250 0.500000
vt 0.375000 1.000000
vt 0.375000 0.500000
vt 0.343750 1.000000
vt 0.343750 0.500000
vt 0.312500 1.000000
vt 0.312500 0.500000
vt 0.281250 1.000000
vt 0.281250 0.500000
vt 0.250000 1.000000
vt 0.250000 0.500000
vt 0.218750 1.000000
vt 0.218750 0.500000
vt 0.187500 1.000000
vt 0.187500 0.500000
vt 0.156250 1.000000
vt 0.156250 0.500000
vt 0.125000 1.000000
vt 0.125000 0.500000
vt 0.093750 1.000000
vt 0.093750 0.500000
vt 0.062500 1.000000
vt 0.062500 0.500000
vt 0.296822 0.485388
vt 0.250000 0.490000
vt 0.203178 0.485388
vt 0.158156 0.471731
vt 0.116663 0.449553
vt 0.080294 0.419706
vt 0.050447 0.383337
vt 0.028269 0.341844
vt 0.014612 0.296822
vt 0.010000 0.250000
vt 0.014612 0.203178
vt 0.028269 0.158156
vt 0.050447 0.116663
vt 0.080294 0.080294
vt 0.116663 0.050447
vt 0.158156 0.028269
vt 0.203178 0.014612
vt 0.250000 0.010000
vt 0.296822 0.014612
vt 0.341844 0.028269
vt 0.383337 0.050447
vt 0.419706 0.080294
vt 0.449553 0.116663
vt 0.471731 0.158156
vt 0.485388 0.203178
vt 0.490000 0.250000
vt 0.485388 0.296822
vt 0.471731 0.341844
vt 0.449553 0.383337
vt 0.419706 0.419706
vt 0.383337 0.449553
vt 0.341844 0.471731
vt 0.031250 1.000000
vt 0.031250 0.500000
vt 0.000000 1.000000
vt 0.000000 0.500000
vt 0.750000 0.490000
vt 0.796822 0.485388
vt 0.841844 0.471731
vt 0.883337 0.449553
vt 0.919706 0.419706
vt 0.949553 0.383337
vt 0.971731 0.341844
vt 0.985388 0.296822
vt 0.990000 0.250000
vt 0.985388 0.203178
vt 0.971731 0.158156
vt 0.949553 0.116663
vt 0.919706 0.080294
vt 0.883337 0.050447
vt 0.841844 0.028269
vt 0.796822 0.014612
vt 0.750000 0.010000
vt 0.703178 0.014612
vt 0.658156 0.028269
vt 0.616663 0.050447
vt 0.580294 0.080294
vt 0.550447 0.116663
vt 0.528269 0.158156
vt 0.514612 0.203178
vt 0.510000 0.250000
vt 0.514612 0.296822
vt 0.528269 0.341844
vt 0.550447 0.383337
vt 0.580294 0.419706
vt 0.616663 0.449553
vt 0.658156 0.471731
vt 0.703178 0.485388
s 0
usemtl Lamp_5_mat.043
f 5425/4653/1563 5426/4654/1563 5428/4655/1563 5427/4656/1563
f 5427/4656/1564 5428/4655/1564 5430/4657/1564 5429/4658/1564
f 5429/4658/1565 5430/4657/1565 5432/4659/1565 5431/4660/1565
f 5431/4660/1566 5432/4659/1566 5434/4661/1566 5433/4662/1566
f 5433/4662/1567 5434/4661/1567 5436/4663/1567 5435/4664/1567
f 5435/4664/1568 5436/4663/1568 5438/4665/1568 5437/4666/1568
f 5437/4666/1569 5438/4665/1569 5440/4667/1569 5439/4668/1569
f 5439/4668/1570 5440/4667/1570 5442/4669/1570 5441/4670/1570
f 5441/4670/1571 5442/4669/1571 5444/4671/1571 5443/4672/1571
f 5443/4672/1572 5444/4671/1572 5446/4673/1572 5445/4674/1572
f 5445/4674/1573 5446/4673/1573 5448/4675/1573 5447/4676/1573
f 5447/4676/1574 5448/4675/1574 5450/4677/1574 5449/4678/1574
f 5449/4678/1575 5450/4677/1575 5452/4679/1575 5451/4680/1575
f 5451/4680/1576 5452/4679/1576 5454/4681/1576 5453/4682/1576
f 5453/4682/1577 5454/4681/1577 5456/4683/1577 5455/4684/1577
f 5455/4684/1578 5456/4683/1578 5458/4685/1578 5457/4686/1578
f 5457/4686/1579 5458/4685/1579 5460/4687/1579 5459/4688/1579
f 5459/4688/1580 5460/4687/1580 5462/4689/1580 5461/4690/1580
f 5461/4690/1581 5462/4689/1581 5464/4691/1581 5463/4692/1581
f 5463/4692/1582 5464/4691/1582 5466/4693/1582 5465/4694/1582
f 5465/4694/1583 5466/4693/1583 5468/4695/1583 5467/4696/1583
f 5467/4696/1584 5468/4695/1584 5470/4697/1584 5469/4698/1584
f 5469/4698/1585 5470/4697/1585 5472/4699/1585 5471/4700/1585
f 5471/4700/1586 5472/4699/1586 5474/4701/1586 5473/4702/1586
f 5473/4702/1587 5474/4701/1587 5476/4703/1587 5475/4704/1587
f 5475/4704/1588 5476/4703/1588 5478/4705/1588 5477/4706/1588
f 5477/4706/1589 5478/4705/1589 5480/4707/1589 5479/4708/1589
f 5479/4708/1590 5480/4707/1590 5482/4709/1590 5481/4710/1590
f 5481/4710/1591 5482/4709/1591 5484/4711/1591 5483/4712/1591
f 5483/4712/1592 5484/4711/1592 5486/4713/1592 5485/4714/1592
f 5428/4715/1593 5426/4716/1593 5488/4717/1593 5486/4718/1593 5484/4719/1593 5482/4720/1593 5480/4721/1593 5478/4722/1593 5476/4723/1593 5474/4724/1593 5472/4725/1593 5470/4726/1593 5468/4727/1593 5466/4728/1593 5464/4729/1593 5462/4730/1593 5460/4731/1593 5458/4732/1593 5456/4733/1593 5454/4734/1593 5452/4735/1593 5450/4736/1593 5448/4737/1593 5446/4738/1593 5444/4739/1593 5442/4740/1593 5440/4741/1593 5438/4742/1593 5436/4743/1593 5434/4744/1593 5432/4745/1593 5430/4746/1593
f 5485/4714/1594 5486/4713/1594 5488/4747/1594 5487/4748/1594
f 5487/4748/1595 5488/4747/1595 5426/4749/1595 5425/4750/1595
f 5425/4751/1596 5427/4752/1596 5429/4753/1596 5431/4754/1596 5433/4755/1596 5435/4756/1596 5437/4757/1596 5439/4758/1596 5441/4759/1596 5443/4760/1596 5445/4761/1596 5447/4762/1596 5449/4763/1596 5451/4764/1596 5453/4765/1596 5455/4766/1596 5457/4767/1596 5459/4768/1596 5461/4769/1596 5463/4770/1596 5465/4771/1596 5467/4772/1596 5469/4773/1596 5471/4774/1596 5473/4775/1596 5475/4776/1596 5477/4777/1596 5479/4778/1596 5481/4779/1596 5483/4780/1596 5485/4781/1596 5487/4782/1596
o Table_6
v -0.300000 0.540000 -0.045000
v -0.300000 0.660000 -0.045000
v -0.300000 0.540000 -0.057000
v -0.300000 0.660000 -0.057000
v -0.180000 0.540000 -0.045000
v -0.180000 0.660000 -0.045000
v -0.180000 0.540000 -0.057000
v -0.180000 0.660000 -0.057000
vn -1.0000 -0.0000 -0.0000
vn -0.0000 -0.0000 -1.0000
vn 1.0000 -0.0000 -0.0000
vn -0.0000 -0.0000 1.0000
vn -0.0000 -1.0000 -0.0000
vn -0.0000 1.0000 -0.0000
vt 0.375000 0.000000
vt 0.625000 0.000000
vt 0.625000 0.250000
vt 0.375000 0.250000
vt 0.625000 0.500000
vt 0.375000 0.500000
vt 0.625000 0.750000
vt 0.375000 0.750000
vt 0.625000 1.000000
vt 0.375000 1.000000
vt 0.125000 0.500000
vt 0.125000 0.750000
vt 0.875000 0.500000
vt 0.875000 0.750000
s 0
usemtl Table_6_mat.043
f 5489/4783/1597 5490/4784/1597 5492/4785/1597 5491/4786/1597
f 5491/4786/1598 5492/4785/1598 5496/4787/1598 5495/4788/1598
f 5495/4788/1599 5496/4787/1599 5494/4789/1599 5493/4790/1599
f 5493/4790/1600 5494/4789/1600 5490/4791/1600 5489/4792/1600
f 5491/4793/1601 5495/4788/1601 5493/4790/1601 5489/4794/1601
f 5496/4787/1602 5492/4795/1602 5490/4796/1602 5494/4789/1602
o Table_6_Leg
v -0.240000 0.608400 -0.052400
v -0.240000 0.608400 0.000400
v -0.238361 0.608239 -0.052400
v -0.238361 0.608239 0.000400
v -0.236785 0.607761 -0.052400
v -0.236785 0.607761 0.000400
v -0.235333 0.606984 -0.052400
v -0.235333 0.606984 0.000400
v -0.234060 0.605940 -0.052400
v -0.234060 0.605940 0.000400
v -0.233016 0.604667 -0.052400
v -0.233016 0.604667 0.000400
v -0.232239 0.603215 -0.052400
v -0.232239 0.603215 0.000400
v -0.231761 0.601639 -0.052400
v -0.231761 0.601639 0.000400
v -0.231600 0.600000 -0.052400
v -0.231600 0.600000 0.000400
v -0.231761 0.598361 -0.052400
v -0.231761 0.598361 0.000400
v -0.232239 0.596785 -0.052400
v -0.232239 0.596785 0.000400
v -0.233016 0.595333 -0.052400
v -0.233016 0.595333 0.000400
v -0.234060 0.594060 -0.052400
v -0.234060 0.594060 0.000400
v -0.235333 0.593016 -0.052400
v -0.235333 0.593016 0.000400
v -0.236785 0.592239 -0.052400
v -0.236785 0.592239 0.000400
v -0.238361 0.591761 -0.052400
v -0.238361 0.591761 0.000400
v -0.240000 0.591600 -0.052400
v -0.240000 0.591600 0.000400
v -0.241639 0.591761 -0.052400
v -0.241639 0.591761 0.000400
v -0.243215 0.592239 -0.052400
v -0.243215 0.592239 0.000400
v -0.244667 0.593016 -0.052400
v -0.244667 0.593016 0.000400
v -0.245940 0.594060 -0.052400
v -0.245940 0.594060 0.000400
v -0.246984 0.595333 -0.052400
v -0.246984 0.595333 0.000400
v -0.247761 0.596785 -0.052400
v -0.247761 0.596785 0.000400
v -0.248239 0.598361 -0.052400
v -0.248239 0.598361 0.000400
v -0.248400 0.600000 -0.052400
v -0.248400 0.600000 0.000400
v -0.248239 0.601639 -0.052400
v -0.248239 0.601639 0.000400
v -0.247761 0.603215 -0.052400
v -0.247761 0.603215 0.000400
v -0.246984 0.604667 -0.052400
v -0.246984 0.604667 0.000400
v -0.245940 0.605940 -0.052400
v -0.245940 0.605940 0.000400
v -0.244667 0.606984 -0.052400
v -0.244667 0.606984 0.000400
v -0.243215 0.607761 -0.052400
v -0.243215 0.607761 0.000400
v -0.241639 0.608239 -0.052400
v -0.241639 0.608239 0.000400
vn 0.0980 0.9952 -0.0000
vn 0.2903 0.9569 -0.0000
vn 0.4714 0.8819 -0.0000
vn 0.6344 0.7730 -0.0000
vn 0.7730 0.6344 -0.0000
vn 0.8819 0.4714 -0.0000
vn 0.9569 0.2903 -0.0000
vn 0.9952 0.0980 -0.0000
vn 0.9952 -0.0980 -0.0000
vn 0.9569 -0.2903 -0.0000
vn 0.8819 -0.4714 -0.0000
vn 0.7730 -0.6344 -0.0000
vn 0.6344 -0.7730 -0.0000
vn 0.4714 -0.8819 -0.0000
vn 0.2903 -0.9569 -0.0000
vn 0.0980 -0.9952 -0.0000
vn -0.0980 -0.9952 -0.0000
vn -0.2903 -0.9569 -0.0000
vn -0.4714 -0.8819 -0.0000
vn -0.6344 -0.7730 -0.0000
vn -0.7730 -0.6344 -0.0000
vn -0.8819 -0.4714 -0.0000
vn -0.9569 -0.2903 -0.0000
vn -0.9952 -0.0980 -0.0000
vn -0.9952 0.0980 -0.0000
vn -0.9569 0.2903 -0.0000
vn -0.8819 0.4714 -0.0000
vn -0.7730 0.6344 -0.0000
vn -0.6344 0.7730 -0.0000
vn -0.4714 0.8819 -0.0000
vn -0.0000 -0.0000 1.0000
vn -0.2903 0.9569 -0.0000
vn -0.0980 0.9952 -0.0000
vn -0.0000 -0.0000 -1.0000
vt 1.000000 0.500000
vt 1.000000 1.000000
vt 0.968750 1.000000
vt 0.968750 0.500000
vt 0.937500 1.000000
vt 0.937500 0.500000
vt 0.906250 1.000000
vt 0.906250 0.500000
vt 0.875000 1.000000
vt 0.875000 0.500000
vt 0.843750 1.000000
vt 0.843750 0.500000
vt 0.812500 1.000000
vt 0.812500 0.500000
vt 0.781250 1.000000
vt 0.781250 0.500000
vt 0.750000 1.000000
vt 0.750000 0.500000
vt 0.718750 1.000000
vt 0.718750 0.500000
vt 0.687500 1.000000
vt 0.687500 0.500000
vt 0.656250 1.000000
vt 0.656250 0.500000
vt 0.625000 1.000000
vt 0.625000 0.500000
vt 0.593750 1.000000
vt 0.593750 0.500000
vt 0.562500 1.000000
vt 0.562500 0.500000
vt 0.531250 1.000000
vt 0.531250 0.500000
vt 0.500000 1.000000
vt 0.500000 0.500000
vt 0.468750 1.000000
vt 0.468750 0.500000
vt 0.437500 1.000000
vt 0.437500 0.500000
vt 0.406250 1.000000
vt 0.406250 0.500000
vt 0.375000 1.000000
vt 0.375000 0.500000
vt 0.343750 1.000000
vt 0.343750 0.500000
vt 0.312500 1.000000
vt 0.312500 0.500000
vt 0.281250 1.000000
vt 0.281250 0.500000
vt 0.250000 1.000000
vt 0.250000 0.500000
vt 0.218750 1.000000
vt 0.218750 0.500000
vt 0.187500 1.000000
vt 0.187500 0.500000
vt 0.156250 1.000000
vt 0.156250 0.500000
vt 0.125000 1.000000
vt 0.125000 0.500000
vt 0.093750 1.000000
vt 0.093750 0.500000
vt 0.062500 1.000000
vt 0.062500 0.500000
vt 0.296822 0.485388
vt 0.250000 0.490000
vt 0.203178 0.485388
vt 0.158156 0.471731
vt 0.116663 0.449553
vt 0.080294 0.419706
vt 0.050447 0.383337
vt 0.028269 0.341844
vt 0.014612 0.296822
vt 0.010000 0.250000
vt 0.014612 0.203178
vt 0.028269 0.158156
vt 0.050447 0.116663
vt 0.080294 0.080294
vt 0.116663 0.050447
vt 0.158156 0.028269
vt 0.203178 0.014612
vt 0.250000 0.010000
vt 0.296822 0.014612
vt 0.341844 0.028269
vt 0.383337 0.050447
vt 0.419706 0.080294
vt 0.449553 0.116663
vt 0.471731 0.158156
vt 0.485388 0.203178
vt 0.490000 0.250000
vt 0.485388 0.296822
vt 0.471731 0.341844
vt 0.449553 0.383337
vt 0.419706 0.419706
vt 0.383337 0.449553
vt 0.341844 0.471731
vt 0.031250 1.000000
vt 0.031250 0.500000
vt 0.000000 1.000000
vt 0.000000 0.500000
vt 0.750000 0.490000
vt 0.796822 0.485388
vt 0.841844 0.471731
vt 0.883337 0.449553
vt 0.919706 0.419706
vt 0.949553 0.383337
vt 0.971731 0.341844
vt 0.985388 0.296822
vt 0.990000 0.250000
vt 0.985388 0.203178
vt 0.971731 0.158156
vt 0.949553 0.116663
vt 0.919706 0.080294
vt 0.883337 0.050447
vt 0.841844 0.028269
vt 0.796822 0.014612
vt 0.750000 0.010000
vt 0.703178 0.014612
vt 0.658156 0.028269
vt 0.616663 0.050447
vt 0.580294 0.080294
vt 0.550447 0.116663
vt 0.528269 0.158156
vt 0.514612 0.203178
vt 0.510000 0.250000
vt 0.514612 0.296822
vt 0.528269 0.341844
vt 0.550447 0.383337
vt 0.580294 0.419706
vt 0.616663 0.449553
vt 0.658156 0.471731
vt 0.703178 0.485388
s 0
usemtl Table_6_Leg_mat.040
f 5497/4797/1603 5498/4798/1603 5500/4799/1603 5499/4800/1603
f 5499/4800/1604 5500/4799/1604 5502/4801/1604 5501/4802/1604
f 5501/4802/1605 5502/4801/1605 5504/4803/1605 5503/4804/1605
f 5503/4804/1606 5504/4803/1606 5506/4805/1606 5505/4806/1606
f 5505/4806/1607 5506/4805/1607 5508/4807/1607 5507/4808/1607
f 5507/4808/1608 5508/4807/1608 5510/4809/1608 5509/4810/1608
f 5509/4810/1609 5510/4809/1609 5512/4811/1609 5511/4812/1609
f 5511/4812/1610 5512/4811/1610 5514/4813/1610 5513/4814/1610
f 5513/4814/1611 5514/4813/1611 5516/4815/1611 5515/4816/1611
f 5515/4816/1612 5516/4815/1612 5518/4817/1612 5517/4818/1612
f 5517/4818/1613 5518/4817/1613 5520/4819/1613 5519/4820/1613
f 5519/4820/1614 5520/4819/1614 5522/4821/1614 5521/4822/1614
f 5521/4822/1615 5522/4821/1615 5524/4823/1615 5523/4824/1615
f 5523/4824/1616 5524/4823/1616 5526/4825/1616 5525/4826/1616
f 5525/4826/1617 5526/4825/1617 5528/4827/1617 5527/4828/1617
f 5527/4828/1618 5528/4827/1618 5530/4829/1618 5529/4830/1618
f 5529/4830/1619 5530/4829/1619 5532/4831/1619 5531/4832/1619
f 5531/4832/1620 5532/4831/1620 5534/4833/1620 5533/4834/1620
f 5533/4834/1621 5534/4833/1621 5536/4835/1621 5535/4836/1621
f 5535/4836/1622 5536/4835/1622 5538/4837/1622 5537/4838/1622
f 5537/4838/1623 5538/4837/1623 5540/4839/1623 5539/4840/1623
f 5539/4840/1624 5540/4839/1624 5542/4841/1624 5541/4842/1624
f 5541/4842/1625 5542/4841/1625 5544/4843/1625 5543/4844/1625
f 5543/4844/1626 5544/4843/1626 5546/4845/1626 5545/4846/1626
f 5545/4846/1627 5546/4845/1627 5548/4847/1627 5547/4848/1627
f 5547/4848/1628 5548/4847/1628 5550/4849/1628 5549/4850/1628
f 5549/4850/1629 5550/4849/1629 5552/4851/1629 5551/4852/1629
f 5551/4852/1630 5552/4851/1630 5554/4853/1630 5553/4854/1630
f 5553/4854/1631 5554/4853/1631 5556/4855/1631 5555/4856/1631
f 5555/4856/1632 5556/4855/1632 5558/4857/1632 5557/4858/1632
f 5500/4859/1633 5498/4860/1633 5560/4861/1633 5558/4862/1633 5556/4863/1633 5554/4864/1633 5552/4865/1633 5550/4866/1633 5548/4867/1633 5546/4868/1633 5544/4869/1633 5542/4870/1633 5540/4871/1633 5538/4872/1633 5536/4873/1633 5534/4874/1633 5532/4875/1633 5530/4876/1633 5528/4877/1633 5526/4878/1633 5524/4879/1633 5522/4880/1633 5520/4881/1633 5518/4882/1633 5516/4883/1633 5514/4884/1633 5512/4885/1633 5510/4886/1633 5508/4887/1633 5506/4888/1633 5504/4889/1633 5502/4890/1633
f 5557/4858/1634 5558/4857/1634 5560/4891/1634 5559/4892/1634
f 5559/4892/1635 5560/4891/1635 5498/4893/1635 5497/4894/1635
f 5497/4895/1636 5499/4896/1636 5501/4897/1636 5503/4898/1636 5505/4899/1636 5507/4900/1636 5509/4901/1636 5511/4902/1636 5513/4903/1636 5515/4904/1636 5517/4905/1636 5519/4906/1636 5521/4907/1636 5523/4908/1636 5525/4909/1636 5527/4910/1636 5529/4911/1636 5531/4912/1636 5533/4913/1636 5535/4914/1636 5537/4915/1636 5539/4916/1636 5541/4917/1636 5543/4918/1636 5545/4919/1636 5547/4920/1636 5549/4921/1636 5551/4922/1636 5553/4923/1636 5555/4924/1636 5557/4925/1636 5559/4926/1636
o Table_6_Chair_1_Seat
v -0.264000 0.670000 -0.019000
v -0.264000 0.718000 -0.019000
v -0.264000 0.670000 -0.041000
v -0.264000 0.718000 -0.041000
v -0.216000 0.670000 -0.019000
v -0.216000 0.718000 -0.019000
v -0.216000 0.670000 -0.041000
v -0.216000 0.718000 -0.041000
vn -1.0000 -0.0000 -0.0000
vn -0.0000 -0.0000 -1.0000
vn 1.0000 -0.0000 -0.0000
vn -0.0000 -0.0000 1.0000
vn -0.0000 -1.0000 -0.0000
vn -0.0000 1.0000 -0.0000
vt 0.375000 0.000000
vt 0.625000 0.000000
vt 0.625000 0.250000
vt 0.375000 0.250000
vt 0.625000 0.500000
vt 0.375000 0.500000
vt 0.625000 0.750000
vt 0.375000 0.750000
vt 0.625000 1.000000
vt 0.375000 1.000000
vt 0.125000 0.500000
vt 0.125000 0.750000
vt 0.875000 0.500000
vt 0.875000 0.750000
s 0
usemtl Table_6_Chair_1_Seat_mat.043
f 5561/4927/1637 5562/4928/1637 5564/4929/1637 5563/4930/1637
f 5563/4930/1638 5564/4929/1638 5568/4931/1638 5567/4932/1638
f 5567/4932/1639 5568/4931/1639 5566/4933/1639 5565/4934/1639
f 5565/4934/1640 5566/4933/1640 5562/4935/1640 5561/4936/1640
f 5563/4937/1641 5567/4932/1641 5565/4934/1641 5561/4938/1641
f 5568/4931/1642 5564/4939/1642 5562/4940/1642 5566/4933/1642
o Table_6_Chair_1_Back
v -0.264000 0.713000 -0.031000
v -0.264000 0.721000 -0.031000
v -0.264000 0.713000 -0.101000
v -0.264000 0.721000 -0.101000
v -0.216000 0.713000 -0.031000
v -0.216000 0.721000 -0.031000
v -0.216000 0.713000 -0.101000
v -0.216000 0.721000 -0.101000
vn -1.0000 -0.0000 -0.0000
vn -0.0000 -0.0000 -1.0000
vn 1.0000 -0.0000 -0.0000
vn -0.0000 -0.0000 1.0000
vn -0.0000 -1.0000 -0.0000
vn -0.0000 1.0000 -0.0000
vt 0.375000 0.000000
vt 0.625000 0.000000
vt 0.625000 0.250000
vt 0.375000 0.250000
vt 0.625000 0.500000
vt 0.375000 0.500000
vt 0.625000 0.750000
vt 0.375000 0.750000
vt 0.625000 1.000000
vt 0.375000 1.000000
vt 0.125000 0.500000
vt 0.125000 0.750000
vt 0.875000 0.500000
vt 0.875000 0.750000
s 0
usemtl Table_6_Chair_1_Back_mat.043
f 5569/4941/1643 5570/4942/1643 5572/4943/1643 5571/4944/1643
f 5571/4944/1644 5572/4943/1644 5576/4945/1644 5575/4946/1644
f 5575/4946/1645 5576/4945/1645 5574/4947/1645 5573/4948/1645
f 5573/4948/1646 5574/4947/1646 5570/4949/1646 5569/4950/1646
f 5571/4951/1647 5575/4946/1647 5573/4948/1647 5569/4952/1647
f 5576/4945/1648 5572/4953/1648 5570/4954/1648 5574/4947/1648
o Table_6_Chair_2_Seat
v -0.264000 0.482000 -0.019000
v -0.264000 0.530000 -0.019000
v -0.264000 0.482000 -0.041000
v -0.264000 0.530000 -0.041000
v -0.216000 0.482000 -0.019000
v -0.216000 0.530000 -0.019000
v -0.216000 0.482000 -0.041000
v -0.216000 0.530000 -0.041000
vn -1.0000 -0.0000 -0.0000
vn -0.0000 -0.0000 -1.0000
vn 1.0000 -0.0000 -0.0000
vn -0.0000 -0.0000 1.0000
vn -0.0000 -1.0000 -0.0000
vn -0.0000 1.0000 -0.0000
vt 0.375000 0.000000
vt 0.625000 0.000000
vt 0.625000 0.250000
vt 0.375000 0.250000
vt 0.625000 0.500000
vt 0.375000 0.500000
vt 0.625000 0.750000
vt 0.375000 0.750000
vt 0.625000 1.000000
vt 0.375000 1.000000
vt 0.125000 0.500000
vt 0.125000 0.750000
vt 0.875000 0.500000
vt 0.875000 0.750000
s 0
usemtl Table_6_Chair_2_Seat_mat.043
f 5577/4955/1649 5578/4956/1649 5580/4957/1649 5579/4958/1649
f 5579/4958/1650 5580/4957/1650 5584/4959/1650 5583/4960/1650
f 5583/4960/1651 5584/4959/1651 5582/4961/1651 5581/4962/1651
f 5581/4962/1652 5582/4961/1652 5578/4963/1652 5577/4964/1652
f 5579/4965/1653 5583/4960/1653 5581/4962/1653 5577/4966/1653
f 5584/4959/1654 5580/4967/1654 5578/4968/1654 5582/4961/1654
o Table_6_Chair_2_Back
v -0.264000 0.479000 -0.031000
v -0.264000 0.487000 -0.031000
v -0.264000 0.479000 -0.101000
v -0.264000 0.487000 -0.101000
v -0.216000 0.479000 -0.031000
v -0.216000 0.487000 -0.031000
v -0.216000 0.479000 -0.101000
v -0.216000 0.487000 -0.101000
vn -1.0000 -0.0000 -0.0000
vn -0.0000 -0.0000 -1.0000
vn 1.0000 -0.0000 -0.0000
vn -0.0000 -0.0000 1.0000
vn -0.0000 -1.0000 -0.0000
vn -0.0000 1.0000 -0.0000
vt 0.375000 0.000000
vt 0.625000 0.000000
vt 0.625000 0.250000
vt 0.375000 0.250000
vt 0.625000 0.500000
vt 0.375000 0.500000
vt 0.625000 0.750000
vt 0.375000 0.750000
vt 0.625000 1.000000
vt 0.375000 1.000000
vt 0.125000 0.500000
vt 0.125000 0.750000
vt 0.875000 0.500000
vt 0.875000 0.750000
s 0
usemtl Table_6_Chair_2_Back_mat.043
f 5585/4969/1655 5586/4970/1655 5588/4971/1655 5587/4972/1655
f 5587/4972/1656 5588/4971/1656 5592/4973/1656 5591/4974/1656
f 5591/4974/1657 5592/4973/1657 5590/4975/1657 5589/4976/1657
f 5589/4976/1658 5590/4975/1658 5586/4977/1658 5585/4978/1658
f 5587/4979/1659 5591/4974/1659 5589/4976/1659 5585/4980/1659
f 5592/4973/1660 5588/4981/1660 5586/4982/1660 5590/4975/1660
o Table_6_Chair_3_Seat
v -0.170000 0.576000 -0.019000
v -0.170000 0.624000 -0.019000
v -0.170000 0.576000 -0.041000
v -0.170000 0.624000 -0.041000
v -0.122000 0.576000 -0.019000
v -0.122000 0.624000 -0.019000
v -0.122000 0.576000 -0.041000
v -0.122000 0.624000 -0.041000
vn -1.0000 -0.0000 -0.0000
vn -0.0000 -0.0000 -1.0000
vn 1.0000 -0.0000 -0.0000
vn -0.0000 -0.0000 1.0000
vn -0.0000 -1.0000 -0.0000
vn -0.0000 1.0000 -0.0000
vt 0.375000 0.000000
vt 0.625000 0.000000
vt 0.625000 0.250000
vt 0.375000 0.250000
vt 0.625000 0.500000
vt 0.375000 0.500000
vt 0.625000 0.750000
vt 0.375000 0.750000
vt 0.625000 1.000000
vt 0.375000 1.000000
vt 0.125000 0.500000
vt 0.125000 0.750000
vt 0.875000 0.500000
vt 0.875000 0.750000
s 0
usemtl Table_6_Chair_3_Seat_mat.043
f 5593/4983/1661 5594/4984/1661 5596/4985/1661 5595/4986/1661
f 5595/4986/1662 5596/4985/1662 5600/4987/1662 5599/4988/1662
f 5599/4988/1663 5600/4987/1663 5598/4989/1663 5597/4990/1663
f 5597/4990/1664 5598/4989/1664 5594/4991/1664 5593/4992/1664
f 5595/4993/1665 5599/4988/1665 5597/4990/1665 5593/4994/1665
f 5600/4987/1666 5596/4995/1666 5594/4996/1666 5598/4989/1666
o Table_6_Chair_3_Back
v -0.127000 0.576000 -0.031000
v -0.127000 0.624000 -0.031000
v -0.127000 0.576000 -0.101000
v -0.127000 0.624000 -0.101000
v -0.119000 0.576000 -0.031000
v -0.119000 0.624000 -0.031000
v -0.119000 0.576000 -0.101000
v -0.119000 0.624000 -0.101000
vn -1.0000 -0.0000 -0.0000
vn -0.0000 -0.0000 -1.0000
vn 1.0000 -0.0000 -0.0000
vn -0.0000 -0.0000 1.0000
vn -0.0000 -1.0000 -0.0000
vn -0.0000 1.0000 -0.0000
vt 0.375000 0.000000
vt 0.625000 0.000000
vt 0.625000 0.250000
vt 0.375000 0.250000
vt 0.625000 0.500000
vt 0.375000 0.500000
vt 0.625000 0.750000
vt 0.375000 0.750000
vt 0.625000 1.000000
vt 0.375000 1.000000
vt 0.125000 0.500000
vt 0.125000 0.750000
vt 0.875000 0.500000
vt 0.875000 0.750000
s 0
usemtl Table_6_Chair_3_Back_mat.043
f 5601/4997/1667 5602/4998/1667 5604/4999/1667 5603/5000/1667
f 5603/5000/1668 5604/4999/1668 5608/5001/1668 5607/5002/1668
f 5607/5002/1669 5608/5001/1669 5606/5003/1669 5605/5004/1669
f 5605/5004/1670 5606/5003/1670 5602/5005/1670 5601/5006/1670
f 5603/5007/1671 5607/5002/1671 5605/5004/1671 5601/5008/1671
f 5608/5001/1672 5604/5009/1672 5602/5010/1672 5606/5003/1672
o Table_6_Chair_4_Seat
v -0.358000 0.576000 -0.019000
v -0.358000 0.624000 -0.019000
v -0.358000 0.576000 -0.041000
v -0.358000 0.624000 -0.041000
v -0.310000 0.576000 -0.019000
v -0.310000 0.624000 -0.019000
v -0.310000 0.576000 -0.041000
v -0.310000 0.624000 -0.041000
vn -1.0000 -0.0000 -0.0000
vn -0.0000 -0.0000 -1.0000
vn 1.0000 -0.0000 -0.0000
vn -0.0000 -0.0000 1.0000
vn -0.0000 -1.0000 -0.0000
vn -0.0000 1.0000 -0.0000
vt 0.375000 0.000000
vt 0.625000 0.000000
vt 0.625000 0.250000
vt 0.375000 0.250000
vt 0.625000 0.500000
vt 0.375000 0.500000
vt 0.625000 0.750000
vt 0.375000 0.750000
vt 0.625000 1.000000
vt 0.375000 1.000000
vt 0.125000 0.500000
vt 0.125000 0.750000
vt 0.875000 0.500000
vt 0.875000 0.750000
s 0
usemtl Table_6_Chair_4_Seat_mat.043
f 5609/5011/1673 5610/5012/1673 5612/5013/1673 5611/5014/1673
f 5611/5014/1674 5612/5013/1674 5616/5015/1674 5615/5016/1674
f 5615/5016/1675 5616/5015/1675 5614/5017/1675 5613/5018/1675
f 5613/5018/1676 5614/5017/1676 5610/5019/1676 5609/5020/1676
f 5611/5021/1677 5615/5016/1677 5613/5018/1677 5609/5022/1677
f 5616/5015/1678 5612/5023/1678 5610/5024/1678 5614/5017/1678
o Table_6_Chair_4_Back
v -0.361000 0.576000 -0.031000
v -0.361000 0.624000 -0.031000
v -0.361000 0.576000 -0.101000
v -0.361000 0.624000 -0.101000
v -0.353000 0.576000 -0.031000
v -0.353000 0.624000 -0.031000
v -0.353000 0.576000 -0.101000
v -0.353000 0.624000 -0.101000
vn -1.0000 -0.0000 -0.0000
vn -0.0000 -0.0000 -1.0000
vn 1.0000 -0.0000 -0.0000
vn -0.0000 -0.0000 1.0000
vn -0.0000 -1.0000 -0.0000
vn -0.0000 1.0000 -0.0000
vt 0.375000 0.000000
vt 0.625000 0.000000
vt 0.625000 0.250000
vt 0.375000 0.250000
vt 0.625000 0.500000
vt 0.375000 0.500000
vt 0.625000 0.750000
vt 0.375000 0.750000
vt 0.625000 1.000000
vt 0.375000 1.000000
vt 0.125000 0.500000
vt 0.125000 0.750000
vt 0.875000 0.500000
vt 0.875000 0.750000
s 0
usemtl Table_6_Chair_4_Back_mat.043
f 5617/5025/1679 5618/5026/1679 5620/5027/1679 5619/5028/1679
f 5619/5028/1680 5620/5027/1680 5624/5029/1680 5623/5030/1680
f 5623/5030/1681 5624/5029/1681 5622/5031/1681 5621/5032/1681
f 5621/5032/1682 5622/5031/1682 5618/5033/1682 5617/5034/1682
f 5619/5035/1683 5623/5030/1683 5621/5032/1683 5617/5036/1683
f 5624/5029/1684 5620/5037/1684 5618/5038/1684 5622/5031/1684
o Table_6_Call_Light
v -0.240000 0.613200 -0.067800
v -0.240000 0.613200 -0.058200
v -0.237425 0.612946 -0.067800
v -0.237425 0.612946 -0.058200
v -0.234949 0.612195 -0.067800
v -0.234949 0.612195 -0.058200
v -0.232666 0.610975 -0.067800
v -0.232666 0.610975 -0.058200
v -0.230666 0.609334 -0.067800
v -0.230666 0.609334 -0.058200
v -0.229025 0.607334 -0.067800
v -0.229025 0.607334 -0.058200
v -0.227805 0.605051 -0.067800
v -0.227805 0.605051 -0.058200
v -0.227054 0.602575 -0.067800
v -0.227054 0.602575 -0.058200
v -0.226800 0.600000 -0.067800
v -0.226800 0.600000 -0.058200
v -0.227054 0.597425 -0.067800
v -0.227054 0.597425 -0.058200
v -0.227805 0.594949 -0.067800
v -0.227805 0.594949 -0.058200
v -0.229025 0.592667 -0.067800
v -0.229025 0.592667 -0.058200
v -0.230666 0.590666 -0.067800
v -0.230666 0.590666 -0.058200
v -0.232666 0.589025 -0.067800
v -0.232666 0.589025 -0.058200
v -0.234949 0.587805 -0.067800
v -0.234949 0.587805 -0.058200
v -0.237425 0.587054 -0.067800
v -0.237425 0.587054 -0.058200
v -0.240000 0.586800 -0.067800
v -0.240000 0.586800 -0.058200
v -0.242575 0.587054 -0.067800
v -0.242575 0.587054 -0.058200
v -0.245051 0.587805 -0.067800
v -0.245051 0.587805 -0.058200
v -0.247334 0.589025 -0.067800
v -0.247334 0.589025 -0.058200
v -0.249334 0.590666 -0.067800
v -0.249334 0.590666 -0.058200
v -0.250975 0.592667 -0.067800
v -0.250975 0.592667 -0.058200
v -0.252195 0.594949 -0.067800
v -0.252195 0.594949 -0.058200
v -0.252946 0.597425 -0.067800
v -0.252946 0.597425 -0.058200
v -0.253200 0.600000 -0.067800
v -0.253200 0.600000 -0.058200
v -0.252946 0.602575 -0.067800
v -0.252946 0.602575 -0.058200
v -0.252195 0.605051 -0.067800
v -0.252195 0.605051 -0.058200
v -0.250975 0.607334 -0.067800
v -0.250975 0.607334 -0.058200
v -0.249334 0.609334 -0.067800
v -0.249334 0.609334 -0.058200
v -0.247334 0.610975 -0.067800
v -0.247334 0.610975 -0.058200
v -0.245051 0.612195 -0.067800
v -0.245051 0.612195 -0.058200
v -0.242575 0.612946 -0.067800
v -0.242575 0.612946 -0.058200
vn 0.0980 0.9952 -0.0000
vn 0.2903 0.9569 -0.0000
vn 0.4714 0.8819 -0.0000
vn 0.6344 0.7730 -0.0000
vn 0.7730 0.6344 -0.0000
vn 0.8819 0.4714 -0.0000
vn 0.9569 0.2903 -0.0000
vn 0.9952 0.0980 -0.0000
vn 0.9952 -0.0980 -0.0000
vn 0.9569 -0.2903 -0.0000
vn 0.8819 -0.4714 -0.0000
vn 0.7730 -0.6344 -0.0000
vn 0.6344 -0.7730 -0.0000
vn 0.4714 -0.8819 -0.0000
vn 0.2903 -0.9569 -0.0000
vn 0.0980 -0.9952 -0.0000
vn -0.0980 -0.9952 -0.0000
vn -0.2903 -0.9569 -0.0000
vn -0.4714 -0.8819 -0.0000
vn -0.6344 -0.7730 -0.0000
vn -0.7730 -0.6344 -0.0000
vn -0.8819 -0.4714 -0.0000
vn -0.9569 -0.2903 -0.0000
vn -0.9952 -0.0980 -0.0000
vn -0.9952 0.0980 -0.0000
vn -0.9569 0.2903 -0.0000
vn -0.8819 0.4714 -0.0000
vn -0.7730 0.6344 -0.0000
vn -0.6344 0.7730 -0.0000
vn -0.4714 0.8819 -0.0000
vn -0.0000 -0.0000 1.0000
vn -0.2903 0.9569 -0.0000
vn -0.0980 0.9952 -0.0000
vn -0.0000 -0.0000 -1.0000
vt 1.000000 0.500000
vt 1.000000 1.000000
vt 0.968750 1.000000
vt 0.968750 0.500000
vt 0.937500 1.000000
vt 0.937500 0.500000
vt 0.906250 1.000000
vt 0.906250 0.500000
vt 0.875000 1.000000
vt 0.875000 0.500000
vt 0.843750 1.000000
vt 0.843750 0.500000
vt 0.812500 1.000000
vt 0.812500 0.500000
vt 0.781250 1.000000
vt 0.781250 0.500000
vt 0.750000 1.000000
vt 0.750000 0.500000
vt 0.718750 1.000000
vt 0.718750 0.500000
vt 0.687500 1.000000
vt 0.687500 0.500000
vt 0.656250 1.000000
vt 0.656250 0.500000
vt 0.625000 1.000000
vt 0.625000 0.500000
vt 0.593750 1.000000
vt 0.593750 0.500000
vt 0.562500 1.000000
vt 0.562500 0.500000
vt 0.531250 1.000000
vt 0.531250 0.500000
vt 0.500000 1.000000
vt 0.500000 0.500000
vt 0.468750 1.000000
vt 0.468750 0.500000
vt 0.437500 1.000000
vt 0.437500 0.500000
vt 0.406250 1.000000
vt 0.406250 0.500000
vt 0.375000 1.000000
vt 0.375000 0.500000
vt 0.343750 1.000000
vt 0.343750 0.500000
vt 0.312500 1.000000
vt 0.312500 0.500000
vt 0.281250 1.000000
vt 0.281250 0.500000
vt 0.250000 1.000000
vt 0.250000 0.500000
vt 0.218750 1.000000
vt 0.218750 0.500000
vt 0.187500 1.000000
vt 0.187500 0.500000
vt 0.156250 1.000000
vt 0.156250 0.500000
vt 0.125000 1.000000
vt 0.125000 0.500000
vt 0.093750 1.000000
vt 0.093750 0.500000
vt 0.062500 1.000000
vt 0.062500 0.500000
vt 0.296822 0.485388
vt 0.250000 0.490000
vt 0.203178 0.485388
vt 0.158156 0.471731
vt 0.116663 0.449553
vt 0.080294 0.419706
vt 0.050447 0.383337
vt 0.028269 0.341844
vt 0.014612 0.296822
vt 0.010000 0.250000
vt 0.014612 0.203178
vt 0.028269 0.158156
vt 0.050447 0.116663
vt 0.080294 0.080294
vt 0.116663 0.050447
vt 0.158156 0.028269
vt 0.203178 0.014612
vt 0.250000 0.010000
vt 0.296822 0.014612
vt 0.341844 0.028269
vt 0.383337 0.050447
vt 0.419706 0.080294
vt 0.449553 0.116663
vt 0.471731 0.158156
vt 0.485388 0.203178
vt 0.490000 0.250000
vt 0.485388 0.296822
vt 0.471731 0.341844
vt 0.449553 0.383337
vt 0.419706 0.419706
vt 0.383337 0.449553
vt 0.341844 0.471731
vt 0.031250 1.000000
vt 0.031250 0.500000
vt 0.000000 1.000000
vt 0.000000 0.500000
vt 0.750000 0.490000
vt 0.796822 0.485388
vt 0.841844 0.471731
vt 0.883337 0.449553
vt 0.919706 0.419706
vt 0.949553 0.383337
vt 0.971731 0.341844
vt 0.985388 0.296822
vt 0.990000 0.250000
vt 0.985388 0.203178
vt 0.971731 0.158156
vt 0.949553 0.116663
vt 0.919706 0.080294
vt 0.883337 0.050447
vt 0.841844 0.028269
vt 0.796822 0.014612
vt 0.750000 0.010000
vt 0.703178 0.014612
vt 0.658156 0.028269
vt 0.616663 0.050447
vt 0.580294 0.080294
vt 0.550447 0.116663
vt 0.528269 0.158156
vt 0.514612 0.203178
vt 0.510000 0.250000
vt 0.514612 0.296822
vt 0.528269 0.341844
vt 0.550447 0.383337
vt 0.580294 0.419706
vt 0.616663 0.449553
vt 0.658156 0.471731
vt 0.703178 0.485388
s 0
usemtl Table_6_Call_Light_mat.043
f 5625/5039/1685 5626/5040/1685 5628/5041/1685 5627/5042/1685
f 5627/5042/1686 5628/5041/1686 5630/5043/1686 5629/5044/1686
f 5629/5044/1687 5630/5043/1687 5632/5045/1687 5631/5046/1687
f 5631/5046/1688 5632/5045/1688 5634/5047/1688 5633/5048/1688
f 5633/5048/1689 5634/5047/1689 5636/5049/1689 5635/5050/1689
f 5635/5050/1690 5636/5049/1690 5638/5051/1690 5637/5052/1690
f 5637/5052/1691 5638/5051/1691 5640/5053/1691 5639/5054/1691
f 5639/5054/1692 5640/5053/1692 5642/5055/1692 5641/5056/1692
f 5641/5056/1693 5642/5055/1693 5644/5057/1693 5643/5058/1693
f 5643/5058/1694 5644/5057/1694 5646/5059/1694 5645/5060/1694
f 5645/5060/1695 5646/5059/1695 5648/5061/1695 5647/5062/1695
f 5647/5062/1696 5648/5061/1696 5650/5063/1696 5649/5064/1696
f 5649/5064/1697 5650/5063/1697 5652/5065/1697 5651/5066/1697
f 5651/5066/1698 5652/5065/1698 5654/5067/1698 5653/5068/1698
f 5653/5068/1699 5654/5067/1699 5656/5069/1699 5655/5070/1699
f 5655/5070/1700 5656/5069/1700 5658/5071/1700 5657/5072/1700
f 5657/5072/1701 5658/5071/1701 5660/5073/1701 5659/5074/1701
f 5659/5074/1702 5660/5073/1702 5662/5075/1702 5661/5076/1702
f 5661/5076/1703 5662/5075/1703 5664/5077/1703 5663/5078/1703
f 5663/5078/1704 5664/5077/1704 5666/5079/1704 5665/5080/1704
f 5665/5080/1705 5666/5079/1705 5668/5081/1705 5667/5082/1705
f 5667/5082/1706 5668/5081/1706 5670/5083/1706 5669/5084/1706
f 5669/5084/1707 5670/5083/1707 5672/5085/1707 5671/5086/1707
f 5671/5086/1708 5672/5085/1708 5674/5087/1708 5673/5088/1708
f 5673/5088/1709 5674/5087/1709 5676/5089/1709 5675/5090/1709
f 5675/5090/1710 5676/5089/1710 5678/5091/1710 5677/5092/1710
f 5677/5092/1711 5678/5091/1711 5680/5093/1711 5679/5094/1711
f 5679/5094/1712 5680/5093/1712 5682/5095/1712 5681/5096/1712
f 5681/5096/1713 5682/5095/1713 5684/5097/1713 5683/5098/1713
f 5683/5098/1714 5684/5097/1714 5686/5099/1714 5685/5100/1714
f 5628/5101/1715 5626/5102/1715 5688/5103/1715 5686/5104/1715 5684/5105/1715 5682/5106/1715 5680/5107/1715 5678/5108/1715 5676/5109/1715 5674/5110/1715 5672/5111/1715 5670/5112/1715 5668/5113/1715 5666/5114/1715 5664/5115/1715 5662/5116/1715 5660/5117/1715 5658/5118/1715 5656/5119/1715 5654/5120/1715 5652/5121/1715 5650/5122/1715 5648/5123/1715 5646/5124/1715 5644/5125/1715 5642/5126/1715 5640/5127/1715 5638/5128/1715 5636/5129/1715 5634/5130/1715 5632/5131/1715 5630/5132/1715
f 5685/5100/1716 5686/5099/1716 5688/5133/1716 5687/5134/1716
f 5687/5134/1717 5688/5133/1717 5626/5135/1717 5625/5136/1717
f 5625/5137/1718 5627/5138/1718 5629/5139/1718 5631/5140/1718 5633/5141/1718 5635/5142/1718 5637/5143/1718 5639/5144/1718 5641/5145/1718 5643/5146/1718 5645/5147/1718 5647/5148/1718 5649/5149/1718 5651/5150/1718 5653/5151/1718 5655/5152/1718 5657/5153/1718 5659/5154/1718 5661/5155/1718 5663/5156/1718 5665/5157/1718 5667/5158/1718 5669/5159/1718 5671/5160/1718 5673/5161/1718 5675/5162/1718 5677/5163/1718 5679/5164/1718 5681/5165/1718 5683/5166/1718 5685/5167/1718 5687/5168/1718
o Table_6_Label
v -0.232723 0.600300 -0.083420
v -0.233140 0.600300 -0.083123
v -0.233542 0.600300 -0.082800
v -0.233927 0.600300 -0.082453
v -0.234293 0.600300 -0.082086
v -0.234636 0.600300 -0.081701
v -0.234954 0.600300 -0.081302
v -0.235243 0.600300 -0.080891
v -0.235501 0.600300 -0.080471
v -0.235724 0.600300 -0.080045
v -0.235911 0.600300 -0.079617
v -0.236058 0.600300 -0.079188
v -0.235933 0.600300 -0.079251
v -0.235803 0.600300 -0.079313
v -0.235666 0.600300 -0.079373
v -0.235523 0.600300 -0.079431
v -0.235373 0.600300 -0.079485
v -0.235216 0.600300 -0.079535
v -0.235053 0.600300 -0.079579
v -0.234883 0.600300 -0.079617
v -0.234706 0.600300 -0.079649
v -0.234522 0.600300 -0.079672
v -0.234331 0.600300 -0.079687
v -0.234132 0.600300 -0.079692
v -0.233652 0.600300 -0.079660
v -0.233196 0.600300 -0.079568
v -0.232767 0.600300 -0.079418
v -0.232369 0.600300 -0.079215
v -0.232004 0.600300 -0.078963
v -0.231677 0.600300 -0.078664
v -0.231391 0.600300 -0.078323
v -0.231149 0.600300 -0.077943
v -0.230955 0.600300 -0.077528
v -0.230812 0.600300 -0.077082
v -0.230724 0.600300 -0.076608
v -0.230694 0.600300 -0.076110
v -0.230728 0.600300 -0.075618
v -0.230826 0.600300 -0.075144
v -0.230983 0.600300 -0.074693
v -0.231196 0.600300 -0.074270
v -0.231459 0.600300 -0.073879
v -0.231767 0.600300 -0.073525
v -0.232117 0.600300 -0.073212
v -0.232502 0.600300 -0.072946
v -0.232919 0.600300 -0.072731
v -0.233363 0.600300 -0.072571
v -0.233829 0.600300 -0.072472
v -0.234312 0.600300 -0.072438
v -0.234885 0.600300 -0.072474
v -0.235424 0.600300 -0.072581
v -0.235926 0.600300 -0.072754
v -0.236387 0.600300 -0.072991
v -0.236805 0.600300 -0.073289
v -0.237176 0.600300 -0.073644
v -0.237499 0.600300 -0.074053
v -0.237769 0.600300 -0.074513
v -0.237985 0.600300 -0.075020
v -0.238142 0.600300 -0.075571
v -0.238239 0.600300 -0.076164
v -0.238272 0.600300 -0.076794
v -0.238236 0.600300 -0.077562
v -0.238129 0.600300 -0.078326
v -0.237952 0.600300 -0.079082
v -0.237706 0.600300 -0.079827
v -0.237392 0.600300 -0.080559
v -0.237010 0.600300 -0.081274
v -0.236562 0.600300 -0.081969
v -0.236048 0.600300 -0.082641
v -0.235470 0.600300 -0.083287
v -0.234828 0.600300 -0.083904
v -0.234124 0.600300 -0.084488
v -0.233358 0.600300 -0.085038
v -0.232296 0.600300 -0.083688
v -0.234136 0.600300 -0.074129
v -0.233868 0.600300 -0.074178
v -0.233620 0.600300 -0.074257
v -0.233391 0.600300 -0.074367
v -0.233184 0.600300 -0.074504
v -0.233000 0.600300 -0.074668
v -0.232841 0.600300 -0.074857
v -0.232707 0.600300 -0.075069
v -0.232600 0.600300 -0.075304
v -0.232522 0.600300 -0.075560
v -0.232474 0.600300 -0.075835
v -0.232458 0.600300 -0.076128
v -0.232476 0.600300 -0.076392
v -0.232527 0.600300 -0.076643
v -0.232611 0.600300 -0.076879
v -0.232725 0.600300 -0.077098
v -0.232868 0.600300 -0.077298
v -0.233036 0.600300 -0.077478
v -0.233229 0.600300 -0.077635
v -0.233445 0.600300 -0.077768
v -0.233681 0.600300 -0.077875
v -0.233935 0.600300 -0.077953
v -0.234206 0.600300 -0.078001
v -0.234492 0.600300 -0.078018
v -0.234674 0.600300 -0.078015
v -0.234845 0.600300 -0.078005
v -0.235006 0.600300 -0.077988
v -0.235160 0.600300 -0.077962
v -0.235310 0.600300 -0.077927
v -0.235457 0.600300 -0.077883
v -0.235605 0.600300 -0.077828
v -0.235756 0.600300 -0.077762
v -0.235912 0.600300 -0.077684
v -0.236076 0.600300 -0.077593
v -0.236250 0.600300 -0.077489
v -0.236436 0.600300 -0.077370
v -0.236519 0.600300 -0.076882
v -0.236538 0.600300 -0.076429
v -0.236498 0.600300 -0.076010
v -0.236405 0.600300 -0.075629
v -0.236265 0.600300 -0.075287
v -0.236083 0.600300 -0.074985
v -0.235864 0.600300 -0.074725
v -0.235615 0.600300 -0.074509
v -0.235340 0.600300 -0.074338
v -0.235046 0.600300 -0.074213
v -0.234737 0.600300 -0.074138
v -0.234420 0.600300 -0.074112
v -0.243618 0.600300 -0.083292
v -0.243618 0.600300 -0.072600
v -0.245382 0.600300 -0.072600
v -0.245382 0.600300 -0.083292
v -0.249630 0.600300 -0.083292
v -0.249630 0.600300 -0.084876
v -0.239370 0.600300 -0.084876
v -0.239370 0.600300 -0.083292
v -0.232723 0.599700 -0.083420
v -0.233140 0.599700 -0.083123
v -0.233542 0.599700 -0.082800
v -0.233927 0.599700 -0.082453
v -0.234293 0.599700 -0.082086
v -0.234636 0.599700 -0.081701
v -0.234954 0.599700 -0.081302
v -0.235243 0.599700 -0.080891
v -0.235501 0.599700 -0.080471
v -0.235724 0.599700 -0.080045
v -0.235911 0.599700 -0.079617
v -0.236058 0.599700 -0.079188
v -0.235933 0.599700 -0.079251
v -0.235803 0.599700 -0.079313
v -0.235666 0.599700 -0.079373
v -0.235523 0.599700 -0.079431
v -0.235373 0.599700 -0.079485
v -0.235216 0.599700 -0.079535
v -0.235053 0.599700 -0.079579
v -0.234883 0.599700 -0.079617
v -0.234706 0.599700 -0.079649
v -0.234522 0.599700 -0.079672
v -0.234331 0.599700 -0.079687
v -0.234132 0.599700 -0.079692
v -0.233652 0.599700 -0.079660
v -0.233196 0.599700 -0.079568
v -0.232767 0.599700 -0.079418
v -0.232369 0.599700 -0.079215
v -0.232004 0.599700 -0.078963
v -0.231677 0.599700 -0.078664
v -0.231391 0.599700 -0.078323
v -0.231149 0.599700 -0.077943
v -0.230955 0.599700 -0.077528
v -0.230812 0.599700 -0.077082
v -0.230724 0.599700 -0.076608
v -0.230694 0.599700 -0.076110
v -0.230728 0.599700 -0.075618
v -0.230826 0.599700 -0.075144
v -0.230983 0.599700 -0.074693
v -0.231196 0.599700 -0.074270
v -0.231459 0.599700 -0.073879
v -0.231767 0.599700 -0.073525
v -0.232117 0.599700 -0.073212
v -0.232502 0.599700 -0.072946
v -0.232919 0.599700 -0.072731
v -0.233363 0.599700 -0.072571
v -0.233829 0.599700 -0.072472
v -0.234312 0.599700 -0.072438
v -0.234885 0.599700 -0.072474
v -0.235424 0.599700 -0.072581
v -0.235926 0.599700 -0.072754
v -0.236387 0.599700 -0.072991
v -0.236805 0.599700 -0.073289
v -0.237176 0.599700 -0.073644
v -0.237499 0.599700 -0.074053
v -0.237769 0.599700 -0.074513
v -0.237985 0.599700 -0.075020
v -0.238142 0.599700 -0.075571
v -0.238239 0.599700 -0.076164
v -0.238272 0.599700 -0.076794
v -0.238236 0.599700 -0.077562
v -0.238129 0.599700 -0.078326
v -0.237952 0.599700 -0.079082
v -0.237706 0.599700 -0.079827
v -0.237392 0.599700 -0.080559
v -0.237010 0.599700 -0.081274
v -0.236562 0.599700 -0.081969
v -0.236048 0.599700 -0.082641
v -0.235470 0.599700 -0.083287
v -0.234828 0.599700 -0.083904
v -0.234124 0.599700 -0.084488
v -0.233358 0.599700 -0.085038
v -0.232296 0.599700 -0.083688
v -0.234136 0.599700 -0.074129
v -0.233868 0.599700 -0.074178
v -0.233620 0.599700 -0.074257
v -0.233391 0.599700 -0.074367
v -0.233184 0.599700 -0.074504
v -0.233000 0.599700 -0.074668
v -0.232841 0.599700 -0.074857
v -0.232707 0.599700 -0.075069
v -0.232600 0.599700 -0.075304
v -0.232522 0.599700 -0.075560
v -0.232474 0.599700 -0.075835
v -0.232458 0.599700 -0.076128
v -0.232476 0.599700 -0.076392
v -0.232527 0.599700 -0.076643
v -0.232611 0.599700 -0.076879
v -0.232725 0.599700 -0.077098
v -0.232868 0.599700 -0.077298
v -0.233036 0.599700 -0.077478
v -0.233229 0.599700 -0.077635
v -0.233445 0.599700 -0.077768
v -0.233681 0.599700 -0.077875
v -0.233935 0.599700 -0.077953
v -0.234206 0.599700 -0.078001
v -0.234492 0.599700 -0.078018
v -0.234674 0.599700 -0.078015
v -0.234845 0.599700 -0.078005
v -0.235006 0.599700 -0.077988
v -0.235160 0.599700 -0.077962
v -0.235310 0.599700 -0.077927
v -0.235457 0.599700 -0.077883
v -0.235605 0.599700 -0.077828
v -0.235756 0.599700 -0.077762
v -0.235912 0.599700 -0.077684
v -0.236076 0.599700 -0.077593
v -0.236250 0.599700 -0.077489
v -0.236436 0.599700 -0.077370
v -0.236519 0.599700 -0.076882
v -0.236538 0.599700 -0.076429
v -0.236498 0.599700 -0.076010
v -0.236405 0.599700 -0.075629
v -0.236265 0.599700 -0.075287
v -0.236083 0.599700 -0.074985
v -0.235864 0.599700 -0.074725
v -0.235615 0.599700 -0.074509
v -0.235340 0.599700 -0.074338
v -0.235046 0.599700 -0.074213
v -0.234737 0.599700 -0.074138
v -0.234420 0.599700 -0.074112
v -0.243618 0.599700 -0.083292
v -0.243618 0.599700 -0.072600
v -0.245382 0.599700 -0.072600
v -0.245382 0.599700 -0.083292
v -0.249630 0.599700 -0.083292
v -0.249630 0.599700 -0.084876
v -0.239370 0.599700 -0.084876
v -0.239370 0.599700 -0.083292
v -0.243618 0.599700 -0.083292
v -0.243618 0.600300 -0.083292
v -0.243618 0.599700 -0.072600
v -0.243618 0.600300 -0.072600
v -0.245382 0.599700 -0.072600
v -0.245382 0.600300 -0.072600
v -0.245382 0.599700 -0.083292
v -0.245382 0.600300 -0.083292
v -0.249630 0.599700 -0.083292
v -0.249630 0.600300 -0.083292
v -0.249630 0.599700 -0.084876
v -0.249630 0.600300 -0.084876
v -0.239370 0.599700 -0.084876
v -0.239370 0.600300 -0.084876
v -0.239370 0.599700 -0.083292
v -0.239370 0.600300 -0.083292
v -0.232723 0.599700 -0.083420
v -0.232723 0.600300 -0.083420
v -0.233140 0.599700 -0.083123
v -0.233140 0.600300 -0.083123
v -0.233542 0.599700 -0.082800
v -0.233542 0.600300 -0.082800
v -0.233927 0.599700 -0.082453
v -0.233927 0.600300 -0.082453
v -0.234293 0.599700 -0.082086
v -0.234293 0.600300 -0.082086
v -0.234636 0.599700 -0.081701
v -0.234636 0.600300 -0.081701
v -0.234954 0.599700 -0.081302
v -0.234954 0.600300 -0.081302
v -0.235243 0.599700 -0.080891
v -0.235243 0.600300 -0.080891
v -0.235501 0.599700 -0.080471
v -0.235501 0.600300 -0.080471
v -0.235724 0.599700 -0.080045
v -0.235724 0.600300 -0.080045
v -0.235911 0.599700 -0.079617
v -0.235911 0.600300 -0.079617
v -0.236058 0.599700 -0.079188
v -0.236058 0.600300 -0.079188
v -0.235933 0.599700 -0.079251
v -0.235933 0.600300 -0.079251
v -0.235803 0.599700 -0.079313
v -0.235803 0.600300 -0.079313
v -0.235666 0.599700 -0.079373
v -0.235666 0.600300 -0.079373
v -0.235523 0.599700 -0.079431
v -0.235523 0.600300 -0.079431
v -0.235373 0.599700 -0.079485
v -0.235373 0.600300 -0.079485
v -0.235216 0.599700 -0.079535
v -0.235216 0.600300 -0.079535
v -0.235053 0.599700 -0.079579
v -0.235053 0.600300 -0.079579
v -0.234883 0.599700 -0.079617
v -0.234883 0.600300 -0.079617
v -0.234706 0.599700 -0.079649
v -0.234706 0.600300 -0.079649
v -0.234522 0.599700 -0.079672
v -0.234522 0.600300 -0.079672
v -0.234331 0.599700 -0.079687
v -0.234331 0.600300 -0.079687
v -0.234132 0.599700 -0.079692
v -0.234132 0.600300 -0.079692
v -0.233652 0.599700 -0.079660
v -0.233652 0.600300 -0.079660
v -0.233196 0.599700 -0.079568
v -0.233196 0.600300 -0.079568
v -0.232767 0.599700 -0.079418
v -0.232767 0.600300 -0.079418
v -0.232369 0.599700 -0.079215
v -0.232369 0.600300 -0.079215
v -0.232004 0.599700 -0.078963
v -0.232004 0.600300 -0.078963
v -0.231677 0.599700 -0.078664
v -0.231677 0.600300 -0.078664
v -0.231391 0.599700 -0.078323
v -0.231391 0.600300 -0.078323
v -0.231149 0.599700 -0.077943
v -0.231149 0.600300 -0.077943
v -0.230955 0.599700 -0.077528
v -0.230955 0.600300 -0.077528
v -0.230812 0.599700 -0.077082
v -0.230812 0.600300 -0.077082
v -0.230724 0.599700 -0.076608
v -0.230724 0.600300 -0.076608
v -0.230694 0.599700 -0.076110
v -0.230694 0.600300 -0.076110
v -0.230728 0.599700 -0.075618
v -0.230728 0.600300 -0.075618
v -0.230826 0.599700 -0.075144
v -0.230826 0.600300 -0.075144
v -0.230983 0.599700 -0.074693
v -0.230983 0.600300 -0.074693
v -0.231196 0.599700 -0.074270
v -0.231196 0.600300 -0.074270
v -0.231459 0.599700 -0.073879
v -0.231459 0.600300 -0.073879
v -0.231767 0.599700 -0.073525
v -0.231767 0.600300 -0.073525
v -0.232117 0.599700 -0.073212
v -0.232117 0.600300 -0.073212
v -0.232502 0.599700 -0.072946
v -0.232502 0.600300 -0.072946
v -0.232919 0.599700 -0.072731
v -0.232919 0.600300 -0.072731
v -0.233363 0.599700 -0.072571
v -0.233363 0.600300 -0.072571
v -0.233829 0.599700 -0.072472
v -0.233829 0.600300 -0.072472
v -0.234312 0.599700 -0.072438
v -0.234312 0.600300 -0.072438
v -0.234885 0.599700 -0.072474
v -0.234885 0.600300 -0.072474
v -0.235424 0.599700 -0.072581
v -0.235424 0.600300 -0.072581
v -0.235926 0.599700 -0.072754
v -0.235926 0.600300 -0.072754
v -0.236387 0.599700 -0.072991
v -0.236387 0.600300 -0.072991
v -0.236805 0.599700 -0.073289
v -0.236805 0.600300 -0.073289
v -0.237176 0.599700 -0.073644
v -0.237176 0.600300 -0.073644
v -0.237499 0.599700 -0.074053
v -0.237499 0.600300 -0.074053
v -0.237769 0.599700 -0.074513
v -0.237769 0.600300 -0.074513
v -0.237985 0.599700 -0.075020
v -0.237985 0.600300 -0.075020
v -0.238142 0.599700 -0.075571
v -0.238142 0.600300 -0.075571
v -0.238239 0.599700 -0.076164
v -0.238239 0.600300 -0.076164
v -0.238272 0.599700 -0.076794
v -0.238272 0.600300 -0.076794
v -0.238236 0.599700 -0.077562
v -0.238236 0.600300 -0.077562
v -0.238129 0.599700 -0.078326
v -0.238129 0.600300 -0.078326
v -0.237952 0.599700 -0.079082
v -0.237952 0.600300 -0.079082
v -0.237706 0.599700 -0.079827
v -0.237706 0.600300 -0.079827
v -0.237392 0.599700 -0.080559
v -0.237392 0.600300 -0.080559
v -0.237010 0.599700 -0.081274
v -0.237010 0.600300 -0.081274
v -0.236562 0.599700 -0.081969
v -0.236562 0.600300 -0.081969
v -0.236048 0.599700 -0.082641
v -0.236048 0.600300 -0.082641
v -0.235470 0.599700 -0.083287
v -0.235470 0.600300 -0.083287
v -0.234828 0.599700 -0.083904
v -0.234828 0.600300 -0.083904
v -0.234124 0.599700 -0.084488
v -0.234124 0.600300 -0.084488
v -0.233358 0.599700 -0.085038
v -0.233358 0.600300 -0.085038
v -0.232296 0.599700 -0.083688
v -0.232296 0.600300 -0.083688
v -0.234136 0.599700 -0.074129
v -0.234136 0.600300 -0.074129
v -0.233868 0.599700 -0.074178
v -0.233868 0.600300 -0.074178
v -0.233620 0.599700 -0.074257
v -0.233620 0.600300 -0.074257
v -0.233391 0.599700 -0.074367
v -0.233391 0.600300 -0.074367
v -0.233184 0.599700 -0.074504
v -0.233184 0.600300 -0.074504
v -0.233000 0.599700 -0.074668
v -0.233000 0.600300 -0.074668
v -0.232841 0.599700 -0.074857
v -0.232841 0.600300 -0.074857
v -0.232707 0.599700 -0.075069
v -0.232707 0.600300 -0.075069
v -0.232600 0.599700 -0.075304
v -0.232600 0.600300 -0.075304
v -0.232522 0.599700 -0.075560
v -0.232522 0.600300 -0.075560
v -0.232474 0.599700 -0.075835
v -0.232474 0.600300 -0.075835
v -0.232458 0.599700 -0.076128
v -0.232458 0.600300 -0.076128
v -0.232476 0.599700 -0.076392
v -0.232476 0.600300 -0.076392
v -0.232527 0.599700 -0.076643
v -0.232527 0.600300 -0.076643
v -0.232611 0.599700 -0.076879
v -0.232611 0.600300 -0.076879
v -0.232725 0.599700 -0.077098
v -0.232725 0.600300 -0.077098
v -0.232868 0.599700 -0.077298
v -0.232868 0.600300 -0.077298
v -0.233036 0.599700 -0.077478
v -0.233036 0.600300 -0.077478
v -0.233229 0.599700 -0.077635
v -0.233229 0.600300 -0.077635
v -0.233445 0.599700 -0.077768
v -0.233445 0.600300 -0.077768
v -0.233681 0.599700 -0.077875
v -0.233681 0.600300 -0.077875
v -0.233935 0.599700 -0.077953
v -0.233935 0.600300 -0.077953
v -0.234206 0.599700 -0.078001
v -0.234206 0.600300 -0.078001
v -0.234492 0.599700 -0.078018
v -0.234492 0.600300 -0.078018
v -0.234674 0.599700 -0.078015
v -0.234674 0.600300 -0.078015
v -0.234845 0.599700 -0.078005
v -0.234845 0.600300 -0.078005
v -0.235006 0.599700 -0.077988
v -0.235006 0.600300 -0.077988
v -0.235160 0.599700 -0.077962
v -0.235160 0.600300 -0.077962
v -0.235310 0.599700 -0.077927
v -0.235310 0.600300 -0.077927
v -0.235457 0.599700 -0.077883
v -0.235457 0.600300 -0.077883
v -0.235605 0.599700 -0.077828
v -0.235605 0.600300 -0.077828
v -0.235756 0.599700 -0.077762
v -0.235756 0.600300 -0.077762
v -0.235912 0.599700 -0.077684
v -0.235912 0.600300 -0.077684
v -0.236076 0.599700 -0.077593
v -0.236076 0.600300 -0.077593
v -0.236250 0.599700 -0.077489
v -0.236250 0.600300 -0.077489
v -0.236436 0.599700 -0.077370
v -0.236436 0.600300 -0.077370
v -0.236519 0.599700 -0.076882
v -0.236519 0.600300 -0.076882
v -0.236538 0.599700 -0.076429
v -0.236538 0.600300 -0.076429
v -0.236498 0.599700 -0.076010
v -0.236498 0.600300 -0.076010
v -0.236405 0.599700 -0.075629
v -0.236405 0.600300 -0.075629
v -0.236265 0.599700 -0.075287
v -0.236265 0.600300 -0.075287
v -0.236083 0.599700 -0.074985
v -0.236083 0.600300 -0.074985
v -0.235864 0.599700 -0.074725
v -0.235864 0.600300 -0.074725
v -0.235615 0.599700 -0.074509
v -0.235615 0.600300 -0.074509
v -0.235340 0.599700 -0.074338
v -0.235340 0.600300 -0.074338
v -0.235046 0.599700 -0.074213
v -0.235046 0.600300 -0.074213
v -0.234737 0.599700 -0.074138
v -0.234737 0.600300 -0.074138
v -0.234420 0.599700 -0.074112
v -0.234420 0.600300 -0.074112
vn -0.0000 1.0000 -0.0000
vn -0.0000 -1.0000 -0.0000
vn 0.7071 -0.0000 0.7071
vn -0.7071 -0.0000 0.7071
vn -0.7071 -0.0000 -0.7071
vn 0.7071 -0.0000 -0.7071
vn 0.5560 -0.0000 0.8312
vn 0.6039 -0.0000 0.7971
vn 0.6479 -0.0000 0.7617
vn 0.6890 -0.0000 0.7247
vn 0.7279 -0.0000 0.6857
vn 0.7650 -0.0000 0.6441
vn 0.8007 -0.0000 0.5990
vn 0.8354 -0.0000 0.5496
vn 0.8691 -0.0000 0.4946
vn 0.9015 -0.0000 0.4327
vn 0.9321 -0.0000 0.3622
vn 0.6570 -0.0000 -0.7539
vn -0.4397 -0.0000 -0.8982
vn -0.4157 -0.0000 -0.9095
vn -0.3879 -0.0000 -0.9217
vn -0.3565 -0.0000 -0.9343
vn -0.3214 -0.0000 -0.9469
vn -0.2831 -0.0000 -0.9591
vn -0.2416 -0.0000 -0.9704
vn -0.1973 -0.0000 -0.9803
vn -0.1505 -0.0000 -0.9886
vn -0.1016 -0.0000 -0.9948
vn -0.0512 -0.0000 -0.9987
vn 0.0201 -0.0000 -0.9998
vn 0.1325 -0.0000 -0.9912
vn 0.2645 -0.0000 -0.9644
vn 0.3925 -0.0000 -0.9197
vn 0.5131 -0.0000 -0.8583
vn 0.6237 -0.0000 -0.7817
vn 0.7220 -0.0000 -0.6919
vn 0.8067 -0.0000 -0.5910
vn 0.8765 -0.0000 -0.4813
vn 0.9310 -0.0000 -0.3650
vn 0.9697 -0.0000 -0.2445
vn 0.9925 -0.0000 -0.1220
vn 1.0000 -0.0000 0.0039
vn 0.9907 -0.0000 0.1358
vn 0.9637 -0.0000 0.2669
vn 0.9207 -0.0000 0.3902
vn 0.8635 -0.0000 0.5043
vn 0.7936 -0.0000 0.6084
vn 0.7119 -0.0000 0.7023
vn 0.6188 -0.0000 0.7856
vn 0.5145 -0.0000 0.8575
vn 0.3993 -0.0000 0.9168
vn 0.2739 -0.0000 0.9618
vn 0.1396 -0.0000 0.9902
vn 0.0037 -0.0000 1.0000
vn -0.1287 -0.0000 0.9917
vn -0.2610 -0.0000 0.9653
vn -0.3932 -0.0000 0.9195
vn -0.5202 -0.0000 0.8541
vn -0.6371 -0.0000 0.7708
vn -0.7397 -0.0000 0.6729
vn -0.8254 -0.0000 0.5645
vn -0.8930 -0.0000 0.4501
vn -0.9427 -0.0000 0.3335
vn -0.9759 -0.0000 0.2183
vn -0.9943 -0.0000 0.1068
vn -1.0000 -0.0000 0.0028
vn -0.9957 -0.0000 -0.0927
vn -0.9830 -0.0000 -0.1835
vn -0.9626 -0.0000 -0.2711
vn -0.9350 -0.0000 -0.3546
vn -0.9012 -0.0000 -0.4334
vn -0.8620 -0.0000 -0.5070
vn -0.8181 -0.0000 -0.5751
vn -0.7704 -0.0000 -0.6375
vn -0.7196 -0.0000 -0.6943
vn -0.6664 -0.0000 -0.7456
vn -0.6113 -0.0000 -0.7914
vn 0.1405 -0.0000 -0.9901
vn 0.9852 -0.0000 0.1715
vn -0.1195 -0.0000 -0.9928
vn -0.2435 -0.0000 -0.9699
vn -0.3694 -0.0000 -0.9293
vn -0.4932 -0.0000 -0.8699
vn -0.6103 -0.0000 -0.7922
vn -0.7161 -0.0000 -0.6980
vn -0.8070 -0.0000 -0.5906
vn -0.8804 -0.0000 -0.4742
vn -0.9355 -0.0000 -0.3532
vn -0.9727 -0.0000 -0.2319
vn -0.9935 -0.0000 -0.1135
vn -1.0000 -0.0000 0.0057
vn -0.9909 -0.0000 0.1347
vn -0.9631 -0.0000 0.2691
vn -0.9168 -0.0000 0.3993
vn -0.8531 -0.0000 0.5217
vn -0.7740 -0.0000 0.6332
vn -0.6819 -0.0000 0.7315
vn -0.5794 -0.0000 0.8150
vn -0.4692 -0.0000 0.8831
vn -0.3538 -0.0000 0.9353
vn -0.2356 -0.0000 0.9718
vn -0.1171 -0.0000 0.9931
vn -0.0204 -0.0000 0.9998
vn 0.0375 -0.0000 0.9993
vn 0.0826 -0.0000 0.9966
vn 0.1357 -0.0000 0.9908
vn 0.1948 -0.0000 0.9808
vn 0.2568 -0.0000 0.9665
vn 0.3180 -0.0000 0.9481
vn 0.3748 -0.0000 0.9271
vn 0.4248 -0.0000 0.9053
vn 0.4666 -0.0000 0.8845
vn 0.5001 -0.0000 0.8660
vn 0.5259 -0.0000 0.8506
vn 0.8329 -0.0000 0.5534
vn 0.9945 -0.0000 0.1049
vn 0.9996 -0.0000 -0.0266
vn 0.9861 -0.0000 -0.1661
vn 0.9511 -0.0000 -0.3088
vn 0.8934 -0.0000 -0.4493
vn 0.8132 -0.0000 -0.5820
vn 0.7125 -0.0000 -0.7017
vn 0.5938 -0.0000 -0.8046
vn 0.4602 -0.0000 -0.8878
vn 0.3146 -0.0000 -0.9492
vn 0.1600 -0.0000 -0.9871
vn 0.0111 -0.0000 -0.9999
vt 0.883333 0.000000
vt 0.091667 0.000000
vt 0.891667 0.000000
vt 0.875000 0.000000
vt 0.450000 0.000000
vt 0.441667 0.000000
vt 0.950000 0.000000
vt 0.941667 0.000000
vt 0.458333 0.000000
vt 0.466667 0.000000
vt 0.933333 0.000000
vt 0.475000 0.000000
vt 0.925000 0.000000
vt 0.483333 0.000000
vt 0.916667 0.000000
vt 0.491667 0.000000
vt 0.908333 0.000000
vt 0.500000 0.000000
vt 0.900000 0.000000
vt 0.508333 0.000000
vt 0.516667 0.000000
vt 0.525000 0.000000
vt 0.808333 0.000000
vt 0.166667 0.000000
vt 0.158333 0.000000
vt 0.141667 0.000000
vt 0.825000 0.000000
vt 0.816667 0.000000
vt 0.150000 0.000000
vt 0.400000 0.000000
vt 0.991667 0.000000
vt 0.408333 0.000000
vt 0.983333 0.000000
vt 0.116667 0.000000
vt 0.108333 0.000000
vt 0.841667 0.000000
vt 0.833333 0.000000
vt 0.125000 0.000000
vt 0.133333 0.000000
vt 0.416667 0.000000
vt 0.975000 0.000000
vt 0.425000 0.000000
vt 0.966667 0.000000
vt 0.433333 0.000000
vt 0.958333 0.000000
vt 0.866667 0.000000
vt 0.858333 0.000000
vt 0.850000 0.000000
vt 0.100000 0.000000
vt 0.083333 0.000000
vt 0.533333 0.000000
vt 0.075000 0.000000
vt 0.541667 0.000000
vt 0.066667 0.000000
vt 0.058333 0.000000
vt 0.550000 0.000000
vt 0.050000 0.000000
vt 0.558333 0.000000
vt 0.175000 0.000000
vt 0.800000 0.000000
vt 0.183333 0.000000
vt 0.383333 0.000000
vt 0.616667 0.000000
vt 0.608333 0.000000
vt 0.391667 0.000000
vt 1.000000 0.000000
vt 0.791667 0.000000
vt 0.191667 0.000000
vt 0.625000 0.000000
vt 0.375000 0.000000
vt 0.366667 0.000000
vt 0.633333 0.000000
vt 0.775000 0.000000
vt 0.208333 0.000000
vt 0.783333 0.000000
vt 0.200000 0.000000
vt 0.016667 0.000000
vt 0.008333 0.000000
vt 0.583333 0.000000
vt 0.341667 0.000000
vt 0.333333 0.000000
vt 0.658333 0.000000
vt 0.666667 0.000000
vt 0.325000 0.000000
vt 0.675000 0.000000
vt 0.316667 0.000000
vt 0.683333 0.000000
vt 0.308333 0.000000
vt 0.691667 0.000000
vt 0.300000 0.000000
vt 0.291667 0.000000
vt 0.700000 0.000000
vt 0.283333 0.000000
vt 0.708333 0.000000
vt 0.275000 0.000000
vt 0.716667 0.000000
vt 0.266667 0.000000
vt 0.725000 0.000000
vt 0.258333 0.000000
vt 0.733333 0.000000
vt 0.250000 0.000000
vt 0.741667 0.000000
vt 0.241667 0.000000
vt 0.358333 0.000000
vt 0.641667 0.000000
vt 0.350000 0.000000
vt 0.650000 0.000000
vt 0.750000 0.000000
vt 0.233333 0.000000
vt 0.758333 0.000000
vt 0.225000 0.000000
vt 0.766667 0.000000
vt 0.216667 0.000000
vt 0.000000 0.000000
vt 0.591667 0.000000
vt 0.600000 0.000000
vt 0.041667 0.000000
vt 0.566667 0.000000
vt 0.033333 0.000000
vt 0.025000 0.000000
vt 0.575000 0.000000
vt 0.714286 0.000000
vt 0.571429 0.000000
vt 0.428571 0.000000
vt 0.857143 0.000000
vt 0.285714 0.000000
vt 0.142857 0.000000
vt 0.000000 1.000000
vt 0.125000 1.000000
vt 0.250000 1.000000
vt 0.375000 1.000000
vt 0.500000 1.000000
vt 0.625000 1.000000
vt 0.750000 1.000000
vt 0.875000 1.000000
vt 1.000000 1.000000
vt 0.013699 1.000000
vt 0.013699 0.000000
vt 0.027397 1.000000
vt 0.027397 0.000000
vt 0.041096 1.000000
vt 0.041096 0.000000
vt 0.054795 1.000000
vt 0.054795 0.000000
vt 0.068493 1.000000
vt 0.068493 0.000000
vt 0.082192 1.000000
vt 0.082192 0.000000
vt 0.095890 1.000000
vt 0.095890 0.000000
vt 0.109589 1.000000
vt 0.109589 0.000000
vt 0.123288 1.000000
vt 0.123288 0.000000
vt 0.136986 1.000000
vt 0.136986 0.000000
vt 0.150685 1.000000
vt 0.150685 0.000000
vt 0.164384 1.000000
vt 0.164384 0.000000
vt 0.178082 1.000000
vt 0.178082 0.000000
vt 0.191781 1.000000
vt 0.191781 0.000000
vt 0.205479 1.000000
vt 0.205479 0.000000
vt 0.219178 1.000000
vt 0.219178 0.000000
vt 0.232877 1.000000
vt 0.232877 0.000000
vt 0.246575 1.000000
vt 0.246575 0.000000
vt 0.260274 1.000000
vt 0.260274 0.000000
vt 0.273973 1.000000
vt 0.273973 0.000000
vt 0.287671 1.000000
vt 0.287671 0.000000
vt 0.301370 1.000000
vt 0.301370 0.000000
vt 0.315068 1.000000
vt 0.315068 0.000000
vt 0.328767 1.000000
vt 0.328767 0.000000
vt 0.342466 1.000000
vt 0.342466 0.000000
vt 0.356164 1.000000
vt 0.356164 0.000000
vt 0.369863 1.000000
vt 0.369863 0.000000
vt 0.383562 1.000000
vt 0.383562 0.000000
vt 0.397260 1.000000
vt 0.397260 0.000000
vt 0.410959 1.000000
vt 0.410959 0.000000
vt 0.424658 1.000000
vt 0.424658 0.000000
vt 0.438356 1.000000
vt 0.438356 0.000000
vt 0.452055 1.000000
vt 0.452055 0.000000
vt 0.465753 1.000000
vt 0.465753 0.000000
vt 0.479452 1.000000
vt 0.479452 0.000000
vt 0.493151 1.000000
vt 0.493151 0.000000
vt 0.506849 1.000000
vt 0.506849 0.000000
vt 0.520548 1.000000
vt 0.520548 0.000000
vt 0.534247 1.000000
vt 0.534247 0.000000
vt 0.547945 1.000000
vt 0.547945 0.000000
vt 0.561644 1.000000
vt 0.561644 0.000000
vt 0.575342 1.000000
vt 0.575342 0.000000
vt 0.589041 1.000000
vt 0.589041 0.000000
vt 0.602740 1.000000
vt 0.602740 0.000000
vt 0.616438 1.000000
vt 0.616438 0.000000
vt 0.630137 1.000000
vt 0.630137 0.000000
vt 0.643836 1.000000
vt 0.643836 0.000000
vt 0.657534 1.000000
vt 0.657534 0.000000
vt 0.671233 1.000000
vt 0.671233 0.000000
vt 0.684932 1.000000
vt 0.684932 0.000000
vt 0.698630 1.000000
vt 0.698630 0.000000
vt 0.712329 1.000000
vt 0.712329 0.000000
vt 0.726027 1.000000
vt 0.726027 0.000000
vt 0.739726 1.000000
vt 0.739726 0.000000
vt 0.753425 1.000000
vt 0.753425 0.000000
vt 0.767123 1.000000
vt 0.767123 0.000000
vt 0.780822 1.000000
vt 0.780822 0.000000
vt 0.794521 1.000000
vt 0.794521 0.000000
vt 0.808219 1.000000
vt 0.808219 0.000000
vt 0.821918 1.000000
vt 0.821918 0.000000
vt 0.835616 1.000000
vt 0.835616 0.000000
vt 0.849315 1.000000
vt 0.849315 0.000000
vt 0.863014 1.000000
vt 0.863014 0.000000
vt 0.876712 1.000000
vt 0.876712 0.000000
vt 0.890411 1.000000
vt 0.890411 0.000000
vt 0.904110 1.000000
vt 0.904110 0.000000
vt 0.917808 1.000000
vt 0.917808 0.000000
vt 0.931507 1.000000
vt 0.931507 0.000000
vt 0.945205 1.000000
vt 0.945205 0.000000
vt 0.958904 1.000000
vt 0.958904 0.000000
vt 0.972603 1.000000
vt 0.972603 0.000000
vt 0.986301 1.000000
vt 0.986301 0.000000
vt 0.020833 1.000000
vt 0.020833 0.000000
vt 0.041667 1.000000
vt 0.062500 1.000000
vt 0.062500 0.000000
vt 0.083333 1.000000
vt 0.104167 1.000000
vt 0.104167 0.000000
vt 0.145833 1.000000
vt 0.145833 0.000000
vt 0.166667 1.000000
vt 0.187500 1.000000
vt 0.187500 0.000000
vt 0.208333 1.000000
vt 0.229167 1.000000
vt 0.229167 0.000000
vt 0.270833 1.000000
vt 0.270833 0.000000
vt 0.291667 1.000000
vt 0.312500 1.000000
vt 0.312500 0.000000
vt 0.333333 1.000000
vt 0.354167 1.000000
vt 0.354167 0.000000
vt 0.395833 1.000000
vt 0.395833 0.000000
vt 0.416667 1.000000
vt 0.437500 1.000000
vt 0.437500 0.000000
vt 0.458333 1.000000
vt 0.479167 1.000000
vt 0.479167 0.000000
vt 0.520833 1.000000
vt 0.520833 0.000000
vt 0.541667 1.000000
vt 0.562500 1.000000
vt 0.562500 0.000000
vt 0.583333 1.000000
vt 0.604167 1.000000
vt 0.604167 0.000000
vt 0.645833 1.000000
vt 0.645833 0.000000
vt 0.666667 1.000000
vt 0.687500 1.000000
vt 0.687500 0.000000
vt 0.708333 1.000000
vt 0.729167 1.000000
vt 0.729167 0.000000
vt 0.770833 1.000000
vt 0.770833 0.000000
vt 0.791667 1.000000
vt 0.812500 1.000000
vt 0.812500 0.000000
vt 0.833333 1.000000
vt 0.854167 1.000000
vt 0.854167 0.000000
vt 0.895833 1.000000
vt 0.895833 0.000000
vt 0.916667 1.000000
vt 0.937500 1.000000
vt 0.937500 0.000000
vt 0.958333 1.000000
vt 0.979167 1.000000
vt 0.979167 0.000000
s 0
usemtl Table_6_Label_mat.043
f 5795/5169/1719 5700/5170/1719 5796/5171/1719
f 5700/5170/1719 5795/5169/1719 5794/5172/1719
f 5743/5173/1719 5742/5174/1719 5803/5175/1719
f 5803/5175/1719 5802/5176/1719 5743/5173/1719
f 5744/5177/1719 5743/5173/1719 5802/5176/1719
f 5745/5178/1719 5744/5177/1719 5802/5176/1719
f 5802/5176/1719 5801/5179/1719 5745/5178/1719
f 5746/5180/1719 5745/5178/1719 5801/5179/1719
f 5801/5179/1719 5800/5181/1719 5746/5180/1719
f 5747/5182/1719 5746/5180/1719 5800/5181/1719
f 5800/5181/1719 5799/5183/1719 5747/5182/1719
f 5748/5184/1719 5747/5182/1719 5799/5183/1719
f 5799/5183/1719 5798/5185/1719 5748/5184/1719
f 5749/5186/1719 5748/5184/1719 5798/5185/1719
f 5798/5185/1719 5797/5187/1719 5749/5186/1719
f 5750/5188/1719 5749/5186/1719 5797/5187/1719
f 5797/5187/1719 5796/5171/1719 5750/5188/1719
f 5796/5171/1719 5700/5170/1719 5750/5188/1719
f 5751/5189/1719 5750/5188/1719 5700/5170/1719
f 5752/5190/1719 5751/5189/1719 5700/5170/1719
f 5786/5191/1719 5709/5192/1719 5708/5193/1719
f 5706/5194/1719 5788/5195/1719 5787/5196/1719
f 5707/5197/1719 5706/5194/1719 5787/5196/1719
f 5787/5196/1719 5786/5191/1719 5707/5197/1719
f 5786/5191/1719 5708/5193/1719 5707/5197/1719
f 5737/5198/1719 5808/5199/1719 5738/5200/1719
f 5808/5199/1719 5807/5201/1719 5738/5200/1719
f 5703/5202/1719 5702/5203/1719 5790/5204/1719
f 5790/5204/1719 5789/5205/1719 5703/5202/1719
f 5704/5206/1719 5703/5202/1719 5789/5205/1719
f 5789/5205/1719 5788/5195/1719 5704/5206/1719
f 5705/5207/1719 5704/5206/1719 5788/5195/1719
f 5788/5195/1719 5706/5194/1719 5705/5207/1719
f 5738/5200/1719 5807/5201/1719 5739/5208/1719
f 5807/5201/1719 5806/5209/1719 5739/5208/1719
f 5740/5210/1719 5739/5208/1719 5806/5209/1719
f 5806/5209/1719 5805/5211/1719 5740/5210/1719
f 5741/5212/1719 5740/5210/1719 5805/5211/1719
f 5805/5211/1719 5804/5213/1719 5741/5212/1719
f 5742/5174/1719 5741/5212/1719 5804/5213/1719
f 5803/5175/1719 5742/5174/1719 5804/5213/1719
f 5700/5170/1719 5794/5172/1719 5793/5214/1719
f 5793/5214/1719 5792/5215/1719 5700/5170/1719
f 5792/5215/1719 5791/5216/1719 5700/5170/1719
f 5701/5217/1719 5700/5170/1719 5791/5216/1719
f 5791/5216/1719 5790/5204/1719 5701/5217/1719
f 5790/5204/1719 5702/5203/1719 5701/5217/1719
f 5752/5190/1719 5700/5170/1719 5699/5218/1719
f 5753/5219/1719 5752/5190/1719 5699/5218/1719
f 5699/5218/1719 5698/5220/1719 5753/5219/1719
f 5754/5221/1719 5753/5219/1719 5698/5220/1719
f 5698/5220/1719 5697/5222/1719 5754/5221/1719
f 5697/5222/1719 5696/5223/1719 5754/5221/1719
f 5755/5224/1719 5754/5221/1719 5696/5223/1719
f 5696/5223/1719 5695/5225/1719 5755/5224/1719
f 5756/5226/1719 5755/5224/1719 5695/5225/1719
f 5710/5227/1719 5785/5228/1719 5711/5229/1719
f 5735/5230/1719 5763/5231/1719 5762/5232/1719
f 5735/5230/1719 5762/5232/1719 5736/5233/1719
f 5809/5234/1719 5736/5233/1719 5762/5232/1719
f 5711/5229/1719 5785/5228/1719 5784/5235/1719
f 5784/5235/1719 5712/5236/1719 5711/5229/1719
f 5764/5237/1719 5734/5238/1719 5733/5239/1719
f 5765/5240/1719 5764/5237/1719 5733/5239/1719
f 5763/5231/1719 5735/5230/1719 5734/5238/1719
f 5734/5238/1719 5764/5237/1719 5763/5231/1719
f 5782/5241/1719 5714/5242/1719 5783/5243/1719
f 5714/5242/1719 5713/5244/1719 5783/5243/1719
f 5784/5235/1719 5783/5243/1719 5713/5244/1719
f 5712/5236/1719 5784/5235/1719 5713/5244/1719
f 5691/5245/1719 5690/5246/1719 5759/5247/1719
f 5730/5248/1719 5729/5249/1719 5768/5250/1719
f 5769/5251/1719 5768/5250/1719 5729/5249/1719
f 5729/5249/1719 5728/5252/1719 5769/5251/1719
f 5770/5253/1719 5769/5251/1719 5728/5252/1719
f 5728/5252/1719 5727/5254/1719 5770/5253/1719
f 5771/5255/1719 5770/5253/1719 5727/5254/1719
f 5727/5254/1719 5726/5256/1719 5771/5255/1719
f 5772/5257/1719 5771/5255/1719 5726/5256/1719
f 5726/5256/1719 5725/5258/1719 5772/5257/1719
f 5725/5258/1719 5724/5259/1719 5772/5257/1719
f 5773/5260/1719 5772/5257/1719 5724/5259/1719
f 5724/5259/1719 5723/5261/1719 5773/5260/1719
f 5774/5262/1719 5773/5260/1719 5723/5261/1719
f 5723/5261/1719 5722/5263/1719 5774/5262/1719
f 5775/5264/1719 5774/5262/1719 5722/5263/1719
f 5722/5263/1719 5721/5265/1719 5775/5264/1719
f 5776/5266/1719 5775/5264/1719 5721/5265/1719
f 5721/5265/1719 5720/5267/1719 5776/5266/1719
f 5777/5268/1719 5776/5266/1719 5720/5267/1719
f 5720/5267/1719 5719/5269/1719 5777/5268/1719
f 5778/5270/1719 5777/5268/1719 5719/5269/1719
f 5719/5269/1719 5718/5271/1719 5778/5270/1719
f 5765/5240/1719 5733/5239/1719 5732/5272/1719
f 5766/5273/1719 5765/5240/1719 5732/5272/1719
f 5732/5272/1719 5731/5274/1719 5766/5273/1719
f 5767/5275/1719 5766/5273/1719 5731/5274/1719
f 5731/5274/1719 5730/5248/1719 5767/5275/1719
f 5730/5248/1719 5768/5250/1719 5767/5275/1719
f 5778/5270/1719 5718/5271/1719 5779/5276/1719
f 5718/5271/1719 5717/5277/1719 5779/5276/1719
f 5780/5278/1719 5779/5276/1719 5717/5277/1719
f 5717/5277/1719 5716/5279/1719 5780/5278/1719
f 5781/5280/1719 5780/5278/1719 5716/5279/1719
f 5716/5279/1719 5715/5281/1719 5781/5280/1719
f 5782/5241/1719 5781/5280/1719 5715/5281/1719
f 5714/5242/1719 5782/5241/1719 5715/5281/1719
f 5759/5247/1719 5690/5246/1719 5689/5282/1719
f 5760/5283/1719 5759/5247/1719 5689/5282/1719
f 5689/5282/1719 5761/5284/1719 5760/5283/1719
f 5736/5233/1719 5809/5234/1719 5737/5198/1719
f 5808/5199/1719 5737/5198/1719 5809/5234/1719
f 5709/5192/1719 5786/5191/1719 5785/5228/1719
f 5785/5228/1719 5710/5227/1719 5709/5192/1719
f 5756/5226/1719 5695/5225/1719 5694/5285/1719
f 5757/5286/1719 5756/5226/1719 5694/5285/1719
f 5694/5285/1719 5693/5287/1719 5757/5286/1719
f 5693/5287/1719 5692/5288/1719 5757/5286/1719
f 5758/5289/1719 5757/5286/1719 5692/5288/1719
f 5692/5288/1719 5691/5245/1719 5758/5289/1719
f 5691/5245/1719 5759/5247/1719 5758/5289/1719
f 5815/5290/1719 5814/5291/1719 5813/5292/1719
f 5817/5234/1719 5816/5293/1719 5810/5282/1719
f 5813/5292/1719 5812/5294/1719 5811/5295/1719
f 5811/5295/1719 5810/5282/1719 5813/5292/1719
f 5810/5282/1719 5816/5293/1719 5813/5292/1719
f 5815/5290/1719 5813/5292/1719 5816/5293/1719
f 5924/5169/1720 5925/5171/1720 5829/5170/1720
f 5829/5170/1720 5923/5172/1720 5924/5169/1720
f 5872/5173/1720 5932/5175/1720 5871/5174/1720
f 5932/5175/1720 5872/5173/1720 5931/5176/1720
f 5873/5177/1720 5931/5176/1720 5872/5173/1720
f 5874/5178/1720 5931/5176/1720 5873/5177/1720
f 5931/5176/1720 5874/5178/1720 5930/5179/1720
f 5875/5180/1720 5930/5179/1720 5874/5178/1720
f 5930/5179/1720 5875/5180/1720 5929/5181/1720
f 5876/5182/1720 5929/5181/1720 5875/5180/1720
f 5929/5181/1720 5876/5182/1720 5928/5183/1720
f 5877/5184/1720 5928/5183/1720 5876/5182/1720
f 5928/5183/1720 5877/5184/1720 5927/5185/1720
f 5878/5186/1720 5927/5185/1720 5877/5184/1720
f 5927/5185/1720 5878/5186/1720 5926/5187/1720
f 5879/5188/1720 5926/5187/1720 5878/5186/1720
f 5926/5187/1720 5879/5188/1720 5925/5171/1720
f 5925/5171/1720 5879/5188/1720 5829/5170/1720
f 5880/5189/1720 5829/5170/1720 5879/5188/1720
f 5881/5190/1720 5829/5170/1720 5880/5189/1720
f 5915/5191/1720 5837/5193/1720 5838/5192/1720
f 5835/5194/1720 5916/5196/1720 5917/5195/1720
f 5836/5197/1720 5916/5196/1720 5835/5194/1720
f 5916/5196/1720 5836/5197/1720 5915/5191/1720
f 5915/5191/1720 5836/5197/1720 5837/5193/1720
f 5866/5198/1720 5867/5200/1720 5937/5199/1720
f 5937/5199/1720 5867/5200/1720 5936/5201/1720
f 5832/5202/1720 5919/5204/1720 5831/5203/1720
f 5919/5204/1720 5832/5202/1720 5918/5205/1720
f 5833/5206/1720 5918/5205/1720 5832/5202/1720
f 5918/5205/1720 5833/5206/1720 5917/5195/1720
f 5834/5207/1720 5917/5195/1720 5833/5206/1720
f 5917/5195/1720 5834/5207/1720 5835/5194/1720
f 5867/5200/1720 5868/5208/1720 5936/5201/1720
f 5936/5201/1720 5868/5208/1720 5935/5209/1720
f 5869/5210/1720 5935/5209/1720 5868/5208/1720
f 5935/5209/1720 5869/5210/1720 5934/5211/1720
f 5870/5212/1720 5934/5211/1720 5869/5210/1720
f 5934/5211/1720 5870/5212/1720 5933/5213/1720
f 5871/5174/1720 5933/5213/1720 5870/5212/1720
f 5932/5175/1720 5933/5213/1720 5871/5174/1720
f 5829/5170/1720 5922/5214/1720 5923/5172/1720
f 5922/5214/1720 5829/5170/1720 5921/5215/1720
f 5921/5215/1720 5829/5170/1720 5920/5216/1720
f 5830/5217/1720 5920/5216/1720 5829/5170/1720
f 5920/5216/1720 5830/5217/1720 5919/5204/1720
f 5919/5204/1720 5830/5217/1720 5831/5203/1720
f 5881/5190/1720 5828/5218/1720 5829/5170/1720
f 5882/5219/1720 5828/5218/1720 5881/5190/1720
f 5828/5218/1720 5882/5219/1720 5827/5220/1720
f 5883/5221/1720 5827/5220/1720 5882/5219/1720
f 5827/5220/1720 5883/5221/1720 5826/5222/1720
f 5826/5222/1720 5883/5221/1720 5825/5223/1720
f 5884/5224/1720 5825/5223/1720 5883/5221/1720
f 5825/5223/1720 5884/5224/1720 5824/5225/1720
f 5885/5226/1720 5824/5225/1720 5884/5224/1720
f 5839/5227/1720 5840/5229/1720 5914/5228/1720
f 5864/5230/1720 5891/5232/1720 5892/5231/1720
f 5864/5230/1720 5865/5233/1720 5891/5232/1720
f 5938/5234/1720 5891/5232/1720 5865/5233/1720
f 5840/5229/1720 5913/5235/1720 5914/5228/1720
f 5913/5235/1720 5840/5229/1720 5841/5236/1720
f 5893/5237/1720 5862/5239/1720 5863/5238/1720
f 5894/5240/1720 5862/5239/1720 5893/5237/1720
f 5892/5231/1720 5863/5238/1720 5864/5230/1720
f 5863/5238/1720 5892/5231/1720 5893/5237/1720
f 5911/5241/1720 5912/5243/1720 5843/5242/1720
f 5843/5242/1720 5912/5243/1720 5842/5244/1720
f 5913/5235/1720 5842/5244/1720 5912/5243/1720
f 5841/5236/1720 5842/5244/1720 5913/5235/1720
f 5820/5245/1720 5888/5247/1720 5819/5246/1720
f 5859/5248/1720 5897/5250/1720 5858/5249/1720
f 5898/5251/1720 5858/5249/1720 5897/5250/1720
f 5858/5249/1720 5898/5251/1720 5857/5252/1720
f 5899/5253/1720 5857/5252/1720 5898/5251/1720
f 5857/5252/1720 5899/5253/1720 5856/5254/1720
f 5900/5255/1720 5856/5254/1720 5899/5253/1720
f 5856/5254/1720 5900/5255/1720 5855/5256/1720
f 5901/5257/1720 5855/5256/1720 5900/5255/1720
f 5855/5256/1720 5901/5257/1720 5854/5258/1720
f 5854/5258/1720 5901/5257/1720 5853/5259/1720
f 5902/5260/1720 5853/5259/1720 5901/5257/1720
f 5853/5259/1720 5902/5260/1720 5852/5261/1720
f 5903/5262/1720 5852/5261/1720 5902/5260/1720
f 5852/5261/1720 5903/5262/1720 5851/5263/1720
f 5904/5264/1720 5851/5263/1720 5903/5262/1720
f 5851/5263/1720 5904/5264/1720 5850/5265/1720
f 5905/5266/1720 5850/5265/1720 5904/5264/1720
f 5850/5265/1720 5905/5266/1720 5849/5267/1720
f 5906/5268/1720 5849/5267/1720 5905/5266/1720
f 5849/5267/1720 5906/5268/1720 5848/5269/1720
f 5907/5270/1720 5848/5269/1720 5906/5268/1720
f 5848/5269/1720 5907/5270/1720 5847/5271/1720
f 5894/5240/1720 5861/5272/1720 5862/5239/1720
f 5895/5273/1720 5861/5272/1720 5894/5240/1720
f 5861/5272/1720 5895/5273/1720 5860/5274/1720
f 5896/5275/1720 5860/5274/1720 5895/5273/1720
f 5860/5274/1720 5896/5275/1720 5859/5248/1720
f 5859/5248/1720 5896/5275/1720 5897/5250/1720
f 5907/5270/1720 5908/5276/1720 5847/5271/1720
f 5847/5271/1720 5908/5276/1720 5846/5277/1720
f 5909/5278/1720 5846/5277/1720 5908/5276/1720
f 5846/5277/1720 5909/5278/1720 5845/5279/1720
f 5910/5280/1720 5845/5279/1720 5909/5278/1720
f 5845/5279/1720 5910/5280/1720 5844/5281/1720
f 5911/5241/1720 5844/5281/1720 5910/5280/1720
f 5843/5242/1720 5844/5281/1720 5911/5241/1720
f 5888/5247/1720 5818/5282/1720 5819/5246/1720
f 5889/5283/1720 5818/5282/1720 5888/5247/1720
f 5818/5282/1720 5889/5283/1720 5890/5284/1720
f 5865/5233/1720 5866/5198/1720 5938/5234/1720
f 5937/5199/1720 5938/5234/1720 5866/5198/1720
f 5838/5192/1720 5914/5228/1720 5915/5191/1720
f 5914/5228/1720 5838/5192/1720 5839/5227/1720
f 5885/5226/1720 5823/5285/1720 5824/5225/1720
f 5886/5286/1720 5823/5285/1720 5885/5226/1720
f 5823/5285/1720 5886/5286/1720 5822/5287/1720
f 5822/5287/1720 5886/5286/1720 5821/5288/1720
f 5887/5289/1720 5821/5288/1720 5886/5286/1720
f 5821/5288/1720 5887/5289/1720 5820/5245/1720
f 5820/5245/1720 5887/5289/1720 5888/5247/1720
f 5944/5290/1720 5942/5292/1720 5943/5291/1720
f 5946/5234/1720 5939/5282/1720 5945/5293/1720
f 5942/5292/1720 5940/5295/1720 5941/5294/1720
f 5940/5295/1720 5942/5292/1720 5939/5282/1720
f 5939/5282/1720 5942/5292/1720 5945/5293/1720
f 5944/5290/1720 5945/5293/1720 5942/5292/1720
s 1
f 5948/5296/1721 5950/5297/1721 5949/5206/1721 5947/5282/1721
f 5950/5297/1721 5952/5298/1722 5951/5269/1722 5949/5206/1721
f 5952/5298/1722 5954/5299/1722 5953/5238/1722 5951/5269/1722
f 5954/5299/1722 5956/5300/1722 5955/5186/1722 5953/5238/1722
f 5956/5300/1722 5958/5301/1723 5957/5237/1723 5955/5186/1722
f 5958/5301/1723 5960/5302/1724 5959/5276/1724 5957/5237/1723
f 5960/5302/1724 5962/5303/1721 5961/5172/1721 5959/5276/1724
f 5962/5303/1721 5948/5304/1721 5947/5234/1721 5961/5172/1721
f 5964/5296/1725 5966/5305/1726 5965/5306/1726 5963/5282/1725
f 5966/5305/1726 5968/5307/1727 5967/5308/1727 5965/5306/1726
f 5968/5307/1727 5970/5309/1728 5969/5310/1728 5967/5308/1727
f 5970/5309/1728 5972/5311/1729 5971/5312/1729 5969/5310/1728
f 5972/5311/1729 5974/5313/1730 5973/5314/1730 5971/5312/1729
f 5974/5313/1730 5976/5315/1731 5975/5316/1731 5973/5314/1730
f 5976/5315/1731 5978/5317/1732 5977/5318/1732 5975/5316/1731
f 5978/5317/1732 5980/5319/1733 5979/5320/1733 5977/5318/1732
f 5980/5319/1733 5982/5321/1734 5981/5322/1734 5979/5320/1733
f 5982/5321/1734 5984/5323/1735 5983/5324/1735 5981/5322/1734
f 5984/5323/1735 5986/5325/1736 5985/5326/1736 5983/5324/1735
f 5986/5325/1736 5988/5327/1737 5987/5328/1737 5985/5326/1736
f 5988/5327/1737 5990/5329/1738 5989/5330/1738 5987/5328/1737
f 5990/5329/1738 5992/5331/1739 5991/5332/1739 5989/5330/1738
f 5992/5331/1739 5994/5333/1740 5993/5334/1740 5991/5332/1739
f 5994/5333/1740 5996/5335/1741 5995/5336/1741 5993/5334/1740
f 5996/5335/1741 5998/5337/1742 5997/5338/1742 5995/5336/1741
f 5998/5337/1742 6000/5339/1743 5999/5340/1743 5997/5338/1742
f 6000/5339/1743 6002/5341/1744 6001/5342/1744 5999/5340/1743
f 6002/5341/1744 6004/5343/1745 6003/5344/1745 6001/5342/1744
f 6004/5343/1745 6006/5345/1746 6005/5346/1746 6003/5344/1745
f 6006/5345/1746 6008/5347/1747 6007/5348/1747 6005/5346/1746
f 6008/5347/1747 6010/5349/1748 6009/5350/1748 6007/5348/1747
f 6010/5349/1748 6012/5351/1749 6011/5352/1749 6009/5350/1748
f 6012/5351/1749 6014/5353/1750 6013/5354/1750 6011/5352/1749
f 6014/5353/1750 6016/5355/1751 6015/5356/1751 6013/5354/1750
f 6016/5355/1751 6018/5357/1752 6017/5358/1752 6015/5356/1751
f 6018/5357/1752 6020/5359/1753 6019/5360/1753 6017/5358/1752
f 6020/5359/1753 6022/5361/1754 6021/5362/1754 6019/5360/1753
f 6022/5361/1754 6024/5363/1755 6023/5364/1755 6021/5362/1754
f 6024/5363/1755 6026/5365/1756 6025/5366/1756 6023/5364/1755
f 6026/5365/1756 6028/5367/1757 6027/5368/1757 6025/5366/1756
f 6028/5367/1757 6030/5369/1758 6029/5370/1758 6027/5368/1757
f 6030/5369/1758 6032/5371/1759 6031/5372/1759 6029/5370/1758
f 6032/5371/1759 6034/5373/1760 6033/5374/1760 6031/5372/1759
f 6034/5373/1760 6036/5375/1761 6035/5376/1761 6033/5374/1760
f 6036/5375/1761 6038/5377/1762 6037/5378/1762 6035/5376/1761
f 6038/5377/1762 6040/5379/1763 6039/5380/1763 6037/5378/1762
f 6040/5379/1763 6042/5381/1764 6041/5382/1764 6039/5380/1763
f 6042/5381/1764 6044/5383/1765 6043/5384/1765 6041/5382/1764
f 6044/5383/1765 6046/5385/1766 6045/5386/1766 6043/5384/1765
f 6046/5385/1766 6048/5387/1767 6047/5388/1767 6045/5386/1766
f 6048/5387/1767 6050/5389/1768 6049/5390/1768 6047/5388/1767
f 6050/5389/1768 6052/5391/1769 6051/5392/1769 6049/5390/1768
f 6052/5391/1769 6054/5393/1770 6053/5394/1770 6051/5392/1769
f 6054/5393/1770 6056/5395/1771 6055/5396/1771 6053/5394/1770
f 6056/5395/1771 6058/5397/1772 6057/5398/1772 6055/5396/1771
f 6058/5397/1772 6060/5399/1773 6059/5400/1773 6057/5398/1772
f 6060/5399/1773 6062/5401/1774 6061/5402/1774 6059/5400/1773
f 6062/5401/1774 6064/5403/1775 6063/5404/1775 6061/5402/1774
f 6064/5403/1775 6066/5405/1776 6065/5406/1776 6063/5404/1775
f 6066/5405/1776 6068/5407/1777 6067/5408/1777 6065/5406/1776
f 6068/5407/1777 6070/5409/1778 6069/5410/1778 6067/5408/1777
f 6070/5409/1778 6072/5411/1779 6071/5412/1779 6069/5410/1778
f 6072/5411/1779 6074/5413/1780 6073/5414/1780 6071/5412/1779
f 6074/5413/1780 6076/5415/1781 6075/5416/1781 6073/5414/1780
f 6076/5415/1781 6078/5417/1782 6077/5418/1782 6075/5416/1781
f 6078/5417/1782 6080/5419/1783 6079/5420/1783 6077/5418/1782
f 6080/5419/1783 6082/5421/1784 6081/5422/1784 6079/5420/1783
f 6082/5421/1784 6084/5423/1785 6083/5424/1785 6081/5422/1784
f 6084/5423/1785 6086/5425/1786 6085/5426/1786 6083/5424/1785
f 6086/5425/1786 6088/5427/1787 6087/5428/1787 6085/5426/1786
f 6088/5427/1787 6090/5429/1788 6089/5430/1788 6087/5428/1787
f 6090/5429/1788 6092/5431/1789 6091/5432/1789 6089/5430/1788
f 6092/5431/1789 6094/5433/1790 6093/5434/1790 6091/5432/1789
f 6094/5433/1790 6096/5435/1791 6095/5436/1791 6093/5434/1790
f 6096/5435/1791 6098/5437/1792 6097/5438/1792 6095/5436/1791
f 6098/5437/1792 6100/5439/1793 6099/5440/1793 6097/5438/1792
f 6100/5439/1793 6102/5441/1794 6101/5442/1794 6099/5440/1793
f 6102/5441/1794 6104/5443/1795 6103/5444/1795 6101/5442/1794
f 6104/5443/1795 6106/5445/1796 6105/5446/1796 6103/5444/1795
f 6106/5445/1796 6108/5447/1797 6107/5448/1797 6105/5446/1796
f 6108/5447/1797 5964/5304/1725 5963/5234/1725 6107/5448/1797
f 6110/5296/1798 6112/5449/1799 6111/5450/1799 6109/5282/1798
f 6112/5449/1799 6114/5451/1800 6113/5285/1800 6111/5450/1799
f 6114/5451/1800 6116/5452/1801 6115/5453/1801 6113/5285/1800
f 6116/5452/1801 6118/5454/1802 6117/5218/1802 6115/5453/1801
f 6118/5454/1802 6120/5455/1803 6119/5456/1803 6117/5218/1802
f 6120/5455/1803 6122/5297/1804 6121/5206/1804 6119/5456/1803
f 6122/5297/1804 6124/5457/1805 6123/5458/1805 6121/5206/1804
f 6124/5457/1805 6126/5459/1806 6125/5192/1806 6123/5458/1805
f 6126/5459/1806 6128/5460/1807 6127/5461/1807 6125/5192/1806
f 6128/5460/1807 6130/5462/1808 6129/5242/1808 6127/5461/1807
f 6130/5462/1808 6132/5463/1809 6131/5464/1809 6129/5242/1808
f 6132/5463/1809 6134/5298/1810 6133/5269/1810 6131/5464/1809
f 6134/5298/1810 6136/5465/1811 6135/5466/1811 6133/5269/1810
f 6136/5465/1811 6138/5467/1812 6137/5259/1812 6135/5466/1811
f 6138/5467/1812 6140/5468/1813 6139/5469/1813 6137/5259/1812
f 6140/5468/1813 6142/5470/1814 6141/5249/1814 6139/5469/1813
f 6142/5470/1814 6144/5471/1815 6143/5472/1815 6141/5249/1814
f 6144/5471/1815 6146/5299/1816 6145/5238/1816 6143/5472/1815
f 6146/5299/1816 6148/5473/1817 6147/5474/1817 6145/5238/1816
f 6148/5473/1817 6150/5475/1818 6149/5208/1818 6147/5474/1817
f 6150/5475/1818 6152/5476/1819 6151/5477/1819 6149/5208/1818
f 6152/5476/1819 6154/5478/1820 6153/5177/1820 6151/5477/1819
f 6154/5478/1820 6156/5479/1821 6155/5480/1821 6153/5177/1820
f 6156/5479/1821 6158/5300/1822 6157/5186/1822 6155/5480/1821
f 6158/5300/1822 6160/5481/1823 6159/5482/1823 6157/5186/1822
f 6160/5481/1823 6162/5483/1824 6161/5221/1824 6159/5482/1823
f 6162/5483/1824 6164/5484/1825 6163/5485/1825 6161/5221/1824
f 6164/5484/1825 6166/5486/1826 6165/5247/1826 6163/5485/1825
f 6166/5486/1826 6168/5487/1827 6167/5488/1827 6165/5247/1826
f 6168/5487/1827 6170/5301/1828 6169/5237/1828 6167/5488/1827
f 6170/5301/1828 6172/5489/1829 6171/5490/1829 6169/5237/1828
f 6172/5489/1829 6174/5491/1830 6173/5251/1830 6171/5490/1829
f 6174/5491/1830 6176/5492/1831 6175/5493/1831 6173/5251/1830
f 6176/5492/1831 6178/5494/1832 6177/5262/1832 6175/5493/1831
f 6178/5494/1832 6180/5495/1833 6179/5496/1833 6177/5262/1832
f 6180/5495/1833 6182/5302/1834 6181/5276/1834 6179/5496/1833
f 6182/5302/1834 6184/5497/1835 6183/5498/1835 6181/5276/1834
f 6184/5497/1835 6186/5499/1836 6185/5235/1836 6183/5498/1835
f 6186/5499/1836 6188/5500/1837 6187/5501/1837 6185/5235/1836
f 6188/5500/1837 6190/5502/1838 6189/5205/1838 6187/5501/1837
f 6190/5502/1838 6192/5503/1839 6191/5504/1839 6189/5205/1838
f 6192/5503/1839 6194/5303/1840 6193/5172/1840 6191/5504/1839
f 6194/5303/1840 6196/5505/1841 6195/5506/1841 6193/5172/1840
f 6196/5505/1841 6198/5507/1842 6197/5183/1842 6195/5506/1841
f 6198/5507/1842 6200/5508/1843 6199/5509/1843 6197/5183/1842
f 6200/5508/1843 6202/5510/1844 6201/5213/1844 6199/5509/1843
f 6202/5510/1844 6204/5511/1845 6203/5512/1845 6201/5213/1844
f 6204/5511/1845 6110/5304/1798 6109/5234/1798 6203/5512/1845
o Lamp_6
v -0.240000 0.619000 -0.186000
v -0.240000 0.619000 -0.174000
v -0.236293 0.618635 -0.186000
v -0.236293 0.618635 -0.174000
v -0.232729 0.617554 -0.186000
v -0.232729 0.617554 -0.174000
v -0.229444 0.615798 -0.186000
v -0.229444 0.615798 -0.174000
v -0.226565 0.613435 -0.186000
v -0.226565 0.613435 -0.174000
v -0.224202 0.610556 -0.186000
v -0.224202 0.610556 -0.174000
v -0.222446 0.607271 -0.186000
v -0.222446 0.607271 -0.174000
v -0.221365 0.603707 -0.186000
v -0.221365 0.603707 -0.174000
v -0.221000 0.600000 -0.186000
v -0.221000 0.600000 -0.174000
v -0.221365 0.596293 -0.186000
v -0.221365 0.596293 -0.174000
v -0.222446 0.592729 -0.186000
v -0.222446 0.592729 -0.174000
v -0.224202 0.589444 -0.186000
v -0.224202 0.589444 -0.174000
v -0.226565 0.586565 -0.186000
v -0.226565 0.586565 -0.174000
v -0.229444 0.584202 -0.186000
v -0.229444 0.584202 -0.174000
v -0.232729 0.582446 -0.186000
v -0.232729 0.582446 -0.174000
v -0.236293 0.581365 -0.186000
v -0.236293 0.581365 -0.174000
v -0.240000 0.581000 -0.186000
v -0.240000 0.581000 -0.174000
v -0.243707 0.581365 -0.186000
v -0.243707 0.581365 -0.174000
v -0.247271 0.582446 -0.186000
v -0.247271 0.582446 -0.174000
v -0.250556 0.584202 -0.186000
v -0.250556 0.584202 -0.174000
v -0.253435 0.586565 -0.186000
v -0.253435 0.586565 -0.174000
v -0.255798 0.589444 -0.186000
v -0.255798 0.589444 -0.174000
v -0.257554 0.592729 -0.186000
v -0.257554 0.592729 -0.174000
v -0.258635 0.596293 -0.186000
v -0.258635 0.596293 -0.174000
v -0.259000 0.600000 -0.186000
v -0.259000 0.600000 -0.174000
v -0.258635 0.603707 -0.186000
v -0.258635 0.603707 -0.174000
v -0.257554 0.607271 -0.186000
v -0.257554 0.607271 -0.174000
v -0.255798 0.610556 -0.186000
v -0.255798 0.610556 -0.174000
v -0.253435 0.613435 -0.186000
v -0.253435 0.613435 -0.174000
v -0.250556 0.615798 -0.186000
v -0.250556 0.615798 -0.174000
v -0.247271 0.617554 -0.186000
v -0.247271 0.617554 -0.174000
v -0.243707 0.618635 -0.186000
v -0.243707 0.618635 -0.174000
vn 0.0980 0.9952 -0.0000
vn 0.2903 0.9569 -0.0000
vn 0.4714 0.8819 -0.0000
vn 0.6344 0.7730 -0.0000
vn 0.7730 0.6344 -0.0000
vn 0.8819 0.4714 -0.0000
vn 0.9569 0.2903 -0.0000
vn 0.9952 0.0980 -0.0000
vn 0.9952 -0.0980 -0.0000
vn 0.9569 -0.2903 -0.0000
vn 0.8819 -0.4714 -0.0000
vn 0.7730 -0.6344 -0.0000
vn 0.6344 -0.7730 -0.0000
vn 0.4714 -0.8819 -0.0000
vn 0.2903 -0.9569 -0.0000
vn 0.0980 -0.9952 -0.0000
vn -0.0980 -0.9952 -0.0000
vn -0.2903 -0.9569 -0.0000
vn -0.4714 -0.8819 -0.0000
vn -0.6344 -0.7730 -0.0000
vn -0.7730 -0.6344 -0.0000
vn -0.8819 -0.4714 -0.0000
vn -0.9569 -0.2903 -0.0000
vn -0.9952 -0.0980 -0.0000
vn -0.9952 0.0980 -0.0000
vn -0.9569 0.2903 -0.0000
vn -0.8819 0.4714 -0.0000
vn -0.7730 0.6344 -0.0000
vn -0.6344 0.7730 -0.0000
vn -0.4714 0.8819 -0.0000
vn -0.0000 -0.0000 1.0000
vn -0.2903 0.9569 -0.0000
vn -0.0980 0.9952 -0.0000
vn -0.0000 -0.0000 -1.0000
vt 1.000000 0.500000
vt 1.000000 1.000000
vt 0.968750 1.000000
vt 0.968750 0.500000
vt 0.937500 1.000000
vt 0.937500 0.500000
vt 0.906250 1.000000
vt 0.906250 0.500000
vt 0.875000 1.000000
vt 0.875000 0.500000
vt 0.843750 1.000000
vt 0.843750 0.500000
vt 0.812500 1.000000
vt 0.812500 0.500000
vt 0.781250 1.000000
vt 0.781250 0.500000
vt 0.750000 1.000000
vt 0.750000 0.500000
vt 0.718750 1.000000
vt 0.718750 0.500000
vt 0.687500 1.000000
vt 0.687500 0.500000
vt 0.656250 1.000000
vt 0.656250 0.500000
vt 0.625000 1.000000
vt 0.625000 0.500000
vt 0.593750 1.000000
vt 0.593750 0.500000
vt 0.562500 1.000000
vt 0.562500 0.500000
vt 0.531250 1.000000
vt 0.531250 0.500000
vt 0.500000 1.000000
vt 0.500000 0.500000
vt 0.468750 1.000000
vt 0.468750 0.500000
vt 0.437500 1.000000
vt 0.437500 0.500000
vt 0.406250 1.000000
vt 0.406250 0.500000
vt 0.375000 1.000000
vt 0.375000 0.500000
vt 0.343750 1.000000
vt 0.343750 0.500000
vt 0.312500 1.000000
vt 0.312500 0.500000
vt 0.281250 1.000000
vt 0.281250 0.500000
vt 0.250000 1.000000
vt 0.250000 0.500000
vt 0.218750 1.000000
vt 0.218750 0.500000
vt 0.187500 1.000000
vt 0.187500 0.500000
vt 0.156250 1.000000
vt 0.156250 0.500000
vt 0.125000 1.000000
vt 0.125000 0.500000
vt 0.093750 1.000000
vt 0.093750 0.500000
vt 0.062500 1.000000
vt 0.062500 0.500000
vt 0.296822 0.485388
vt 0.250000 0.490000
vt 0.203178 0.485388
vt 0.158156 0.471731
vt 0.116663 0.449553
vt 0.080294 0.419706
vt 0.050447 0.383337
vt 0.028269 0.341844
vt 0.014612 0.296822
vt 0.010000 0.250000
vt 0.014612 0.203178
vt 0.028269 0.158156
vt 0.050447 0.116663
vt 0.080294 0.080294
vt 0.116663 0.050447
vt 0.158156 0.028269
vt 0.203178 0.014612
vt 0.250000 0.010000
vt 0.296822 0.014612
vt 0.341844 0.028269
vt 0.383337 0.050447
vt 0.419706 0.080294
vt 0.449553 0.116663
vt 0.471731 0.158156
vt 0.485388 0.203178
vt 0.490000 0.250000
vt 0.485388 0.296822
vt 0.471731 0.341844
vt 0.449553 0.383337
vt 0.419706 0.419706
vt 0.383337 0.449553
vt 0.341844 0.471731
vt 0.031250 1.000000
vt 0.031250 0.500000
vt 0.000000 1.000000
vt 0.000000 0.500000
vt 0.750000 0.490000
vt 0.796822 0.485388
vt 0.841844 0.471731
vt 0.883337 0.449553
vt 0.919706 0.419706
vt 0.949553 0.383337
vt 0.971731 0.341844
vt 0.985388 0.296822
vt 0.990000 0.250000
vt 0.985388 0.203178
vt 0.971731 0.158156
vt 0.949553 0.116663
vt 0.919706 0.080294
vt 0.883337 0.050447
vt 0.841844 0.028269
vt 0.796822 0.014612
vt 0.750000 0.010000
vt 0.703178 0.014612
vt 0.658156 0.028269
vt 0.616663 0.050447
vt 0.580294 0.080294
vt 0.550447 0.116663
vt 0.528269 0.158156
vt 0.514612 0.203178
vt 0.510000 0.250000
vt 0.514612 0.296822
vt 0.528269 0.341844
vt 0.550447 0.383337
vt 0.580294 0.419706
vt 0.616663 0.449553
vt 0.658156 0.471731
vt 0.703178 0.485388
s 0
usemtl Lamp_6_mat.043
f 6205/5513/1846 6206/5514/1846 6208/5515/1846 6207/5516/1846
f 6207/5516/1847 6208/5515/1847 6210/5517/1847 6209/5518/1847
f 6209/5518/1848 6210/5517/1848 6212/5519/1848 6211/5520/1848
f 6211/5520/1849 6212/5519/1849 6214/5521/1849 6213/5522/1849
f 6213/5522/1850 6214/5521/1850 6216/5523/1850 6215/5524/1850
f 6215/5524/1851 6216/5523/1851 6218/5525/1851 6217/5526/1851
f 6217/5526/1852 6218/5525/1852 6220/5527/1852 6219/5528/1852
f 6219/5528/1853 6220/5527/1853 6222/5529/1853 6221/5530/1853
f 6221/5530/1854 6222/5529/1854 6224/5531/1854 6223/5532/1854
f 6223/5532/1855 6224/5531/1855 6226/5533/1855 6225/5534/1855
f 6225/5534/1856 6226/5533/1856 6228/5535/1856 6227/5536/1856
f 6227/5536/1857 6228/5535/1857 6230/5537/1857 6229/5538/1857
f 6229/5538/1858 6230/5537/1858 6232/5539/1858 6231/5540/1858
f 6231/5540/1859 6232/5539/1859 6234/5541/1859 6233/5542/1859
f 6233/5542/1860 6234/5541/1860 6236/5543/1860 6235/5544/1860
f 6235/5544/1861 6236/5543/1861 6238/5545/1861 6237/5546/1861
f 6237/5546/1862 6238/5545/1862 6240/5547/1862 6239/5548/1862
f 6239/5548/1863 6240/5547/1863 6242/5549/1863 6241/5550/1863
f 6241/5550/1864 6242/5549/1864 6244/5551/1864 6243/5552/1864
f 6243/5552/1865 6244/5551/1865 6246/5553/1865 6245/5554/1865
f 6245/5554/1866 6246/5553/1866 6248/5555/1866 6247/5556/1866
f 6247/5556/1867 6248/5555/1867 6250/5557/1867 6249/5558/1867
f 6249/5558/1868 6250/5557/1868 6252/5559/1868 6251/5560/1868
f 6251/5560/1869 6252/5559/1869 6254/5561/1869 6253/5562/1869
f 6253/5562/1870 6254/5561/1870 6256/5563/1870 6255/5564/1870
f 6255/5564/1871 6256/5563/1871 6258/5565/1871 6257/5566/1871
f 6257/5566/1872 6258/5565/1872 6260/5567/1872 6259/5568/1872
f 6259/5568/1873 6260/5567/1873 6262/5569/1873 6261/5570/1873
f 6261/5570/1874 6262/5569/1874 6264/5571/1874 6263/5572/1874
f 6263/5572/1875 6264/5571/1875 6266/5573/1875 6265/5574/1875
f 6208/5575/1876 6206/5576/1876 6268/5577/1876 6266/5578/1876 6264/5579/1876 6262/5580/1876 6260/5581/1876 6258/5582/1876 6256/5583/1876 6254/5584/1876 6252/5585/1876 6250/5586/1876 6248/5587/1876 6246/5588/1876 6244/5589/1876 6242/5590/1876 6240/5591/1876 6238/5592/1876 6236/5593/1876 6234/5594/1876 6232/5595/1876 6230/5596/1876 6228/5597/1876 6226/5598/1876 6224/5599/1876 6222/5600/1876 6220/5601/1876 6218/5602/1876 6216/5603/1876 6214/5604/1876 6212/5605/1876 6210/5606/1876
f 6265/5574/1877 6266/5573/1877 6268/5607/1877 6267/5608/1877
f 6267/5608/1878 6268/5607/1878 6206/5609/1878 6205/5610/1878
f 6205/5611/1879 6207/5612/1879 6209/5613/1879 6211/5614/1879 6213/5615/1879 6215/5616/1879 6217/5617/1879 6219/5618/1879 6221/5619/1879 6223/5620/1879 6225/5621/1879 6227/5622/1879 6229/5623/1879 6231/5624/1879 6233/5625/1879 6235/5626/1879 6237/5627/1879 6239/5628/1879 6241/5629/1879 6243/5630/1879 6245/5631/1879 6247/5632/1879 6249/5633/1879 6251/5634/1879 6253/5635/1879 6255/5636/1879 6257/5637/1879 6259/5638/1879 6261/5639/1879 6263/5640/1879 6265/5641/1879 6267/5642/1879
o Plant_2_Pot
v 0.540000 -0.273600 -0.048000
v 0.540000 -0.273600 0.000000
v 0.545150 -0.274107 -0.048000
v 0.545150 -0.274107 0.000000
v 0.550103 -0.275610 -0.048000
v 0.550103 -0.275610 0.000000
v 0.554667 -0.278049 -0.048000
v 0.554667 -0.278049 0.000000
v 0.558668 -0.281332 -0.048000
v 0.558668 -0.281332 0.000000
v 0.561951 -0.285333 -0.048000
v 0.561951 -0.285333 0.000000
v 0.564390 -0.289897 -0.048000
v 0.564390 -0.289897 0.000000
v 0.565893 -0.294850 -0.048000
v 0.565893 -0.294850 0.000000
v 0.566400 -0.300000 -0.048000
v 0.566400 -0.300000 0.000000
v 0.565893 -0.305150 -0.048000
v 0.565893 -0.305150 0.000000
v 0.564390 -0.310103 -0.048000
v 0.564390 -0.310103 0.000000
v 0.561951 -0.314667 -0.048000
v 0.561951 -0.314667 0.000000
v 0.558668 -0.318668 -0.048000
v 0.558668 -0.318668 0.000000
v 0.554667 -0.321951 -0.048000
v 0.554667 -0.321951 -0.000000
v 0.550103 -0.324390 -0.048000
v 0.550103 -0.324390 -0.000000
v 0.545150 -0.325893 -0.048000
v 0.545150 -0.325893 -0.000000
v 0.540000 -0.326400 -0.048000
v 0.540000 -0.326400 -0.000000
v 0.534850 -0.325893 -0.048000
v 0.534850 -0.325893 -0.000000
v 0.529897 -0.324390 -0.048000
v 0.529897 -0.324390 -0.000000
v 0.525333 -0.321951 -0.048000
v 0.525333 -0.321951 -0.000000
v 0.521332 -0.318668 -0.048000
v 0.521332 -0.318668 0.000000
v 0.518049 -0.314667 -0.048000
v 0.518049 -0.314667 0.000000
v 0.515610 -0.310103 -0.048000
v 0.515610 -0.310103 0.000000
v 0.514107 -0.305150 -0.048000
v 0.514107 -0.305150 0.000000
v 0.513600 -0.300000 -0.048000
v 0.513600 -0.300000 0.000000
v 0.514107 -0.294850 -0.048000
v 0.514107 -0.294850 0.000000
v 0.515610 -0.289897 -0.048000
v 0.515610 -0.289897 0.000000
v 0.518049 -0.285333 -0.048000
v 0.518049 -0.285333 0.000000
v 0.521332 -0.281332 -0.048000
v 0.521332 -0.281332 0.000000
v 0.525333 -0.278049 -0.048000
v 0.525333 -0.278049 0.000000
v 0.529897 -0.275610 -0.048000
v 0.529897 -0.275610 0.000000
v 0.534850 -0.274107 -0.048000
v 0.534850 -0.274107 0.000000
vn 0.0980 0.9952 -0.0000
vn 0.2903 0.9569 -0.0000
vn 0.4714 0.8819 -0.0000
vn 0.6344 0.7730 -0.0000
vn 0.7730 0.6344 -0.0000
vn 0.8819 0.4714 -0.0000
vn 0.9569 0.2903 -0.0000
vn 0.9952 0.0980 -0.0000
vn 0.9952 -0.0980 -0.0000
vn 0.9569 -0.2903 -0.0000
vn 0.8819 -0.4714 -0.0000
vn 0.7730 -0.6344 -0.0000
vn 0.6344 -0.7730 -0.0000
vn 0.4714 -0.8819 -0.0000
vn 0.2903 -0.9569 -0.0000
vn 0.0980 -0.9952 -0.0000
vn -0.0980 -0.9952 -0.0000
vn -0.2903 -0.9569 -0.0000
vn -0.4714 -0.8819 -0.0000
vn -0.6344 -0.7730 -0.0000
vn -0.7730 -0.6344 -0.0000
vn -0.8819 -0.4714 -0.0000
vn -0.9569 -0.2903 -0.0000
vn -0.9952 -0.0980 -0.0000
vn -0.9952 0.0980 -0.0000
vn -0.9569 0.2903 -0.0000
vn -0.8819 0.4714 -0.0000
vn -0.7730 0.6344 -0.0000
vn -0.6344 0.7730 -0.0000
vn -0.4714 0.8819 -0.0000
vn -0.0000 -0.0000 1.0000
vn -0.2903 0.9569 -0.0000
vn -0.0980 0.9952 -0.0000
vn -0.0000 -0.0000 -1.0000
vt 1.000000 0.500000
vt 1.000000 1.000000
vt 0.968750 1.000000
vt 0.968750 0.500000
vt 0.937500 1.000000
vt 0.937500 0.500000
vt 0.906250 1.000000
vt 0.906250 0.500000
vt 0.875000 1.000000
vt 0.875000 0.500000
vt 0.843750 1.000000
vt 0.843750 0.500000
vt 0.812500 1.000000
vt 0.812500 0.500000
vt 0.781250 1.000000
vt 0.781250 0.500000
vt 0.750000 1.000000
vt 0.750000 0.500000
vt 0.718750 1.000000
vt 0.718750 0.500000
vt 0.687500 1.000000
vt 0.687500 0.500000
vt 0.656250 1.000000
vt 0.656250 0.500000
vt 0.625000 1.000000
vt 0.625000 0.500000
vt 0.593750 1.000000
vt 0.593750 0.500000
vt 0.562500 1.000000
vt 0.562500 0.500000
vt 0.531250 1.000000
vt 0.531250 0.500000
vt 0.500000 1.000000
vt 0.500000 0.500000
vt 0.468750 1.000000
vt 0.468750 0.500000
vt 0.437500 1.000000
vt 0.437500 0.500000
vt 0.406250 1.000000
vt 0.406250 0.500000
vt 0.375000 1.000000
vt 0.375000 0.500000
vt 0.343750 1.000000
vt 0.343750 0.500000
vt 0.312500 1.000000
vt 0.312500 0.500000
vt 0.281250 1.000000
vt 0.281250 0.500000
vt 0.250000 1.000000
vt 0.250000 0.500000
vt 0.218750 1.000000
vt 0.218750 0.500000
vt 0.187500 1.000000
vt 0.187500 0.500000
vt 0.156250 1.000000
vt 0.156250 0.500000
vt 0.125000 1.000000
vt 0.125000 0.500000
vt 0.093750 1.000000
vt 0.093750 0.500000
vt 0.062500 1.000000
vt 0.062500 0.500000
vt 0.296822 0.485388
vt 0.250000 0.490000
vt 0.203178 0.485388
vt 0.158156 0.471731
vt 0.116663 0.449553
vt 0.080294 0.419706
vt 0.050447 0.383337
vt 0.028269 0.341844
vt 0.014612 0.296822
vt 0.010000 0.250000
vt 0.014612 0.203178
vt 0.028269 0.158156
vt 0.050447 0.116663
vt 0.080294 0.080294
vt 0.116663 0.050447
vt 0.158156 0.028269
vt 0.203178 0.014612
vt 0.250000 0.010000
vt 0.296822 0.014612
vt 0.341844 0.028269
vt 0.383337 0.050447
vt 0.419706 0.080294
vt 0.449553 0.116663
vt 0.471731 0.158156
vt 0.485388 0.203178
vt 0.490000 0.250000
vt 0.485388 0.296822
vt 0.471731 0.341844
vt 0.449553 0.383337
vt 0.419706 0.419706
vt 0.383337 0.449553
vt 0.341844 0.471731
vt 0.031250 1.000000
vt 0.031250 0.500000
vt 0.000000 1.000000
vt 0.000000 0.500000
vt 0.750000 0.490000
vt 0.796822 0.485388
vt 0.841844 0.471731
vt 0.883337 0.449553
vt 0.919706 0.419706
vt 0.949553 0.383337
vt 0.971731 0.341844
vt 0.985388 0.296822
vt 0.990000 0.250000
vt 0.985388 0.203178
vt 0.971731 0.158156
vt 0.949553 0.116663
vt 0.919706 0.080294
vt 0.883337 0.050447
vt 0.841844 0.028269
vt 0.796822 0.014612
vt 0.750000 0.010000
vt 0.703178 0.014612
vt 0.658156 0.028269
vt 0.616663 0.050447
vt 0.580294 0.080294
vt 0.550447 0.116663
vt 0.528269 0.158156
vt 0.514612 0.203178
vt 0.510000 0.250000
vt 0.514612 0.296822
vt 0.528269 0.341844
vt 0.550447 0.383337
vt 0.580294 0.419706
vt 0.616663 0.449553
vt 0.658156 0.471731
vt 0.703178 0.485388
s 0
usemtl Plant_2_Pot_mat.043
f 6269/5643/1880 6270/5644/1880 6272/5645/1880 6271/5646/1880
f 6271/5646/1881 6272/5645/1881 6274/5647/1881 6273/5648/1881
f 6273/5648/1882 6274/5647/1882 6276/5649/1882 6275/5650/1882
f 6275/5650/1883 6276/5649/1883 6278/5651/1883 6277/5652/1883
f 6277/5652/1884 6278/5651/1884 6280/5653/1884 6279/5654/1884
f 6279/5654/1885 6280/5653/1885 6282/5655/1885 6281/5656/1885
f 6281/5656/1886 6282/5655/1886 6284/5657/1886 6283/5658/1886
f 6283/5658/1887 6284/5657/1887 6286/5659/1887 6285/5660/1887
f 6285/5660/1888 6286/5659/1888 6288/5661/1888 6287/5662/1888
f 6287/5662/1889 6288/5661/1889 6290/5663/1889 6289/5664/1889
f 6289/5664/1890 6290/5663/1890 6292/5665/1890 6291/5666/1890
f 6291/5666/1891 6292/5665/1891 6294/5667/1891 6293/5668/1891
f 6293/5668/1892 6294/5667/1892 6296/5669/1892 6295/5670/1892
f 6295/5670/1893 6296/5669/1893 6298/5671/1893 6297/5672/1893
f 6297/5672/1894 6298/5671/1894 6300/5673/1894 6299/5674/1894
f 6299/5674/1895 6300/5673/1895 6302/5675/1895 6301/5676/1895
f 6301/5676/1896 6302/5675/1896 6304/5677/1896 6303/5678/1896
f 6303/5678/1897 6304/5677/1897 6306/5679/1897 6305/5680/1897
f 6305/5680/1898 6306/5679/1898 6308/5681/1898 6307/5682/1898
f 6307/5682/1899 6308/5681/1899 6310/5683/1899 6309/5684/1899
f 6309/5684/1900 6310/5683/1900 6312/5685/1900 6311/5686/1900
f 6311/5686/1901 6312/5685/1901 6314/5687/1901 6313/5688/1901
f 6313/5688/1902 6314/5687/1902 6316/5689/1902 6315/5690/1902
f 6315/5690/1903 6316/5689/1903 6318/5691/1903 6317/5692/1903
f 6317/5692/1904 6318/5691/1904 6320/5693/1904 6319/5694/1904
f 6319/5694/1905 6320/5693/1905 6322/5695/1905 6321/5696/1905
f 6321/5696/1906 6322/5695/1906 6324/5697/1906 6323/5698/1906
f 6323/5698/1907 6324/5697/1907 6326/5699/1907 6325/5700/1907
f 6325/5700/1908 6326/5699/1908 6328/5701/1908 6327/5702/1908
f 6327/5702/1909 6328/5701/1909 6330/5703/1909 6329/5704/1909
f 6272/5705/1910 6270/5706/1910 6332/5707/1910 6330/5708/1910 6328/5709/1910 6326/5710/1910 6324/5711/1910 6322/5712/1910 6320/5713/1910 6318/5714/1910 6316/5715/1910 6314/5716/1910 6312/5717/1910 6310/5718/1910 6308/5719/1910 6306/5720/1910 6304/5721/1910 6302/5722/1910 6300/5723/1910 6298/5724/1910 6296/5725/1910 6294/5726/1910 6292/5727/1910 6290/5728/1910 6288/5729/1910 6286/5730/1910 6284/5731/1910 6282/5732/1910 6280/5733/1910 6278/5734/1910 6276/5735/1910 6274/5736/1910
f 6329/5704/1911 6330/5703/1911 6332/5737/1911 6331/5738/1911
f 6331/5738/1912 6332/5737/1912 6270/5739/1912 6269/5740/1912
f 6269/5741/1913 6271/5742/1913 6273/5743/1913 6275/5744/1913 6277/5745/1913 6279/5746/1913 6281/5747/1913 6283/5748/1913 6285/5749/1913 6287/5750/1913 6289/5751/1913 6291/5752/1913 6293/5753/1913 6295/5754/1913 6297/5755/1913 6299/5756/1913 6301/5757/1913 6303/5758/1913 6305/5759/1913 6307/5760/1913 6309/5761/1913 6311/5762/1913 6313/5763/1913 6315/5764/1913 6317/5765/1913 6319/5766/1913 6321/5767/1913 6323/5768/1913 6325/5769/1913 6327/5770/1913 6329/5771/1913 6331/5772/1913
o Plant_2_Leaves
v 0.540000 -0.259200 -0.111000
v 0.540000 -0.259200 -0.045000
v 0.555614 -0.262306 -0.111000
v 0.555614 -0.262306 -0.045000
v 0.568850 -0.271150 -0.111000
v 0.568850 -0.271150 -0.045000
v 0.577694 -0.284387 -0.111000
v 0.577694 -0.284387 -0.045000
v 0.580800 -0.300000 -0.111000
v 0.580800 -0.300000 -0.045000
v 0.577694 -0.315614 -0.111000
v 0.577694 -0.315614 -0.045000
v 0.568850 -0.328850 -0.111000
v 0.568850 -0.328850 -0.045000
v 0.555614 -0.337694 -0.111000
v 0.555614 -0.337694 -0.045000
v 0.540000 -0.340800 -0.111000
v 0.540000 -0.340800 -0.045000
v 0.524387 -0.337694 -0.111000
v 0.524387 -0.337694 -0.045000
v 0.511150 -0.328850 -0.111000
v 0.511150 -0.328850 -0.045000
v 0.502306 -0.315614 -0.111000
v 0.502306 -0.315614 -0.045000
v 0.499200 -0.300000 -0.111000
v 0.499200 -0.300000 -0.045000
v 0.502306 -0.284387 -0.111000
v 0.502306 -0.284387 -0.045000
v 0.511150 -0.271150 -0.111000
v 0.511150 -0.271150 -0.045000
v 0.524387 -0.262306 -0.111000
v 0.524387 -0.262306 -0.045000
vn 0.1951 0.9808 -0.0000
vn 0.5556 0.8315 -0.0000
vn 0.8315 0.5556 -0.0000
vn 0.9808 0.1951 -0.0000
vn 0.9808 -0.1951 -0.0000
vn 0.8315 -0.5556 -0.0000
vn 0.5556 -0.8315 -0.0000
vn 0.1951 -0.9808 -0.0000
vn -0.1951 -0.9808 -0.0000
vn -0.5556 -0.8315 -0.0000
vn -0.8315 -0.5556 -0.0000
vn -0.9808 -0.1951 -0.0000
vn -0.9808 0.1951 -0.0000
vn -0.8315 0.5556 -0.0000
vn -0.0000 -0.0000 1.0000
vn -0.5556 0.8315 -0.0000
vn -0.1951 0.9808 -0.0000
vn -0.0000 -0.0000 -1.0000
vt 1.000000 0.500000
vt 1.000000 1.000000
vt 0.937500 1.000000
vt 0.937500 0.500000
vt 0.875000 1.000000
vt 0.875000 0.500000
vt 0.812500 1.000000
vt 0.812500 0.500000
vt 0.750000 1.000000
vt 0.750000 0.500000
vt 0.687500 1.000000
vt 0.687500 0.500000
vt 0.625000 1.000000
vt 0.625000 0.500000
vt 0.562500 1.000000
vt 0.562500 0.500000
vt 0.500000 1.000000
vt 0.500000 0.500000
vt 0.437500 1.000000
vt 0.437500 0.500000
vt 0.375000 1.000000
vt 0.375000 0.500000
vt 0.312500 1.000000
vt 0.312500 0.500000
vt 0.250000 1.000000
vt 0.250000 0.500000
vt 0.187500 1.000000
vt 0.187500 0.500000
vt 0.125000 1.000000
vt 0.125000 0.500000
vt 0.341844 0.471731
vt 0.250000 0.490000
vt 0.158156 0.471731
vt 0.080294 0.419706
vt 0.028269 0.341844
vt 0.010000 0.250000
vt 0.028269 0.158156
vt 0.080294 0.080294
vt 0.158156 0.028269
vt 0.250000 0.010000
vt 0.341844 0.028269
vt 0.419706 0.080294
vt 0.471731 0.158156
vt 0.490000 0.250000
vt 0.471731 0.341844
vt 0.419706 0.419706
vt 0.062500 1.000000
vt 0.062500 0.500000
vt 0.000000 1.000000
vt 0.000000 0.500000
vt 0.750000 0.490000
vt 0.841844 0.471731
vt 0.919706 0.419706
vt 0.971731 0.341844
vt 0.990000 0.250000
vt 0.971731 0.158156
vt 0.919706 0.080294
vt 0.841844 0.028269
vt 0.750000 0.010000
vt 0.658156 0.028269
vt 0.580294 0.080294
vt 0.528269 0.158156
vt 0.510000 0.250000
vt 0.528269 0.341844
vt 0.580294 0.419706
vt 0.658156 0.471731
s 0
usemtl Plant_2_Leaves_mat.043
f 6333/5773/1914 6334/5774/1914 6336/5775/1914 6335/5776/1914
f 6335/5776/1915 6336/5775/1915 6338/5777/1915 6337/5778/1915
f 6337/5778/1916 6338/5777/1916 6340/5779/1916 6339/5780/1916
f 6339/5780/1917 6340/5779/1917 6342/5781/1917 6341/5782/1917
f 6341/5782/1918 6342/5781/1918 6344/5783/1918 6343/5784/1918
f 6343/5784/1919 6344/5783/1919 6346/5785/1919 6345/5786/1919
f 6345/5786/1920 6346/5785/1920 6348/5787/1920 6347/5788/1920
f 6347/5788/1921 6348/5787/1921 6350/5789/1921 6349/5790/1921
f 6349/5790/1922 6350/5789/1922 6352/5791/1922 6351/5792/1922
f 6351/5792/1923 6352/5791/1923 6354/5793/1923 6353/5794/1923
f 6353/5794/1924 6354/5793/1924 6356/5795/1924 6355/5796/1924
f 6355/5796/1925 6356/5795/1925 6358/5797/1925 6357/5798/1925
f 6357/5798/1926 6358/5797/1926 6360/5799/1926 6359/5800/1926
f 6359/5800/1927 6360/5799/1927 6362/5801/1927 6361/5802/1927
f 6336/5803/1928 6334/5804/1928 6364/5805/1928 6362/5806/1928 6360/5807/1928 6358/5808/1928 6356/5809/1928 6354/5810/1928 6352/5811/1928 6350/5812/1928 6348/5813/1928 6346/5814/1928 6344/5815/1928 6342/5816/1928 6340/5817/1928 6338/5818/1928
f 6361/5802/1929 6362/5801/1929 6364/5819/1929 6363/5820/1929
f 6363/5820/1930 6364/5819/1930 6334/5821/1930 6333/5822/1930
f 6333/5823/1931 6335/5824/1931 6337/5825/1931 6339/5826/1931 6341/5827/1931 6343/5828/1931 6345/5829/1931 6347/5830/1931 6349/5831/1931 6351/5832/1931 6353/5833/1931 6355/5834/1931 6357/5835/1931 6359/5836/1931 6361/5837/1931 6363/5838/1931
o Plant_3_Pot
v 0.540000 0.722400 -0.048000
v 0.540000 0.722400 0.000000
v 0.545150 0.721893 -0.048000
v 0.545150 0.721893 0.000000
v 0.550103 0.720390 -0.048000
v 0.550103 0.720390 0.000000
v 0.554667 0.717951 -0.048000
v 0.554667 0.717951 0.000000
v 0.558668 0.714668 -0.048000
v 0.558668 0.714668 0.000000
v 0.561951 0.710667 -0.048000
v 0.561951 0.710667 0.000000
v 0.564390 0.706103 -0.048000
v 0.564390 0.706103 0.000000
v 0.565893 0.701150 -0.048000
v 0.565893 0.701150 0.000000
v 0.566400 0.696000 -0.048000
v 0.566400 0.696000 0.000000
v 0.565893 0.690850 -0.048000
v 0.565893 0.690850 0.000000
v 0.564390 0.685897 -0.048000
v 0.564390 0.685897 0.000000
v 0.561951 0.681333 -0.048000
v 0.561951 0.681333 0.000000
v 0.558668 0.677332 -0.048000
v 0.558668 0.677332 0.000000
v 0.554667 0.674049 -0.048000
v 0.554667 0.674049 -0.000000
v 0.550103 0.671610 -0.048000
v 0.550103 0.671610 -0.000000
v 0.545150 0.670107 -0.048000
v 0.545150 0.670107 -0.000000
v 0.540000 0.669600 -0.048000
v 0.540000 0.669600 -0.000000
v 0.534850 0.670107 -0.048000
v 0.534850 0.670107 -0.000000
v 0.529897 0.671610 -0.048000
v 0.529897 0.671610 -0.000000
v 0.525333 0.674049 -0.048000
v 0.525333 0.674049 -0.000000
v 0.521332 0.677332 -0.048000
v 0.521332 0.677332 0.000000
v 0.518049 0.681333 -0.048000
v 0.518049 0.681333 0.000000
v 0.515610 0.685897 -0.048000
v 0.515610 0.685897 0.000000
v 0.514107 0.690850 -0.048000
v 0.514107 0.690850 0.000000
v 0.513600 0.696000 -0.048000
v 0.513600 0.696000 0.000000
v 0.514107 0.701150 -0.048000
v 0.514107 0.701150 0.000000
v 0.515610 0.706103 -0.048000
v 0.515610 0.706103 0.000000
v 0.518049 0.710667 -0.048000
v 0.518049 0.710667 0.000000
v 0.521332 0.714668 -0.048000
v 0.521332 0.714668 0.000000
v 0.525333 0.717951 -0.048000
v 0.525333 0.717951 0.000000
v 0.529897 0.720390 -0.048000
v 0.529897 0.720390 0.000000
v 0.534850 0.721893 -0.048000
v 0.534850 0.721893 0.000000
vn 0.0980 0.9952 -0.0000
vn 0.2903 0.9569 -0.0000
vn 0.4714 0.8819 -0.0000
vn 0.6344 0.7730 -0.0000
vn 0.7730 0.6344 -0.0000
vn 0.8819 0.4714 -0.0000
vn 0.9569 0.2903 -0.0000
vn 0.9952 0.0980 -0.0000
vn 0.9952 -0.0980 -0.0000
vn 0.9569 -0.2903 -0.0000
vn 0.8819 -0.4714 -0.0000
vn 0.7730 -0.6344 -0.0000
vn 0.6344 -0.7730 -0.0000
vn 0.4714 -0.8819 -0.0000
vn 0.2903 -0.9569 -0.0000
vn 0.0980 -0.9952 -0.0000
vn -0.0980 -0.9952 -0.0000
vn -0.2903 -0.9569 -0.0000
vn -0.4714 -0.8819 -0.0000
vn -0.6344 -0.7730 -0.0000
vn -0.7730 -0.6344 -0.0000
vn -0.8819 -0.4714 -0.0000
vn -0.9569 -0.2903 -0.0000
vn -0.9952 -0.0980 -0.0000
vn -0.9952 0.0980 -0.0000
vn -0.9569 0.2903 -0.0000
vn -0.8819 0.4714 -0.0000
vn -0.7730 0.6344 -0.0000
vn -0.6344 0.7730 -0.0000
vn -0.4714 0.8819 -0.0000
vn -0.0000 -0.0000 1.0000
vn -0.2903 0.9569 -0.0000
vn -0.0980 0.9952 -0.0000
vn -0.0000 -0.0000 -1.0000
vt 1.000000 0.500000
vt 1.000000 1.000000
vt 0.968750 1.000000
vt 0.968750 0.500000
vt 0.937500 1.000000
vt 0.937500 0.500000
vt 0.906250 1.000000
vt 0.906250 0.500000
vt 0.875000 1.000000
vt 0.875000 0.500000
vt 0.843750 1.000000
vt 0.843750 0.500000
vt 0.812500 1.000000
vt 0.812500 0.500000
vt 0.781250 1.000000
vt 0.781250 0.500000
vt 0.750000 1.000000
vt 0.750000 0.500000
vt 0.718750 1.000000
vt 0.718750 0.500000
vt 0.687500 1.000000
vt 0.687500 0.500000
vt 0.656250 1.000000
vt 0.656250 0.500000
vt 0.625000 1.000000
vt 0.625000 0.500000
vt 0.593750 1.000000
vt 0.593750 0.500000
vt 0.562500 1.000000
vt 0.562500 0.500000
vt 0.531250 1.000000
vt 0.531250 0.500000
vt 0.500000 1.000000
vt 0.500000 0.500000
vt 0.468750 1.000000
vt 0.468750 0.500000
vt 0.437500 1.000000
vt 0.437500 0.500000
vt 0.406250 1.000000
vt 0.406250 0.500000
vt 0.375000 1.000000
vt 0.375000 0.500000
vt 0.343750 1.000000
vt 0.343750 0.500000
vt 0.312500 1.000000
vt 0.312500 0.500000
vt 0.281250 1.000000
vt 0.281250 0.500000
vt 0.250000 1.000000
vt 0.250000 0.500000
vt 0.218750 1.000000
vt 0.218750 0.500000
vt 0.187500 1.000000
vt 0.187500 0.500000
vt 0.156250 1.000000
vt 0.156250 0.500000
vt 0.125000 1.000000
vt 0.125000 0.500000
vt 0.093750 1.000000
vt 0.093750 0.500000
vt 0.062500 1.000000
vt 0.062500 0.500000
vt 0.296822 0.485388
vt 0.250000 0.490000
vt 0.203178 0.485388
vt 0.158156 0.471731
vt 0.116663 0.449553
vt 0.080294 0.419706
vt 0.050447 0.383337
vt 0.028269 0.341844
vt 0.014612 0.296822
vt 0.010000 0.250000
vt 0.014612 0.203178
vt 0.028269 0.158156
vt 0.050447 0.116663
vt 0.080294 0.080294
vt 0.116663 0.050447
vt 0.158156 0.028269
vt 0.203178 0.014612
vt 0.250000 0.010000
vt 0.296822 0.014612
vt 0.341844 0.028269
vt 0.383337 0.050447
vt 0.419706 0.080294
vt 0.449553 0.116663
vt 0.471731 0.158156
vt 0.485388 0.203178
vt 0.490000 0.250000
vt 0.485388 0.296822
vt 0.471731 0.341844
vt 0.449553 0.383337
vt 0.419706 0.419706
vt 0.383337 0.449553
vt 0.341844 0.471731
vt 0.031250 1.000000
vt 0.031250 0.500000
vt 0.000000 1.000000
vt 0.000000 0.500000
vt 0.750000 0.490000
vt 0.796822 0.485388
vt 0.841844 0.471731
vt 0.883337 0.449553
vt 0.919706 0.419706
vt 0.949553 0.383337
vt 0.971731 0.341844
vt 0.985388 0.296822
vt 0.990000 0.250000
vt 0.985388 0.203178
vt 0.971731 0.158156
vt 0.949553 0.116663
vt 0.919706 0.080294
vt 0.883337 0.050447
vt 0.841844 0.028269
vt 0.796822 0.014612
vt 0.750000 0.010000
vt 0.703178 0.014612
vt 0.658156 0.028269
vt 0.616663 0.050447
vt 0.580294 0.080294
vt 0.550447 0.116663
vt 0.528269 0.158156
vt 0.514612 0.203178
vt 0.510000 0.250000
vt 0.514612 0.296822
vt 0.528269 0.341844
vt 0.550447 0.383337
vt 0.580294 0.419706
vt 0.616663 0.449553
vt 0.658156 0.471731
vt 0.703178 0.485388
s 0
usemtl Plant_3_Pot_mat.043
f 6365/5839/1932 6366/5840/1932 6368/5841/1932 6367/5842/1932
f 6367/5842/1933 6368/5841/1933 6370/5843/1933 6369/5844/1933
f 6369/5844/1934 6370/5843/1934 6372/5845/1934 6371/5846/1934
f 6371/5846/1935 6372/5845/1935 6374/5847/1935 6373/5848/1935
f 6373/5848/1936 6374/5847/1936 6376/5849/1936 6375/5850/1936
f 6375/5850/1937 6376/5849/1937 6378/5851/1937 6377/5852/1937
f 6377/5852/1938 6378/5851/1938 6380/5853/1938 6379/5854/1938
f 6379/5854/1939 6380/5853/1939 6382/5855/1939 6381/5856/1939
f 6381/5856/1940 6382/5855/1940 6384/5857/1940 6383/5858/1940
f 6383/5858/1941 6384/5857/1941 6386/5859/1941 6385/5860/1941
f 6385/5860/1942 6386/5859/1942 6388/5861/1942 6387/5862/1942
f 6387/5862/1943 6388/5861/1943 6390/5863/1943 6389/5864/1943
f 6389/5864/1944 6390/5863/1944 6392/5865/1944 6391/5866/1944
f 6391/5866/1945 6392/5865/1945 6394/5867/1945 6393/5868/1945
f 6393/5868/1946 6394/5867/1946 6396/5869/1946 6395/5870/1946
f 6395/5870/1947 6396/5869/1947 6398/5871/1947 6397/5872/1947
f 6397/5872/1948 6398/5871/1948 6400/5873/1948 6399/5874/1948
f 6399/5874/1949 6400/5873/1949 6402/5875/1949 6401/5876/1949
f 6401/5876/1950 6402/5875/1950 6404/5877/1950 6403/5878/1950
f 6403/5878/1951 6404/5877/1951 6406/5879/1951 6405/5880/1951
f 6405/5880/1952 6406/5879/1952 6408/5881/1952 6407/5882/1952
f 6407/5882/1953 6408/5881/1953 6410/5883/1953 6409/5884/1953
f 6409/5884/1954 6410/5883/1954 6412/5885/1954 6411/5886/1954
f 6411/5886/1955 6412/5885/1955 6414/5887/1955 6413/5888/1955
f 6413/5888/1956 6414/5887/1956 6416/5889/1956 6415/5890/1956
f 6415/5890/1957 6416/5889/1957 6418/5891/1957 6417/5892/1957
f 6417/5892/1958 6418/5891/1958 6420/5893/1958 6419/5894/1958
f 6419/5894/1959 6420/5893/1959 6422/5895/1959 6421/5896/1959
f 6421/5896/1960 6422/5895/1960 6424/5897/1960 6423/5898/1960
f 6423/5898/1961 6424/5897/1961 6426/5899/1961 6425/5900/1961
f 6368/5901/1962 6366/5902/1962 6428/5903/1962 6426/5904/1962 6424/5905/1962 6422/5906/1962 6420/5907/1962 6418/5908/1962 6416/5909/1962 6414/5910/1962 6412/5911/1962 6410/5912/1962 6408/5913/1962 6406/5914/1962 6404/5915/1962 6402/5916/1962 6400/5917/1962 6398/5918/1962 6396/5919/1962 6394/5920/1962 6392/5921/1962 6390/5922/1962 6388/5923/1962 6386/5924/1962 6384/5925/1962 6382/5926/1962 6380/5927/1962 6378/5928/1962 6376/5929/1962 6374/5930/1962 6372/5931/1962 6370/5932/1962
f 6425/5900/1963 6426/5899/1963 6428/5933/1963 6427/5934/1963
f 6427/5934/1964 6428/5933/1964 6366/5935/1964 6365/5936/1964
f 6365/5937/1965 6367/5938/1965 6369/5939/1965 6371/5940/1965 6373/5941/1965 6375/5942/1965 6377/5943/1965 6379/5944/1965 6381/5945/1965 6383/5946/1965 6385/5947/1965 6387/5948/1965 6389/5949/1965 6391/5950/1965 6393/5951/1965 6395/5952/1965 6397/5953/1965 6399/5954/1965 6401/5955/1965 6403/5956/1965 6405/5957/1965 6407/5958/1965 6409/5959/1965 6411/5960/1965 6413/5961/1965 6415/5962/1965 6417/5963/1965 6419/5964/1965 6421/5965/1965 6423/5966/1965 6425/5967/1965 6427/5968/1965
o Plant_3_Leaves
v 0.540000 0.736800 -0.111000
v 0.540000 0.736800 -0.045000
v 0.555614 0.733694 -0.111000
v 0.555614 0.733694 -0.045000
v 0.568850 0.724850 -0.111000
v 0.568850 0.724850 -0.045000
v 0.577694 0.711613 -0.111000
v 0.577694 0.711613 -0.045000
v 0.580800 0.696000 -0.111000
v 0.580800 0.696000 -0.045000
v 0.577694 0.680386 -0.111000
v 0.577694 0.680386 -0.045000
v 0.568850 0.667150 -0.111000
v 0.568850 0.667150 -0.045000
v 0.555614 0.658306 -0.111000
v 0.555614 0.658306 -0.045000
v 0.540000 0.655200 -0.111000
v 0.540000 0.655200 -0.045000
v 0.524387 0.658306 -0.111000
v 0.524387 0.658306 -0.045000
v 0.511150 0.667150 -0.111000
v 0.511150 0.667150 -0.045000
v 0.502306 0.680386 -0.111000
v 0.502306 0.680386 -0.045000
v 0.499200 0.696000 -0.111000
v 0.499200 0.696000 -0.045000
v 0.502306 0.711613 -0.111000
v 0.502306 0.711613 -0.045000
v 0.511150 0.724850 -0.111000
v 0.511150 0.724850 -0.045000
v 0.524387 0.733694 -0.111000
v 0.524387 0.733694 -0.045000
vn 0.1951 0.9808 -0.0000
vn 0.5556 0.8315 -0.0000
vn 0.8315 0.5556 -0.0000
vn 0.9808 0.1951 -0.0000
vn 0.9808 -0.1951 -0.0000
vn 0.8315 -0.5556 -0.0000
vn 0.5556 -0.8315 -0.0000
vn 0.1951 -0.9808 -0.0000
vn -0.1951 -0.9808 -0.0000
vn -0.5556 -0.8315 -0.0000
vn -0.8315 -0.5556 -0.0000
vn -0.9808 -0.1951 -0.0000
vn -0.9808 0.1951 -0.0000
vn -0.8315 0.5556 -0.0000
vn -0.0000 -0.0000 1.0000
vn -0.5556 0.8315 -0.0000
vn -0.1951 0.9808 -0.0000
vn -0.0000 -0.0000 -1.0000
vt 1.000000 0.500000
vt 1.000000 1.000000
vt 0.937500 1.000000
vt 0.937500 0.500000
vt 0.875000 1.000000
vt 0.875000 0.500000
vt 0.812500 1.000000
vt 0.812500 0.500000
vt 0.750000 1.000000
vt 0.750000 0.500000
vt 0.687500 1.000000
vt 0.687500 0.500000
vt 0.625000 1.000000
vt 0.625000 0.500000
vt 0.562500 1.000000
vt 0.562500 0.500000
vt 0.500000 1.000000
vt 0.500000 0.500000
vt 0.437500 1.000000
vt 0.437500 0.500000
vt 0.375000 1.000000
vt 0.375000 0.500000
vt 0.312500 1.000000
vt 0.312500 0.500000
vt 0.250000 1.000000
vt 0.250000 0.500000
vt 0.187500 1.000000
vt 0.187500 0.500000
vt 0.125000 1.000000
vt 0.125000 0.500000
vt 0.341844 0.471731
vt 0.250000 0.490000
vt 0.158156 0.471731
vt 0.080294 0.419706
vt 0.028269 0.341844
vt 0.010000 0.250000
vt 0.028269 0.158156
vt 0.080294 0.080294
vt 0.158156 0.028269
vt 0.250000 0.010000
vt 0.341844 0.028269
vt 0.419706 0.080294
vt 0.471731 0.158156
vt 0.490000 0.250000
vt 0.471731 0.341844
vt 0.419706 0.419706
vt 0.062500 1.000000
vt 0.062500 0.500000
vt 0.000000 1.000000
vt 0.000000 0.500000
vt 0.750000 0.490000
vt 0.841844 0.471731
vt 0.919706 0.419706
vt 0.971731 0.341844
vt 0.990000 0.250000
vt 0.971731 0.158156
vt 0.919706 0.080294
vt 0.841844 0.028269
vt 0.750000 0.010000
vt 0.658156 0.028269
vt 0.580294 0.080294
vt 0.528269 0.158156
vt 0.510000 0.250000
vt 0.528269 0.341844
vt 0.580294 0.419706
vt 0.658156 0.471731
s 0
usemtl Plant_3_Leaves_mat.043
f 6429/5969/1966 6430/5970/1966 6432/5971/1966 6431/5972/1966
f 6431/5972/1967 6432/5971/1967 6434/5973/1967 6433/5974/1967
f 6433/5974/1968 6434/5973/1968 6436/5975/1968 6435/5976/1968
f 6435/5976/1969 6436/5975/1969 6438/5977/1969 6437/5978/1969
f 6437/5978/1970 6438/5977/1970 6440/5979/1970 6439/5980/1970
f 6439/5980/1971 6440/5979/1971 6442/5981/1971 6441/5982/1971
f 6441/5982/1972 6442/5981/1972 6444/5983/1972 6443/5984/1972
f 6443/5984/1973 6444/5983/1973 6446/5985/1973 6445/5986/1973
f 6445/5986/1974 6446/5985/1974 6448/5987/1974 6447/5988/1974
f 6447/5988/1975 6448/5987/1975 6450/5989/1975 6449/5990/1975
f 6449/5990/1976 6450/5989/1976 6452/5991/1976 6451/5992/1976
f 6451/5992/1977 6452/5991/1977 6454/5993/1977 6453/5994/1977
f 6453/5994/1978 6454/5993/1978 6456/5995/1978 6455/5996/1978
f 6455/5996/1979 6456/5995/1979 6458/5997/1979 6457/5998/1979
f 6432/5999/1980 6430/6000/1980 6460/6001/1980 6458/6002/1980 6456/6003/1980 6454/6004/1980 6452/6005/1980 6450/6006/1980 6448/6007/1980 6446/6008/1980 6444/6009/1980 6442/6010/1980 6440/6011/1980 6438/6012/1980 6436/6013/1980 6434/6014/1980
f 6457/5998/1981 6458/5997/1981 6460/6015/1981 6459/6016/1981
f 6459/6016/1982 6460/6015/1982 6430/6017/1982 6429/6018/1982
f 6429/6019/1983 6431/6020/1983 6433/6021/1983 6435/6022/1983 6437/6023/1983 6439/6024/1983 6441/6025/1983 6443/6026/1983 6445/6027/1983 6447/6028/1983 6449/6029/1983 6451/6030/1983 6453/6031/1983 6455/6032/1983 6457/6033/1983 6459/6034/1983
o Plant_4_Pot
v 0.066000 0.630400 -0.048000
v 0.066000 0.630400 0.000000
v 0.071150 0.629893 -0.048000
v 0.071150 0.629893 0.000000
v 0.076103 0.628390 -0.048000
v 0.076103 0.628390 0.000000
v 0.080667 0.625951 -0.048000
v 0.080667 0.625951 0.000000
v 0.084668 0.622668 -0.048000
v 0.084668 0.622668 0.000000
v 0.087951 0.618667 -0.048000
v 0.087951 0.618667 0.000000
v 0.090390 0.614103 -0.048000
v 0.090390 0.614103 0.000000
v 0.091893 0.609150 -0.048000
v 0.091893 0.609150 0.000000
v 0.092400 0.604000 -0.048000
v 0.092400 0.604000 0.000000
v 0.091893 0.598850 -0.048000
v 0.091893 0.598850 0.000000
v 0.090390 0.593897 -0.048000
v 0.090390 0.593897 0.000000
v 0.087951 0.589333 -0.048000
v 0.087951 0.589333 0.000000
v 0.084668 0.585332 -0.048000
v 0.084668 0.585332 0.000000
v 0.080667 0.582049 -0.048000
v 0.080667 0.582049 -0.000000
v 0.076103 0.579610 -0.048000
v 0.076103 0.579610 -0.000000
v 0.071150 0.578107 -0.048000
v 0.071150 0.578107 -0.000000
v 0.066000 0.577600 -0.048000
v 0.066000 0.577600 -0.000000
v 0.060850 0.578107 -0.048000
v 0.060850 0.578107 -0.000000
v 0.055897 0.579610 -0.048000
v 0.055897 0.579610 -0.000000
v 0.051333 0.582049 -0.048000
v 0.051333 0.582049 -0.000000
v 0.047332 0.585332 -0.048000
v 0.047332 0.585332 0.000000
v 0.044049 0.589333 -0.048000
v 0.044049 0.589333 0.000000
v 0.041610 0.593897 -0.048000
v 0.041610 0.593897 0.000000
v 0.040107 0.598850 -0.048000
v 0.040107 0.598850 0.000000
v 0.039600 0.604000 -0.048000
v 0.039600 0.604000 0.000000
v 0.040107 0.609150 -0.048000
v 0.040107 0.609150 0.000000
v 0.041610 0.614103 -0.048000
v 0.041610 0.614103 0.000000
v 0.044049 0.618667 -0.048000
v 0.044049 0.618667 0.000000
v 0.047332 0.622668 -0.048000
v 0.047332 0.622668 0.000000
v 0.051333 0.625951 -0.048000
v 0.051333 0.625951 0.000000
v 0.055897 0.628390 -0.048000
v 0.055897 0.628390 0.000000
v 0.060850 0.629893 -0.048000
v 0.060850 0.629893 0.000000
vn 0.0980 0.9952 -0.0000
vn 0.2903 0.9569 -0.0000
vn 0.4714 0.8819 -0.0000
vn 0.6344 0.7730 -0.0000
vn 0.7730 0.6344 -0.0000
vn 0.8819 0.4714 -0.0000
vn 0.9569 0.2903 -0.0000
vn 0.9952 0.0980 -0.0000
vn 0.9952 -0.0980 -0.0000
vn 0.9569 -0.2903 -0.0000
vn 0.8819 -0.4714 -0.0000
vn 0.7730 -0.6344 -0.0000
vn 0.6344 -0.7730 -0.0000
vn 0.4714 -0.8819 -0.0000
vn 0.2903 -0.9569 -0.0000
vn 0.0980 -0.9952 -0.0000
vn -0.0980 -0.9952 -0.0000
vn -0.2903 -0.9569 -0.0000
vn -0.4714 -0.8819 -0.0000
vn -0.6344 -0.7730 -0.0000
vn -0.7730 -0.6344 -0.0000
vn -0.8819 -0.4714 -0.0000
vn -0.9569 -0.2903 -0.0000
vn -0.9952 -0.0980 -0.0000
vn -0.9952 0.0980 -0.0000
vn -0.9569 0.2903 -0.0000
vn -0.8819 0.4714 -0.0000
vn -0.7730 0.6344 -0.0000
vn -0.6344 0.7730 -0.0000
vn -0.4714 0.8819 -0.0000
vn -0.0000 -0.0000 1.0000
vn -0.2903 0.9569 -0.0000
vn -0.0980 0.9952 -0.0000
vn -0.0000 -0.0000 -1.0000
vt 1.000000 0.500000
vt 1.000000 1.000000
vt 0.968750 1.000000
vt 0.968750 0.500000
vt 0.937500 1.000000
vt 0.937500 0.500000
vt 0.906250 1.000000
vt 0.906250 0.500000
vt 0.875000 1.000000
vt 0.875000 0.500000
vt 0.843750 1.000000
vt 0.843750 0.500000
vt 0.812500 1.000000
vt 0.812500 0.500000
vt 0.781250 1.000000
vt 0.781250 0.500000
vt 0.750000 1.000000
vt 0.750000 0.500000
vt 0.718750 1.000000
vt 0.718750 0.500000
vt 0.687500 1.000000
vt 0.687500 0.500000
vt 0.656250 1.000000
vt 0.656250 0.500000
vt 0.625000 1.000000
vt 0.625000 0.500000
vt 0.593750 1.000000
vt 0.593750 0.500000
vt 0.562500 1.000000
vt 0.562500 0.500000
vt 0.531250 1.000000
vt 0.531250 0.500000
vt 0.500000 1.000000
vt 0.500000 0.500000
vt 0.468750 1.000000
vt 0.468750 0.500000
vt 0.437500 1.000000
vt 0.437500 0.500000
vt 0.406250 1.000000
vt 0.406250 0.500000
vt 0.375000 1.000000
vt 0.375000 0.500000
vt 0.343750 1.000000
vt 0.343750 0.500000
vt 0.312500 1.000000
vt 0.312500 0.500000
vt 0.281250 1.000000
vt 0.281250 0.500000
vt 0.250000 1.000000
vt 0.250000 0.500000
vt 0.218750 1.000000
vt 0.218750 0.500000
vt 0.187500 1.000000
vt 0.187500 0.500000
vt 0.156250 1.000000
vt 0.156250 0.500000
vt 0.125000 1.000000
vt 0.125000 0.500000
vt 0.093750 1.000000
vt 0.093750 0.500000
vt 0.062500 1.000000
vt 0.062500 0.500000
vt 0.296822 0.485388
vt 0.250000 0.490000
vt 0.203178 0.485388
vt 0.158156 0.471731
vt 0.116663 0.449553
vt 0.080294 0.419706
vt 0.050447 0.383337
vt 0.028269 0.341844
vt 0.014612 0.296822
vt 0.010000 0.250000
vt 0.014612 0.203178
vt 0.028269 0.158156
vt 0.050447 0.116663
vt 0.080294 0.080294
vt 0.116663 0.050447
vt 0.158156 0.028269
vt 0.203178 0.014612
vt 0.250000 0.010000
vt 0.296822 0.014612
vt 0.341844 0.028269
vt 0.383337 0.050447
vt 0.419706 0.080294
vt 0.449553 0.116663
vt 0.471731 0.158156
vt 0.485388 0.203178
vt 0.490000 0.250000
vt 0.485388 0.296822
vt 0.471731 0.341844
vt 0.449553 0.383337
vt 0.419706 0.419706
vt 0.383337 0.449553
vt 0.341844 0.471731
vt 0.031250 1.000000
vt 0.031250 0.500000
vt 0.000000 1.000000
vt 0.000000 0.500000
vt 0.750000 0.490000
vt 0.796822 0.485388
vt 0.841844 0.471731
vt 0.883337 0.449553
vt 0.919706 0.419706
vt 0.949553 0.383337
vt 0.971731 0.341844
vt 0.985388 0.296822
vt 0.990000 0.250000
vt 0.985388 0.203178
vt 0.971731 0.158156
vt 0.949553 0.116663
vt 0.919706 0.080294
vt 0.883337 0.050447
vt 0.841844 0.028269
vt 0.796822 0.014612
vt 0.750000 0.010000
vt 0.703178 0.014612
vt 0.658156 0.028269
vt 0.616663 0.050447
vt 0.580294 0.080294
vt 0.550447 0.116663
vt 0.528269 0.158156
vt 0.514612 0.203178
vt 0.510000 0.250000
vt 0.514612 0.296822
vt 0.528269 0.341844
vt 0.550447 0.383337
vt 0.580294 0.419706
vt 0.616663 0.449553
vt 0.658156 0.471731
vt 0.703178 0.485388
s 0
usemtl Plant_4_Pot_mat.043
f 6461/6035/1984 6462/6036/1984 6464/6037/1984 6463/6038/1984
f 6463/6038/1985 6464/6037/1985 6466/6039/1985 6465/6040/1985
f 6465/6040/1986 6466/6039/1986 6468/6041/1986 6467/6042/1986
f 6467/6042/1987 6468/6041/1987 6470/6043/1987 6469/6044/1987
f 6469/6044/1988 6470/6043/1988 6472/6045/1988 6471/6046/1988
f 6471/6046/1989 6472/6045/1989 6474/6047/1989 6473/6048/1989
f 6473/6048/1990 6474/6047/1990 6476/6049/1990 6475/6050/1990
f 6475/6050/1991 6476/6049/1991 6478/6051/1991 6477/6052/1991
f 6477/6052/1992 6478/6051/1992 6480/6053/1992 6479/6054/1992
f 6479/6054/1993 6480/6053/1993 6482/6055/1993 6481/6056/1993
f 6481/6056/1994 6482/6055/1994 6484/6057/1994 6483/6058/1994
f 6483/6058/1995 6484/6057/1995 6486/6059/1995 6485/6060/1995
f 6485/6060/1996 6486/6059/1996 6488/6061/1996 6487/6062/1996
f 6487/6062/1997 6488/6061/1997 6490/6063/1997 6489/6064/1997
f 6489/6064/1998 6490/6063/1998 6492/6065/1998 6491/6066/1998
f 6491/6066/1999 6492/6065/1999 6494/6067/1999 6493/6068/1999
f 6493/6068/2000 6494/6067/2000 6496/6069/2000 6495/6070/2000
f 6495/6070/2001 6496/6069/2001 6498/6071/2001 6497/6072/2001
f 6497/6072/2002 6498/6071/2002 6500/6073/2002 6499/6074/2002
f 6499/6074/2003 6500/6073/2003 6502/6075/2003 6501/6076/2003
f 6501/6076/2004 6502/6075/2004 6504/6077/2004 6503/6078/2004
f 6503/6078/2005 6504/6077/2005 6506/6079/2005 6505/6080/2005
f 6505/6080/2006 6506/6079/2006 6508/6081/2006 6507/6082/2006
f 6507/6082/2007 6508/6081/2007 6510/6083/2007 6509/6084/2007
f 6509/6084/2008 6510/6083/2008 6512/6085/2008 6511/6086/2008
f 6511/6086/2009 6512/6085/2009 6514/6087/2009 6513/6088/2009
f 6513/6088/2010 6514/6087/2010 6516/6089/2010 6515/6090/2010
f 6515/6090/2011 6516/6089/2011 6518/6091/2011 6517/6092/2011
f 6517/6092/2012 6518/6091/2012 6520/6093/2012 6519/6094/2012
f 6519/6094/2013 6520/6093/2013 6522/6095/2013 6521/6096/2013
f 6464/6097/2014 6462/6098/2014 6524/6099/2014 6522/6100/2014 6520/6101/2014 6518/6102/2014 6516/6103/2014 6514/6104/2014 6512/6105/2014 6510/6106/2014 6508/6107/2014 6506/6108/2014 6504/6109/2014 6502/6110/2014 6500/6111/2014 6498/6112/2014 6496/6113/2014 6494/6114/2014 6492/6115/2014 6490/6116/2014 6488/6117/2014 6486/6118/2014 6484/6119/2014 6482/6120/2014 6480/6121/2014 6478/6122/2014 6476/6123/2014 6474/6124/2014 6472/6125/2014 6470/6126/2014 6468/6127/2014 6466/6128/2014
f 6521/6096/2015 6522/6095/2015 6524/6129/2015 6523/6130/2015
f 6523/6130/2016 6524/6129/2016 6462/6131/2016 6461/6132/2016
f 6461/6133/2017 6463/6134/2017 6465/6135/2017 6467/6136/2017 6469/6137/2017 6471/6138/2017 6473/6139/2017 6475/6140/2017 6477/6141/2017 6479/6142/2017 6481/6143/2017 6483/6144/2017 6485/6145/2017 6487/6146/2017 6489/6147/2017 6491/6148/2017 6493/6149/2017 6495/6150/2017 6497/6151/2017 6499/6152/2017 6501/6153/2017 6503/6154/2017 6505/6155/2017 6507/6156/2017 6509/6157/2017 6511/6158/2017 6513/6159/2017 6515/6160/2017 6517/6161/2017 6519/6162/2017 6521/6163/2017 6523/6164/2017
o Plant_4_Leaves
v 0.066000 0.644800 -0.111000
v 0.066000 0.644800 -0.045000
v 0.081613 0.641694 -0.111000
v 0.081613 0.641694 -0.045000
v 0.094850 0.632850 -0.111000
v 0.094850 0.632850 -0.045000
v 0.103694 0.619613 -0.111000
v 0.103694 0.619613 -0.045000
v 0.106800 0.604000 -0.111000
v 0.106800 0.604000 -0.045000
v 0.103694 0.588386 -0.111000
v 0.103694 0.588386 -0.045000
v 0.094850 0.575150 -0.111000
v 0.094850 0.575150 -0.045000
v 0.081613 0.566306 -0.111000
v 0.081613 0.566306 -0.045000
v 0.066000 0.563200 -0.111000
v 0.066000 0.563200 -0.045000
v 0.050387 0.566306 -0.111000
v 0.050387 0.566306 -0.045000
v 0.037150 0.575150 -0.111000
v 0.037150 0.575150 -0.045000
v 0.028306 0.588386 -0.111000
v 0.028306 0.588386 -0.045000
v 0.025200 0.604000 -0.111000
v 0.025200 0.604000 -0.045000
v 0.028306 0.619613 -0.111000
v 0.028306 0.619613 -0.045000
v 0.037150 0.632850 -0.111000
v 0.037150 0.632850 -0.045000
v 0.050387 0.641694 -0.111000
v 0.050387 0.641694 -0.045000
vn 0.1951 0.9808 -0.0000
vn 0.5556 0.8315 -0.0000
vn 0.8315 0.5556 -0.0000
vn 0.9808 0.1951 -0.0000
vn 0.9808 -0.1951 -0.0000
vn 0.8315 -0.5556 -0.0000
vn 0.5556 -0.8315 -0.0000
vn 0.1951 -0.9808 -0.0000
vn -0.1951 -0.9808 -0.0000
vn -0.5556 -0.8315 -0.0000
vn -0.8315 -0.5556 -0.0000
vn -0.9808 -0.1951 -0.0000
vn -0.9808 0.1951 -0.0000
vn -0.8315 0.5556 -0.0000
vn -0.0000 -0.0000 1.0000
vn -0.5556 0.8315 -0.0000
vn -0.1951 0.9808 -0.0000
vn -0.0000 -0.0000 -1.0000
vt 1.000000 0.500000
vt 1.000000 1.000000
vt 0.937500 1.000000
vt 0.937500 0.500000
vt 0.875000 1.000000
vt 0.875000 0.500000
vt 0.812500 1.000000
vt 0.812500 0.500000
vt 0.750000 1.000000
vt 0.750000 0.500000
vt 0.687500 1.000000
vt 0.687500 0.500000
vt 0.625000 1.000000
vt 0.625000 0.500000
vt 0.562500 1.000000
vt 0.562500 0.500000
vt 0.500000 1.000000
vt 0.500000 0.500000
vt 0.437500 1.000000
vt 0.437500 0.500000
vt 0.375000 1.000000
vt 0.375000 0.500000
vt 0.312500 1.000000
vt 0.312500 0.500000
vt 0.250000 1.000000
vt 0.250000 0.500000
vt 0.187500 1.000000
vt 0.187500 0.500000
vt 0.125000 1.000000
vt 0.125000 0.500000
vt 0.341844 0.471731
vt 0.250000 0.490000
vt 0.158156 0.471731
vt 0.080294 0.419706
vt 0.028269 0.341844
vt 0.010000 0.250000
vt 0.028269 0.158156
vt 0.080294 0.080294
vt 0.158156 0.028269
vt 0.250000 0.010000
vt 0.341844 0.028269
vt 0.419706 0.080294
vt 0.471731 0.158156
vt 0.490000 0.250000
vt 0.471731 0.341844
vt 0.419706 0.419706
vt 0.062500 1.000000
vt 0.062500 0.500000
vt 0.000000 1.000000
vt 0.000000 0.500000
vt 0.750000 0.490000
vt 0.841844 0.471731
vt 0.919706 0.419706
vt 0.971731 0.341844
vt 0.990000 0.250000
vt 0.971731 0.158156
vt 0.919706 0.080294
vt 0.841844 0.028269
vt 0.750000 0.010000
vt 0.658156 0.028269
vt 0.580294 0.080294
vt 0.528269 0.158156
vt 0.510000 0.250000
vt 0.528269 0.341844
vt 0.580294 0.419706
vt 0.658156 0.471731
s 0
usemtl Plant_4_Leaves_mat.043
f 6525/6165/2018 6526/6166/2018 6528/6167/2018 6527/6168/2018
f 6527/6168/2019 6528/6167/2019 6530/6169/2019 6529/6170/2019
f 6529/6170/2020 6530/6169/2020 6532/6171/2020 6531/6172/2020
f 6531/6172/2021 6532/6171/2021 6534/6173/2021 6533/6174/2021
f 6533/6174/2022 6534/6173/2022 6536/6175/2022 6535/6176/2022
f 6535/6176/2023 6536/6175/2023 6538/6177/2023 6537/6178/2023
f 6537/6178/2024 6538/6177/2024 6540/6179/2024 6539/6180/2024
f 6539/6180/2025 6540/6179/2025 6542/6181/2025 6541/6182/2025
f 6541/6182/2026 6542/6181/2026 6544/6183/2026 6543/6184/2026
f 6543/6184/2027 6544/6183/2027 6546/6185/2027 6545/6186/2027
f 6545/6186/2028 6546/6185/2028 6548/6187/2028 6547/6188/2028
f 6547/6188/2029 6548/6187/2029 6550/6189/2029 6549/6190/2029
f 6549/6190/2030 6550/6189/2030 6552/6191/2030 6551/6192/2030
f 6551/6192/2031 6552/6191/2031 6554/6193/2031 6553/6194/2031
f 6528/6195/2032 6526/6196/2032 6556/6197/2032 6554/6198/2032 6552/6199/2032 6550/6200/2032 6548/6201/2032 6546/6202/2032 6544/6203/2032 6542/6204/2032 6540/6205/2032 6538/6206/2032 6536/6207/2032 6534/6208/2032 6532/6209/2032 6530/6210/2032
f 6553/6194/2033 6554/6193/2033 6556/6211/2033 6555/6212/2033
f 6555/6212/2034 6556/6211/2034 6526/6213/2034 6525/6214/2034
f 6525/6215/2035 6527/6216/2035 6529/6217/2035 6531/6218/2035 6533/6219/2035 6535/6220/2035 6537/6221/2035 6539/6222/2035 6541/6223/2035 6543/6224/2035 6545/6225/2035 6547/6226/2035 6549/6227/2035 6551/6228/2035 6553/6229/2035 6555/6230/2035
o Plant_5_Pot
v -0.520000 0.647400 -0.048000
v -0.520000 0.647400 0.000000
v -0.514850 0.646893 -0.048000
v -0.514850 0.646893 0.000000
v -0.509897 0.645390 -0.048000
v -0.509897 0.645390 0.000000
v -0.505333 0.642951 -0.048000
v -0.505333 0.642951 0.000000
v -0.501332 0.639668 -0.048000
v -0.501332 0.639668 0.000000
v -0.498049 0.635667 -0.048000
v -0.498049 0.635667 0.000000
v -0.495610 0.631103 -0.048000
v -0.495610 0.631103 0.000000
v -0.494107 0.626150 -0.048000
v -0.494107 0.626150 0.000000
v -0.493600 0.621000 -0.048000
v -0.493600 0.621000 0.000000
v -0.494107 0.615850 -0.048000
v -0.494107 0.615850 0.000000
v -0.495610 0.610897 -0.048000
v -0.495610 0.610897 0.000000
v -0.498049 0.606333 -0.048000
v -0.498049 0.606333 0.000000
v -0.501332 0.602332 -0.048000
v -0.501332 0.602332 0.000000
v -0.505333 0.599049 -0.048000
v -0.505333 0.599049 -0.000000
v -0.509897 0.596610 -0.048000
v -0.509897 0.596610 -0.000000
v -0.514850 0.595107 -0.048000
v -0.514850 0.595107 -0.000000
v -0.520000 0.594600 -0.048000
v -0.520000 0.594600 -0.000000
v -0.525150 0.595107 -0.048000
v -0.525150 0.595107 -0.000000
v -0.530103 0.596610 -0.048000
v -0.530103 0.596610 -0.000000
v -0.534667 0.599049 -0.048000
v -0.534667 0.599049 -0.000000
v -0.538668 0.602332 -0.048000
v -0.538668 0.602332 0.000000
v -0.541951 0.606333 -0.048000
v -0.541951 0.606333 0.000000
v -0.544390 0.610897 -0.048000
v -0.544390 0.610897 0.000000
v -0.545893 0.615850 -0.048000
v -0.545893 0.615850 0.000000
v -0.546400 0.621000 -0.048000
v -0.546400 0.621000 0.000000
v -0.545893 0.626150 -0.048000
v -0.545893 0.626150 0.000000
v -0.544390 0.631103 -0.048000
v -0.544390 0.631103 0.000000
v -0.541951 0.635667 -0.048000
v -0.541951 0.635667 0.000000
v -0.538668 0.639668 -0.048000
v -0.538668 0.639668 0.000000
v -0.534667 0.642951 -0.048000
v -0.534667 0.642951 0.000000
v -0.530103 0.645390 -0.048000
v -0.530103 0.645390 0.000000
v -0.525150 0.646893 -0.048000
v -0.525150 0.646893 0.000000
vn 0.0980 0.9952 -0.0000
vn 0.2903 0.9569 -0.0000
vn 0.4714 0.8819 -0.0000
vn 0.6344 0.7730 -0.0000
vn 0.7730 0.6344 -0.0000
vn 0.8819 0.4714 -0.0000
vn 0.9569 0.2903 -0.0000
vn 0.9952 0.0980 -0.0000
vn 0.9952 -0.0980 -0.0000
vn 0.9569 -0.2903 -0.0000
vn 0.8819 -0.4714 -0.0000
vn 0.7730 -0.6344 -0.0000
vn 0.6344 -0.7730 -0.0000
vn 0.4714 -0.8819 -0.0000
vn 0.2903 -0.9569 -0.0000
vn 0.0980 -0.9952 -0.0000
vn -0.0980 -0.9952 -0.0000
vn -0.2903 -0.9569 -0.0000
vn -0.4714 -0.8819 -0.0000
vn -0.6344 -0.7730 -0.0000
vn -0.7730 -0.6344 -0.0000
vn -0.8819 -0.4714 -0.0000
vn -0.9569 -0.2903 -0.0000
vn -0.9952 -0.0980 -0.0000
vn -0.9952 0.0980 -0.0000
vn -0.9569 0.2903 -0.0000
vn -0.8819 0.4714 -0.0000
vn -0.7730 0.6344 -0.0000
vn -0.6344 0.7730 -0.0000
vn -0.4714 0.8819 -0.0000
vn -0.0000 -0.0000 1.0000
vn -0.2903 0.9569 -0.0000
vn -0.0980 0.9952 -0.0000
vn -0.0000 -0.0000 -1.0000
vt 1.000000 0.500000
vt 1.000000 1.000000
vt 0.968750 1.000000
vt 0.968750 0.500000
vt 0.937500 1.000000
vt 0.937500 0.500000
vt 0.906250 1.000000
vt 0.906250 0.500000
vt 0.875000 1.000000
vt 0.875000 0.500000
vt 0.843750 1.000000
vt 0.843750 0.500000
vt 0.812500 1.000000
vt 0.812500 0.500000
vt 0.781250 1.000000
vt 0.781250 0.500000
vt 0.750000 1.000000
vt 0.750000 0.500000
vt 0.718750 1.000000
vt 0.718750 0.500000
vt 0.687500 1.000000
vt 0.687500 0.500000
vt 0.656250 1.000000
vt 0.656250 0.500000
vt 0.625000 1.000000
vt 0.625000 0.500000
vt 0.593750 1.000000
vt 0.593750 0.500000
vt 0.562500 1.000000
vt 0.562500 0.500000
vt 0.531250 1.000000
vt 0.531250 0.500000
vt 0.500000 1.000000
vt 0.500000 0.500000
vt 0.468750 1.000000
vt 0.468750 0.500000
vt 0.437500 1.000000
vt 0.437500 0.500000
vt 0.406250 1.000000
vt 0.406250 0.500000
vt 0.375000 1.000000
vt 0.375000 0.500000
vt 0.343750 1.000000
vt 0.343750 0.500000
vt 0.312500 1.000000
vt 0.312500 0.500000
vt 0.281250 1.000000
vt 0.281250 0.500000
vt 0.250000 1.000000
vt 0.250000 0.500000
vt 0.218750 1.000000
vt 0.218750 0.500000
vt 0.187500 1.000000
vt 0.187500 0.500000
vt 0.156250 1.000000
vt 0.156250 0.500000
vt 0.125000 1.000000
vt 0.125000 0.500000
vt 0.093750 1.000000
vt 0.093750 0.500000
vt 0.062500 1.000000
vt 0.062500 0.500000
vt 0.296822 0.485388
vt 0.250000 0.490000
vt 0.203178 0.485388
vt 0.158156 0.471731
vt 0.116663 0.449553
vt 0.080294 0.419706
vt 0.050447 0.383337
vt 0.028269 0.341844
vt 0.014612 0.296822
vt 0.010000 0.250000
vt 0.014612 0.203178
vt 0.028269 0.158156
vt 0.050447 0.116663
vt 0.080294 0.080294
vt 0.116663 0.050447
vt 0.158156 0.028269
vt 0.203178 0.014612
vt 0.250000 0.010000
vt 0.296822 0.014612
vt 0.341844 0.028269
vt 0.383337 0.050447
vt 0.419706 0.080294
vt 0.449553 0.116663
vt 0.471731 0.158156
vt 0.485388 0.203178
vt 0.490000 0.250000
vt 0.485388 0.296822
vt 0.471731 0.341844
vt 0.449553 0.383337
vt 0.419706 0.419706
vt 0.383337 0.449553
vt 0.341844 0.471731
vt 0.031250 1.000000
vt 0.031250 0.500000
vt 0.000000 1.000000
vt 0.000000 0.500000
vt 0.750000 0.490000
vt 0.796822 0.485388
vt 0.841844 0.471731
vt 0.883337 0.449553
vt 0.919706 0.419706
vt 0.949553 0.383337
vt 0.971731 0.341844
vt 0.985388 0.296822
vt 0.990000 0.250000
vt 0.985388 0.203178
vt 0.971731 0.158156
vt 0.949553 0.116663
vt 0.919706 0.080294
vt 0.883337 0.050447
vt 0.841844 0.028269
vt 0.796822 0.014612
vt 0.750000 0.010000
vt 0.703178 0.014612
vt 0.658156 0.028269
vt 0.616663 0.050447
vt 0.580294 0.080294
vt 0.550447 0.116663
vt 0.528269 0.158156
vt 0.514612 0.203178
vt 0.510000 0.250000
vt 0.514612 0.296822
vt 0.528269 0.341844
vt 0.550447 0.383337
vt 0.580294 0.419706
vt 0.616663 0.449553
vt 0.658156 0.471731
vt 0.703178 0.485388
s 0
usemtl Plant_5_Pot_mat.043
f 6557/6231/2036 6558/6232/2036 6560/6233/2036 6559/6234/2036
f 6559/6234/2037 6560/6233/2037 6562/6235/2037 6561/6236/2037
f 6561/6236/2038 6562/6235/2038 6564/6237/2038 6563/6238/2038
f 6563/6238/2039 6564/6237/2039 6566/6239/2039 6565/6240/2039
f 6565/6240/2040 6566/6239/2040 6568/6241/2040 6567/6242/2040
f 6567/6242/2041 6568/6241/2041 6570/6243/2041 6569/6244/2041
f 6569/6244/2042 6570/6243/2042 6572/6245/2042 6571/6246/2042
f 6571/6246/2043 6572/6245/2043 6574/6247/2043 6573/6248/2043
f 6573/6248/2044 6574/6247/2044 6576/6249/2044 6575/6250/2044
f 6575/6250/2045 6576/6249/2045 6578/6251/2045 6577/6252/2045
f 6577/6252/2046 6578/6251/2046 6580/6253/2046 6579/6254/2046
f 6579/6254/2047 6580/6253/2047 6582/6255/2047 6581/6256/2047
f 6581/6256/2048 6582/6255/2048 6584/6257/2048 6583/6258/2048
f 6583/6258/2049 6584/6257/2049 6586/6259/2049 6585/6260/2049
f 6585/6260/2050 6586/6259/2050 6588/6261/2050 6587/6262/2050
f 6587/6262/2051 6588/6261/2051 6590/6263/2051 6589/6264/2051
f 6589/6264/2052 6590/6263/2052 6592/6265/2052 6591/6266/2052
f 6591/6266/2053 6592/6265/2053 6594/6267/2053 6593/6268/2053
f 6593/6268/2054 6594/6267/2054 6596/6269/2054 6595/6270/2054
f 6595/6270/2055 6596/6269/2055 6598/6271/2055 6597/6272/2055
f 6597/6272/2056 6598/6271/2056 6600/6273/2056 6599/6274/2056
f 6599/6274/2057 6600/6273/2057 6602/6275/2057 6601/6276/2057
f 6601/6276/2058 6602/6275/2058 6604/6277/2058 6603/6278/2058
f 6603/6278/2059 6604/6277/2059 6606/6279/2059 6605/6280/2059
f 6605/6280/2060 6606/6279/2060 6608/6281/2060 6607/6282/2060
f 6607/6282/2061 6608/6281/2061 6610/6283/2061 6609/6284/2061
f 6609/6284/2062 6610/6283/2062 6612/6285/2062 6611/6286/2062
f 6611/6286/2063 6612/6285/2063 6614/6287/2063 6613/6288/2063
f 6613/6288/2064 6614/6287/2064 6616/6289/2064 6615/6290/2064
f 6615/6290/2065 6616/6289/2065 6618/6291/2065 6617/6292/2065
f 6560/6293/2066 6558/6294/2066 6620/6295/2066 6618/6296/2066 6616/6297/2066 6614/6298/2066 6612/6299/2066 6610/6300/2066 6608/6301/2066 6606/6302/2066 6604/6303/2066 6602/6304/2066 6600/6305/2066 6598/6306/2066 6596/6307/2066 6594/6308/2066 6592/6309/2066 6590/6310/2066 6588/6311/2066 6586/6312/2066 6584/6313/2066 6582/6314/2066 6580/6315/2066 6578/6316/2066 6576/6317/2066 6574/6318/2066 6572/6319/2066 6570/6320/2066 6568/6321/2066 6566/6322/2066 6564/6323/2066 6562/6324/2066
f 6617/6292/2067 6618/6291/2067 6620/6325/2067 6619/6326/2067
f 6619/6326/2068 6620/6325/2068 6558/6327/2068 6557/6328/2068
f 6557/6329/2069 6559/6330/2069 6561/6331/2069 6563/6332/2069 6565/6333/2069 6567/6334/2069 6569/6335/2069 6571/6336/2069 6573/6337/2069 6575/6338/2069 6577/6339/2069 6579/6340/2069 6581/6341/2069 6583/6342/2069 6585/6343/2069 6587/6344/2069 6589/6345/2069 6591/6346/2069 6593/6347/2069 6595/6348/2069 6597/6349/2069 6599/6350/2069 6601/6351/2069 6603/6352/2069 6605/6353/2069 6607/6354/2069 6609/6355/2069 6611/6356/2069 6613/6357/2069 6615/6358/2069 6617/6359/2069 6619/6360/2069
o Plant_5_Leaves
v -0.520000 0.661800 -0.111000
v -0.520000 0.661800 -0.045000
v -0.504386 0.658694 -0.111000
v -0.504386 0.658694 -0.045000
v -0.491150 0.649850 -0.111000
v -0.491150 0.649850 -0.045000
v -0.482306 0.636613 -0.111000
v -0.482306 0.636613 -0.045000
v -0.479200 0.621000 -0.111000
v -0.479200 0.621000 -0.045000
v -0.482306 0.605386 -0.111000
v -0.482306 0.605386 -0.045000
v -0.491150 0.592150 -0.111000
v -0.491150 0.592150 -0.045000
v -0.504386 0.583306 -0.111000
v -0.504386 0.583306 -0.045000
v -0.520000 0.580200 -0.111000
v -0.520000 0.580200 -0.045000
v -0.535613 0.583306 -0.111000
v -0.535613 0.583306 -0.045000
v -0.548850 0.592150 -0.111000
v -0.548850 0.592150 -0.045000
v -0.557694 0.605386 -0.111000
v -0.557694 0.605386 -0.045000
v -0.560800 0.621000 -0.111000
v -0.560800 0.621000 -0.045000
v -0.557694 0.636613 -0.111000
v -0.557694 0.636613 -0.045000
v -0.548850 0.649850 -0.111000
v -0.548850 0.649850 -0.045000
v -0.535613 0.658694 -0.111000
v -0.535613 0.658694 -0.045000
vn 0.1951 0.9808 -0.0000
vn 0.5556 0.8315 -0.0000
vn 0.8315 0.5556 -0.0000
vn 0.9808 0.1951 -0.0000
vn 0.9808 -0.1951 -0.0000
vn 0.8315 -0.5556 -0.0000
vn 0.5556 -0.8315 -0.0000
vn 0.1951 -0.9808 -0.0000
vn -0.1951 -0.9808 -0.0000
vn -0.5556 -0.8315 -0.0000
vn -0.8315 -0.5556 -0.0000
vn -0.9808 -0.1951 -0.0000
vn -0.9808 0.1951 -0.0000
vn -0.8315 0.5556 -0.0000
vn -0.0000 -0.0000 1.0000
vn -0.5556 0.8315 -0.0000
vn -0.1951 0.9808 -0.0000
vn -0.0000 -0.0000 -1.0000
vt 1.000000 0.500000
vt 1.000000 1.000000
vt 0.937500 1.000000
vt 0.937500 0.500000
vt 0.875000 1.000000
vt 0.875000 0.500000
vt 0.812500 1.000000
vt 0.812500 0.500000
vt 0.750000 1.000000
vt 0.750000 0.500000
vt 0.687500 1.000000
vt 0.687500 0.500000
vt 0.625000 1.000000
vt 0.625000 0.500000
vt 0.562500 1.000000
vt 0.562500 0.500000
vt 0.500000 1.000000
vt 0.500000 0.500000
vt 0.437500 1.000000
vt 0.437500 0.500000
vt 0.375000 1.000000
vt 0.375000 0.500000
vt 0.312500 1.000000
vt 0.312500 0.500000
vt 0.250000 1.000000
vt 0.250000 0.500000
vt 0.187500 1.000000
vt 0.187500 0.500000
vt 0.125000 1.000000
vt 0.125000 0.500000
vt 0.341844 0.471731
vt 0.250000 0.490000
vt 0.158156 0.471731
vt 0.080294 0.419706
vt 0.028269 0.341844
vt 0.010000 0.250000
vt 0.028269 0.158156
vt 0.080294 0.080294
vt 0.158156 0.028269
vt 0.250000 0.010000
vt 0.341844 0.028269
vt 0.419706 0.080294
vt 0.471731 0.158156
vt 0.490000 0.250000
vt 0.471731 0.341844
vt 0.419706 0.419706
vt 0.062500 1.000000
vt 0.062500 0.500000
vt 0.000000 1.000000
vt 0.000000 0.500000
vt 0.750000 0.490000
vt 0.841844 0.471731
vt 0.919706 0.419706
vt 0.971731 0.341844
vt 0.990000 0.250000
vt 0.971731 0.158156
vt 0.919706 0.080294
vt 0.841844 0.028269
vt 0.750000 0.010000
vt 0.658156 0.028269
vt 0.580294 0.080294
vt 0.528269 0.158156
vt 0.510000 0.250000
vt 0.528269 0.341844
vt 0.580294 0.419706
vt 0.658156 0.471731
s 0
usemtl Plant_5_Leaves_mat.043
f 6621/6361/2070 6622/6362/2070 6624/6363/2070 6623/6364/2070
f 6623/6364/2071 6624/6363/2071 6626/6365/2071 6625/6366/2071
f 6625/6366/2072 6626/6365/2072 6628/6367/2072 6627/6368/2072
f 6627/6368/2073 6628/6367/2073 6630/6369/2073 6629/6370/2073
f 6629/6370/2074 6630/6369/2074 6632/6371/2074 6631/6372/2074
f 6631/6372/2075 6632/6371/2075 6634/6373/2075 6633/6374/2075
f 6633/6374/2076 6634/6373/2076 6636/6375/2076 6635/6376/2076
f 6635/6376/2077 6636/6375/2077 6638/6377/2077 6637/6378/2077
f 6637/6378/2078 6638/6377/2078 6640/6379/2078 6639/6380/2078
f 6639/6380/2079 6640/6379/2079 6642/6381/2079 6641/6382/2079
f 6641/6382/2080 6642/6381/2080 6644/6383/2080 6643/6384/2080
f 6643/6384/2081 6644/6383/2081 6646/6385/2081 6645/6386/2081
f 6645/6386/2082 6646/6385/2082 6648/6387/2082 6647/6388/2082
f 6647/6388/2083 6648/6387/2083 6650/6389/2083 6649/6390/2083
f 6624/6391/2084 6622/6392/2084 6652/6393/2084 6650/6394/2084 6648/6395/2084 6646/6396/2084 6644/6397/2084 6642/6398/2084 6640/6399/2084 6638/6400/2084 6636/6401/2084 6634/6402/2084 6632/6403/2084 6630/6404/2084 6628/6405/2084 6626/6406/2084
f 6649/6390/2085 6650/6389/2085 6652/6407/2085 6651/6408/2085
f 6651/6408/2086 6652/6407/2086 6622/6409/2086 6621/6410/2086
f 6621/6411/2087 6623/6412/2087 6625/6413/2087 6627/6414/2087 6629/6415/2087 6631/6416/2087 6633/6417/2087 6635/6418/2087 6637/6419/2087 6639/6420/2087 6641/6421/2087 6643/6422/2087 6645/6423/2087 6647/6424/2087 6649/6425/2087 6651/6426/2087
